.................                                                        [100%]
==================================== PASSES ====================================
__________________ test_full_workflow_upload_search_retrieve ___________________
---------------------------- Captured stdout setup -----------------------------
[live-runtime] embedding_base_url=https://llm2.cloud-dog.net
[live-runtime] chroma_url=https://chroma.cloud-dog.net
[live-runtime] qdrant_url=https://qdrant.cloud-dog.net
[live-runtime] opensearch_url=http://opensearch0.app.vpc0.cloud-dog.net:1201
[live-runtime] pgvector_database_uri=[configured]
[live-runtime] weaviate_url=https://weaviate.cloud-dog.net
[live-runtime] infinity_url=http://infinity0.app.vpc0.cloud-dog.net:8080
{"timestamp": "2026-07-08T16:59:27.310599Z", "level": "INFO", "logger": "httpx", "message": "HTTP Request: GET https://llm2.cloud-dog.net/api/tags \"HTTP/1.1 200 OK\"", "correlation_id": "8a12716271eb4029806d483edd34ec51", "service": "unknown", "service_instance": "unknown", "environment": "unknown"}
{"timestamp": "2026-07-08T16:59:27.340716Z", "level": "INFO", "logger": "httpx", "message": "HTTP Request: GET https://chroma.cloud-dog.net/api/v2/heartbeat \"HTTP/1.1 200 OK\"", "correlation_id": "8a12716271eb4029806d483edd34ec51", "service": "unknown", "service_instance": "unknown", "environment": "unknown"}
[live-runtime] provider=chroma health=True
{"timestamp": "2026-07-08T16:59:27.439789Z", "level": "INFO", "logger": "httpx", "message": "HTTP Request: POST https://llm2.cloud-dog.net/api/embeddings \"HTTP/1.1 200 OK\"", "correlation_id": "8a12716271eb4029806d483edd34ec51", "service": "unknown", "service_instance": "unknown", "environment": "unknown"}
{"timestamp": "2026-07-08T16:59:27.454180Z", "level": "INFO", "logger": "httpx", "message": "HTTP Request: POST https://chroma.cloud-dog.net/api/v2/tenants/default_tenant/databases/default_database/collections \"HTTP/1.1 200 OK\"", "correlation_id": "8a12716271eb4029806d483edd34ec51", "service": "unknown", "service_instance": "unknown", "environment": "unknown"}
{"timestamp": "2026-07-08T16:59:28.001683Z", "level": "INFO", "logger": "httpx", "message": "HTTP Request: GET https://chroma.cloud-dog.net/api/v2/tenants/default_tenant/databases/default_database/collections \"HTTP/1.1 200 OK\"", "correlation_id": "8a12716271eb4029806d483edd34ec51", "service": "unknown", "service_instance": "unknown", "environment": "unknown"}
{"timestamp": "2026-07-08T16:59:28.763148Z", "level": "INFO", "logger": "httpx", "message": "HTTP Request: POST https://chroma.cloud-dog.net/api/v2/tenants/default_tenant/databases/default_database/collections/3fdf6e57-7806-40d5-8d06-7cbdea205040/upsert \"HTTP/1.1 200 OK\"", "correlation_id": "8a12716271eb4029806d483edd34ec51", "service": "unknown", "service_instance": "unknown", "environment": "unknown"}
{"timestamp": "2026-07-08T16:59:28.816630Z", "level": "INFO", "logger": "httpx", "message": "HTTP Request: DELETE https://chroma.cloud-dog.net/api/v2/tenants/default_tenant/databases/default_database/collections/r1fa1b4cd_5774_preflight_chroma_9cd029 \"HTTP/1.1 200 OK\"", "correlation_id": "8a12716271eb4029806d483edd34ec51", "service": "unknown", "service_instance": "unknown", "environment": "unknown"}
[live-runtime] provider=chroma write_probe=True detail=ok
------------------------------ Captured log setup ------------------------------
INFO     httpx:_client.py:1740 HTTP Request: GET https://llm2.cloud-dog.net/api/tags "HTTP/1.1 200 OK"
INFO     httpx:_client.py:1740 HTTP Request: GET https://chroma.cloud-dog.net/api/v2/heartbeat "HTTP/1.1 200 OK"
INFO     httpx:_client.py:1740 HTTP Request: POST https://llm2.cloud-dog.net/api/embeddings "HTTP/1.1 200 OK"
INFO     httpx:_client.py:1740 HTTP Request: POST https://chroma.cloud-dog.net/api/v2/tenants/default_tenant/databases/default_database/collections "HTTP/1.1 200 OK"
INFO     httpx:_client.py:1740 HTTP Request: GET https://chroma.cloud-dog.net/api/v2/tenants/default_tenant/databases/default_database/collections "HTTP/1.1 200 OK"
INFO     httpx:_client.py:1740 HTTP Request: POST https://chroma.cloud-dog.net/api/v2/tenants/default_tenant/databases/default_database/collections/3fdf6e57-7806-40d5-8d06-7cbdea205040/upsert "HTTP/1.1 200 OK"
INFO     httpx:_client.py:1740 HTTP Request: DELETE https://chroma.cloud-dog.net/api/v2/tenants/default_tenant/databases/default_database/collections/r1fa1b4cd_5774_preflight_chroma_9cd029 "HTTP/1.1 200 OK"
----------------------------- Captured stdout call -----------------------------
{"timestamp": "2026-07-08T16:59:29.296000Z", "level": "INFO", "logger": "httpx", "message": "HTTP Request: POST https://llm2.cloud-dog.net/api/embeddings \"HTTP/1.1 200 OK\"", "correlation_id": "8a12716271eb4029806d483edd34ec51", "service": "unknown", "service_instance": "unknown", "environment": "unknown"}
{"timestamp": "2026-07-08T16:59:29.338690Z", "level": "INFO", "logger": "httpx", "message": "HTTP Request: POST https://chroma.cloud-dog.net/api/v2/tenants/default_tenant/databases/default_database/collections \"HTTP/1.1 200 OK\"", "correlation_id": "8a12716271eb4029806d483edd34ec51", "service": "unknown", "service_instance": "unknown", "environment": "unknown"}
{"timestamp": "2026-07-08T16:59:29.421033Z", "level": "INFO", "logger": "httpx", "message": "HTTP Request: POST https://llm2.cloud-dog.net/api/embeddings \"HTTP/1.1 200 OK\"", "correlation_id": "8a12716271eb4029806d483edd34ec51", "service": "unknown", "service_instance": "unknown", "environment": "unknown"}
{"timestamp": "2026-07-08T16:59:30.066417Z", "level": "INFO", "logger": "httpx", "message": "HTTP Request: GET https://chroma.cloud-dog.net/api/v2/tenants/default_tenant/databases/default_database/collections \"HTTP/1.1 200 OK\"", "correlation_id": "8a12716271eb4029806d483edd34ec51", "service": "unknown", "service_instance": "unknown", "environment": "unknown"}
{"timestamp": "2026-07-08T16:59:30.817283Z", "level": "INFO", "logger": "httpx", "message": "HTTP Request: POST https://chroma.cloud-dog.net/api/v2/tenants/default_tenant/databases/default_database/collections/802366aa-d3a8-43aa-8518-76547af5334b/upsert \"HTTP/1.1 200 OK\"", "correlation_id": "8a12716271eb4029806d483edd34ec51", "service": "unknown", "service_instance": "unknown", "environment": "unknown"}
{"timestamp": "2026-07-08T16:59:31.416375Z", "level": "INFO", "logger": "httpx", "message": "HTTP Request: GET https://chroma.cloud-dog.net/api/v2/tenants/default_tenant/databases/default_database/collections \"HTTP/1.1 200 OK\"", "correlation_id": "8a12716271eb4029806d483edd34ec51", "service": "unknown", "service_instance": "unknown", "environment": "unknown"}
{"timestamp": "2026-07-08T16:59:32.159321Z", "level": "INFO", "logger": "httpx", "message": "HTTP Request: POST https://chroma.cloud-dog.net/api/v2/tenants/default_tenant/databases/default_database/collections/802366aa-d3a8-43aa-8518-76547af5334b/query \"HTTP/1.1 200 OK\"", "correlation_id": "8a12716271eb4029806d483edd34ec51", "service": "unknown", "service_instance": "unknown", "environment": "unknown"}
{"timestamp": "2026-07-08T16:59:32.842640Z", "level": "INFO", "logger": "httpx", "message": "HTTP Request: GET https://chroma.cloud-dog.net/api/v2/tenants/default_tenant/databases/default_database/collections \"HTTP/1.1 200 OK\"", "correlation_id": "8a12716271eb4029806d483edd34ec51", "service": "unknown", "service_instance": "unknown", "environment": "unknown"}
{"timestamp": "2026-07-08T16:59:33.597977Z", "level": "INFO", "logger": "httpx", "message": "HTTP Request: POST https://chroma.cloud-dog.net/api/v2/tenants/default_tenant/databases/default_database/collections/802366aa-d3a8-43aa-8518-76547af5334b/upsert \"HTTP/1.1 200 OK\"", "correlation_id": "8a12716271eb4029806d483edd34ec51", "service": "unknown", "service_instance": "unknown", "environment": "unknown"}
------------------------------ Captured log call -------------------------------
INFO     httpx:_client.py:1740 HTTP Request: POST https://llm2.cloud-dog.net/api/embeddings "HTTP/1.1 200 OK"
INFO     httpx:_client.py:1740 HTTP Request: POST https://chroma.cloud-dog.net/api/v2/tenants/default_tenant/databases/default_database/collections "HTTP/1.1 200 OK"
INFO     httpx:_client.py:1740 HTTP Request: POST https://llm2.cloud-dog.net/api/embeddings "HTTP/1.1 200 OK"
INFO     httpx:_client.py:1740 HTTP Request: GET https://chroma.cloud-dog.net/api/v2/tenants/default_tenant/databases/default_database/collections "HTTP/1.1 200 OK"
INFO     httpx:_client.py:1740 HTTP Request: POST https://chroma.cloud-dog.net/api/v2/tenants/default_tenant/databases/default_database/collections/802366aa-d3a8-43aa-8518-76547af5334b/upsert "HTTP/1.1 200 OK"
INFO     httpx:_client.py:1740 HTTP Request: GET https://chroma.cloud-dog.net/api/v2/tenants/default_tenant/databases/default_database/collections "HTTP/1.1 200 OK"
INFO     httpx:_client.py:1740 HTTP Request: POST https://chroma.cloud-dog.net/api/v2/tenants/default_tenant/databases/default_database/collections/802366aa-d3a8-43aa-8518-76547af5334b/query "HTTP/1.1 200 OK"
INFO     httpx:_client.py:1740 HTTP Request: GET https://chroma.cloud-dog.net/api/v2/tenants/default_tenant/databases/default_database/collections "HTTP/1.1 200 OK"
INFO     httpx:_client.py:1740 HTTP Request: POST https://chroma.cloud-dog.net/api/v2/tenants/default_tenant/databases/default_database/collections/802366aa-d3a8-43aa-8518-76547af5334b/upsert "HTTP/1.1 200 OK"
--------------------------- Captured stdout teardown ---------------------------
{"timestamp": "2026-07-08T16:59:33.663631Z", "level": "INFO", "logger": "httpx", "message": "HTTP Request: DELETE https://chroma.cloud-dog.net/api/v2/tenants/default_tenant/databases/default_database/collections/r1fa1b4cd_368b_default_at_upload \"HTTP/1.1 200 OK\"", "correlation_id": "8a12716271eb4029806d483edd34ec51", "service": "unknown", "service_instance": "unknown", "environment": "unknown"}
{"timestamp": "2026-07-08T16:59:33.674418Z", "level": "INFO", "logger": "httpx", "message": "HTTP Request: DELETE https://chroma.cloud-dog.net/api/v2/tenants/default_tenant/databases/default_database/collections/r1fa1b4cd_368b_default_at_upload \"HTTP/1.1 404 Not Found\"", "correlation_id": "8a12716271eb4029806d483edd34ec51", "service": "unknown", "service_instance": "unknown", "environment": "unknown"}
---------------------------- Captured log teardown -----------------------------
INFO     httpx:_client.py:1740 HTTP Request: DELETE https://chroma.cloud-dog.net/api/v2/tenants/default_tenant/databases/default_database/collections/r1fa1b4cd_368b_default_at_upload "HTTP/1.1 200 OK"
INFO     httpx:_client.py:1740 HTTP Request: DELETE https://chroma.cloud-dog.net/api/v2/tenants/default_tenant/databases/default_database/collections/r1fa1b4cd_368b_default_at_upload "HTTP/1.1 404 Not Found"
_____________________ test_full_workflow_deduplicate_skip ______________________
----------------------------- Captured stdout call -----------------------------
{"timestamp": "2026-07-08T16:59:34.244937Z", "level": "INFO", "logger": "httpx", "message": "HTTP Request: POST https://llm2.cloud-dog.net/api/embeddings \"HTTP/1.1 200 OK\"", "correlation_id": "8a12716271eb4029806d483edd34ec51", "service": "unknown", "service_instance": "unknown", "environment": "unknown"}
{"timestamp": "2026-07-08T16:59:34.281454Z", "level": "INFO", "logger": "httpx", "message": "HTTP Request: POST https://chroma.cloud-dog.net/api/v2/tenants/default_tenant/databases/default_database/collections \"HTTP/1.1 200 OK\"", "correlation_id": "8a12716271eb4029806d483edd34ec51", "service": "unknown", "service_instance": "unknown", "environment": "unknown"}
{"timestamp": "2026-07-08T16:59:34.361492Z", "level": "INFO", "logger": "httpx", "message": "HTTP Request: POST https://llm2.cloud-dog.net/api/embeddings \"HTTP/1.1 200 OK\"", "correlation_id": "8a12716271eb4029806d483edd34ec51", "service": "unknown", "service_instance": "unknown", "environment": "unknown"}
{"timestamp": "2026-07-08T16:59:35.006601Z", "level": "INFO", "logger": "httpx", "message": "HTTP Request: GET https://chroma.cloud-dog.net/api/v2/tenants/default_tenant/databases/default_database/collections \"HTTP/1.1 200 OK\"", "correlation_id": "8a12716271eb4029806d483edd34ec51", "service": "unknown", "service_instance": "unknown", "environment": "unknown"}
{"timestamp": "2026-07-08T16:59:35.786381Z", "level": "INFO", "logger": "httpx", "message": "HTTP Request: POST https://chroma.cloud-dog.net/api/v2/tenants/default_tenant/databases/default_database/collections/2851adcf-593c-48b3-bd1d-f1af30887131/upsert \"HTTP/1.1 200 OK\"", "correlation_id": "8a12716271eb4029806d483edd34ec51", "service": "unknown", "service_instance": "unknown", "environment": "unknown"}
{"timestamp": "2026-07-08T16:59:36.340238Z", "level": "INFO", "logger": "httpx", "message": "HTTP Request: GET https://chroma.cloud-dog.net/api/v2/tenants/default_tenant/databases/default_database/collections \"HTTP/1.1 200 OK\"", "correlation_id": "8a12716271eb4029806d483edd34ec51", "service": "unknown", "service_instance": "unknown", "environment": "unknown"}
{"timestamp": "2026-07-08T16:59:36.970731Z", "level": "INFO", "logger": "httpx", "message": "HTTP Request: POST https://chroma.cloud-dog.net/api/v2/tenants/default_tenant/databases/default_database/collections/2851adcf-593c-48b3-bd1d-f1af30887131/query \"HTTP/1.1 200 OK\"", "correlation_id": "8a12716271eb4029806d483edd34ec51", "service": "unknown", "service_instance": "unknown", "environment": "unknown"}
------------------------------ Captured log call -------------------------------
INFO     httpx:_client.py:1740 HTTP Request: POST https://llm2.cloud-dog.net/api/embeddings "HTTP/1.1 200 OK"
INFO     httpx:_client.py:1740 HTTP Request: POST https://chroma.cloud-dog.net/api/v2/tenants/default_tenant/databases/default_database/collections "HTTP/1.1 200 OK"
INFO     httpx:_client.py:1740 HTTP Request: POST https://llm2.cloud-dog.net/api/embeddings "HTTP/1.1 200 OK"
INFO     httpx:_client.py:1740 HTTP Request: GET https://chroma.cloud-dog.net/api/v2/tenants/default_tenant/databases/default_database/collections "HTTP/1.1 200 OK"
INFO     httpx:_client.py:1740 HTTP Request: POST https://chroma.cloud-dog.net/api/v2/tenants/default_tenant/databases/default_database/collections/2851adcf-593c-48b3-bd1d-f1af30887131/upsert "HTTP/1.1 200 OK"
INFO     httpx:_client.py:1740 HTTP Request: GET https://chroma.cloud-dog.net/api/v2/tenants/default_tenant/databases/default_database/collections "HTTP/1.1 200 OK"
INFO     httpx:_client.py:1740 HTTP Request: POST https://chroma.cloud-dog.net/api/v2/tenants/default_tenant/databases/default_database/collections/2851adcf-593c-48b3-bd1d-f1af30887131/query "HTTP/1.1 200 OK"
--------------------------- Captured stdout teardown ---------------------------
{"timestamp": "2026-07-08T16:59:37.044945Z", "level": "INFO", "logger": "httpx", "message": "HTTP Request: DELETE https://chroma.cloud-dog.net/api/v2/tenants/default_tenant/databases/default_database/collections/r1fa1b4cd_3a8a_default_at_dedupe \"HTTP/1.1 200 OK\"", "correlation_id": "8a12716271eb4029806d483edd34ec51", "service": "unknown", "service_instance": "unknown", "environment": "unknown"}
{"timestamp": "2026-07-08T16:59:37.051095Z", "level": "INFO", "logger": "httpx", "message": "HTTP Request: DELETE https://chroma.cloud-dog.net/api/v2/tenants/default_tenant/databases/default_database/collections/r1fa1b4cd_3a8a_default_at_dedupe \"HTTP/1.1 404 Not Found\"", "correlation_id": "8a12716271eb4029806d483edd34ec51", "service": "unknown", "service_instance": "unknown", "environment": "unknown"}
---------------------------- Captured log teardown -----------------------------
INFO     httpx:_client.py:1740 HTTP Request: DELETE https://chroma.cloud-dog.net/api/v2/tenants/default_tenant/databases/default_database/collections/r1fa1b4cd_3a8a_default_at_dedupe "HTTP/1.1 200 OK"
INFO     httpx:_client.py:1740 HTTP Request: DELETE https://chroma.cloud-dog.net/api/v2/tenants/default_tenant/databases/default_database/collections/r1fa1b4cd_3a8a_default_at_dedupe "HTTP/1.1 404 Not Found"
____________ test_full_workflow_reindex_replace_on_change_or_stale _____________
----------------------------- Captured stdout call -----------------------------
{"timestamp": "2026-07-08T16:59:37.532076Z", "level": "INFO", "logger": "httpx", "message": "HTTP Request: POST https://llm2.cloud-dog.net/api/embeddings \"HTTP/1.1 200 OK\"", "correlation_id": "8a12716271eb4029806d483edd34ec51", "service": "unknown", "service_instance": "unknown", "environment": "unknown"}
{"timestamp": "2026-07-08T16:59:37.564228Z", "level": "INFO", "logger": "httpx", "message": "HTTP Request: POST https://chroma.cloud-dog.net/api/v2/tenants/default_tenant/databases/default_database/collections \"HTTP/1.1 200 OK\"", "correlation_id": "8a12716271eb4029806d483edd34ec51", "service": "unknown", "service_instance": "unknown", "environment": "unknown"}
{"timestamp": "2026-07-08T16:59:37.642157Z", "level": "INFO", "logger": "httpx", "message": "HTTP Request: POST https://llm2.cloud-dog.net/api/embeddings \"HTTP/1.1 200 OK\"", "correlation_id": "8a12716271eb4029806d483edd34ec51", "service": "unknown", "service_instance": "unknown", "environment": "unknown"}
{"timestamp": "2026-07-08T16:59:38.239356Z", "level": "INFO", "logger": "httpx", "message": "HTTP Request: GET https://chroma.cloud-dog.net/api/v2/tenants/default_tenant/databases/default_database/collections \"HTTP/1.1 200 OK\"", "correlation_id": "8a12716271eb4029806d483edd34ec51", "service": "unknown", "service_instance": "unknown", "environment": "unknown"}
{"timestamp": "2026-07-08T16:59:38.928226Z", "level": "INFO", "logger": "httpx", "message": "HTTP Request: POST https://chroma.cloud-dog.net/api/v2/tenants/default_tenant/databases/default_database/collections/a72a318c-ce85-4146-97cc-0851068eedac/upsert \"HTTP/1.1 200 OK\"", "correlation_id": "8a12716271eb4029806d483edd34ec51", "service": "unknown", "service_instance": "unknown", "environment": "unknown"}
{"timestamp": "2026-07-08T16:59:39.491326Z", "level": "INFO", "logger": "httpx", "message": "HTTP Request: GET https://chroma.cloud-dog.net/api/v2/tenants/default_tenant/databases/default_database/collections \"HTTP/1.1 200 OK\"", "correlation_id": "8a12716271eb4029806d483edd34ec51", "service": "unknown", "service_instance": "unknown", "environment": "unknown"}
{"timestamp": "2026-07-08T16:59:40.138317Z", "level": "INFO", "logger": "httpx", "message": "HTTP Request: POST https://chroma.cloud-dog.net/api/v2/tenants/default_tenant/databases/default_database/collections/a72a318c-ce85-4146-97cc-0851068eedac/upsert \"HTTP/1.1 200 OK\"", "correlation_id": "8a12716271eb4029806d483edd34ec51", "service": "unknown", "service_instance": "unknown", "environment": "unknown"}
{"timestamp": "2026-07-08T16:59:40.222526Z", "level": "INFO", "logger": "httpx", "message": "HTTP Request: POST https://llm2.cloud-dog.net/api/embeddings \"HTTP/1.1 200 OK\"", "correlation_id": "8a12716271eb4029806d483edd34ec51", "service": "unknown", "service_instance": "unknown", "environment": "unknown"}
{"timestamp": "2026-07-08T16:59:40.794029Z", "level": "INFO", "logger": "httpx", "message": "HTTP Request: GET https://chroma.cloud-dog.net/api/v2/tenants/default_tenant/databases/default_database/collections \"HTTP/1.1 200 OK\"", "correlation_id": "8a12716271eb4029806d483edd34ec51", "service": "unknown", "service_instance": "unknown", "environment": "unknown"}
{"timestamp": "2026-07-08T16:59:41.468711Z", "level": "INFO", "logger": "httpx", "message": "HTTP Request: POST https://chroma.cloud-dog.net/api/v2/tenants/default_tenant/databases/default_database/collections/a72a318c-ce85-4146-97cc-0851068eedac/upsert \"HTTP/1.1 200 OK\"", "correlation_id": "8a12716271eb4029806d483edd34ec51", "service": "unknown", "service_instance": "unknown", "environment": "unknown"}
{"timestamp": "2026-07-08T16:59:41.547673Z", "level": "INFO", "logger": "httpx", "message": "HTTP Request: POST https://llm2.cloud-dog.net/api/embeddings \"HTTP/1.1 200 OK\"", "correlation_id": "8a12716271eb4029806d483edd34ec51", "service": "unknown", "service_instance": "unknown", "environment": "unknown"}
{"timestamp": "2026-07-08T16:59:42.101879Z", "level": "INFO", "logger": "httpx", "message": "HTTP Request: GET https://chroma.cloud-dog.net/api/v2/tenants/default_tenant/databases/default_database/collections \"HTTP/1.1 200 OK\"", "correlation_id": "8a12716271eb4029806d483edd34ec51", "service": "unknown", "service_instance": "unknown", "environment": "unknown"}
{"timestamp": "2026-07-08T16:59:42.737727Z", "level": "INFO", "logger": "httpx", "message": "HTTP Request: POST https://chroma.cloud-dog.net/api/v2/tenants/default_tenant/databases/default_database/collections/a72a318c-ce85-4146-97cc-0851068eedac/upsert \"HTTP/1.1 200 OK\"", "correlation_id": "8a12716271eb4029806d483edd34ec51", "service": "unknown", "service_instance": "unknown", "environment": "unknown"}
{"timestamp": "2026-07-08T16:59:42.753420Z", "level": "INFO", "logger": "httpx", "message": "HTTP Request: POST https://chroma.cloud-dog.net/api/v2/tenants/default_tenant/databases/default_database/collections \"HTTP/1.1 200 OK\"", "correlation_id": "8a12716271eb4029806d483edd34ec51", "service": "unknown", "service_instance": "unknown", "environment": "unknown"}
{"timestamp": "2026-07-08T16:59:42.829231Z", "level": "INFO", "logger": "httpx", "message": "HTTP Request: POST https://llm2.cloud-dog.net/api/embeddings \"HTTP/1.1 200 OK\"", "correlation_id": "8a12716271eb4029806d483edd34ec51", "service": "unknown", "service_instance": "unknown", "environment": "unknown"}
{"timestamp": "2026-07-08T16:59:43.432549Z", "level": "INFO", "logger": "httpx", "message": "HTTP Request: GET https://chroma.cloud-dog.net/api/v2/tenants/default_tenant/databases/default_database/collections \"HTTP/1.1 200 OK\"", "correlation_id": "8a12716271eb4029806d483edd34ec51", "service": "unknown", "service_instance": "unknown", "environment": "unknown"}
{"timestamp": "2026-07-08T16:59:44.104334Z", "level": "INFO", "logger": "httpx", "message": "HTTP Request: POST https://chroma.cloud-dog.net/api/v2/tenants/default_tenant/databases/default_database/collections/4d168eb7-fe36-4c78-8bb0-c25d77703f2d/upsert \"HTTP/1.1 200 OK\"", "correlation_id": "8a12716271eb4029806d483edd34ec51", "service": "unknown", "service_instance": "unknown", "environment": "unknown"}
{"timestamp": "2026-07-08T16:59:44.675517Z", "level": "INFO", "logger": "httpx", "message": "HTTP Request: GET https://chroma.cloud-dog.net/api/v2/tenants/default_tenant/databases/default_database/collections \"HTTP/1.1 200 OK\"", "correlation_id": "8a12716271eb4029806d483edd34ec51", "service": "unknown", "service_instance": "unknown", "environment": "unknown"}
{"timestamp": "2026-07-08T16:59:45.350886Z", "level": "INFO", "logger": "httpx", "message": "HTTP Request: POST https://chroma.cloud-dog.net/api/v2/tenants/default_tenant/databases/default_database/collections/4d168eb7-fe36-4c78-8bb0-c25d77703f2d/upsert \"HTTP/1.1 200 OK\"", "correlation_id": "8a12716271eb4029806d483edd34ec51", "service": "unknown", "service_instance": "unknown", "environment": "unknown"}
{"timestamp": "2026-07-08T16:59:45.431475Z", "level": "INFO", "logger": "httpx", "message": "HTTP Request: POST https://llm2.cloud-dog.net/api/embeddings \"HTTP/1.1 200 OK\"", "correlation_id": "8a12716271eb4029806d483edd34ec51", "service": "unknown", "service_instance": "unknown", "environment": "unknown"}
{"timestamp": "2026-07-08T16:59:46.026120Z", "level": "INFO", "logger": "httpx", "message": "HTTP Request: GET https://chroma.cloud-dog.net/api/v2/tenants/default_tenant/databases/default_database/collections \"HTTP/1.1 200 OK\"", "correlation_id": "8a12716271eb4029806d483edd34ec51", "service": "unknown", "service_instance": "unknown", "environment": "unknown"}
{"timestamp": "2026-07-08T16:59:46.706010Z", "level": "INFO", "logger": "httpx", "message": "HTTP Request: POST https://chroma.cloud-dog.net/api/v2/tenants/default_tenant/databases/default_database/collections/4d168eb7-fe36-4c78-8bb0-c25d77703f2d/upsert \"HTTP/1.1 200 OK\"", "correlation_id": "8a12716271eb4029806d483edd34ec51", "service": "unknown", "service_instance": "unknown", "environment": "unknown"}
------------------------------ Captured log call -------------------------------
INFO     httpx:_client.py:1740 HTTP Request: POST https://llm2.cloud-dog.net/api/embeddings "HTTP/1.1 200 OK"
INFO     httpx:_client.py:1740 HTTP Request: POST https://chroma.cloud-dog.net/api/v2/tenants/default_tenant/databases/default_database/collections "HTTP/1.1 200 OK"
INFO     httpx:_client.py:1740 HTTP Request: POST https://llm2.cloud-dog.net/api/embeddings "HTTP/1.1 200 OK"
INFO     httpx:_client.py:1740 HTTP Request: GET https://chroma.cloud-dog.net/api/v2/tenants/default_tenant/databases/default_database/collections "HTTP/1.1 200 OK"
INFO     httpx:_client.py:1740 HTTP Request: POST https://chroma.cloud-dog.net/api/v2/tenants/default_tenant/databases/default_database/collections/a72a318c-ce85-4146-97cc-0851068eedac/upsert "HTTP/1.1 200 OK"
INFO     httpx:_client.py:1740 HTTP Request: GET https://chroma.cloud-dog.net/api/v2/tenants/default_tenant/databases/default_database/collections "HTTP/1.1 200 OK"
INFO     httpx:_client.py:1740 HTTP Request: POST https://chroma.cloud-dog.net/api/v2/tenants/default_tenant/databases/default_database/collections/a72a318c-ce85-4146-97cc-0851068eedac/upsert "HTTP/1.1 200 OK"
INFO     httpx:_client.py:1740 HTTP Request: POST https://llm2.cloud-dog.net/api/embeddings "HTTP/1.1 200 OK"
INFO     httpx:_client.py:1740 HTTP Request: GET https://chroma.cloud-dog.net/api/v2/tenants/default_tenant/databases/default_database/collections "HTTP/1.1 200 OK"
INFO     httpx:_client.py:1740 HTTP Request: POST https://chroma.cloud-dog.net/api/v2/tenants/default_tenant/databases/default_database/collections/a72a318c-ce85-4146-97cc-0851068eedac/upsert "HTTP/1.1 200 OK"
INFO     httpx:_client.py:1740 HTTP Request: POST https://llm2.cloud-dog.net/api/embeddings "HTTP/1.1 200 OK"
INFO     httpx:_client.py:1740 HTTP Request: GET https://chroma.cloud-dog.net/api/v2/tenants/default_tenant/databases/default_database/collections "HTTP/1.1 200 OK"
INFO     httpx:_client.py:1740 HTTP Request: POST https://chroma.cloud-dog.net/api/v2/tenants/default_tenant/databases/default_database/collections/a72a318c-ce85-4146-97cc-0851068eedac/upsert "HTTP/1.1 200 OK"
INFO     httpx:_client.py:1740 HTTP Request: POST https://chroma.cloud-dog.net/api/v2/tenants/default_tenant/databases/default_database/collections "HTTP/1.1 200 OK"
INFO     httpx:_client.py:1740 HTTP Request: POST https://llm2.cloud-dog.net/api/embeddings "HTTP/1.1 200 OK"
INFO     httpx:_client.py:1740 HTTP Request: GET https://chroma.cloud-dog.net/api/v2/tenants/default_tenant/databases/default_database/collections "HTTP/1.1 200 OK"
INFO     httpx:_client.py:1740 HTTP Request: POST https://chroma.cloud-dog.net/api/v2/tenants/default_tenant/databases/default_database/collections/4d168eb7-fe36-4c78-8bb0-c25d77703f2d/upsert "HTTP/1.1 200 OK"
INFO     httpx:_client.py:1740 HTTP Request: GET https://chroma.cloud-dog.net/api/v2/tenants/default_tenant/databases/default_database/collections "HTTP/1.1 200 OK"
INFO     httpx:_client.py:1740 HTTP Request: POST https://chroma.cloud-dog.net/api/v2/tenants/default_tenant/databases/default_database/collections/4d168eb7-fe36-4c78-8bb0-c25d77703f2d/upsert "HTTP/1.1 200 OK"
INFO     httpx:_client.py:1740 HTTP Request: POST https://llm2.cloud-dog.net/api/embeddings "HTTP/1.1 200 OK"
INFO     httpx:_client.py:1740 HTTP Request: GET https://chroma.cloud-dog.net/api/v2/tenants/default_tenant/databases/default_database/collections "HTTP/1.1 200 OK"
INFO     httpx:_client.py:1740 HTTP Request: POST https://chroma.cloud-dog.net/api/v2/tenants/default_tenant/databases/default_database/collections/4d168eb7-fe36-4c78-8bb0-c25d77703f2d/upsert "HTTP/1.1 200 OK"
--------------------------- Captured stdout teardown ---------------------------
{"timestamp": "2026-07-08T16:59:46.790742Z", "level": "INFO", "logger": "httpx", "message": "HTTP Request: DELETE https://chroma.cloud-dog.net/api/v2/tenants/default_tenant/databases/default_database/collections/r1fa1b4cd_cf9f_default_at_replace \"HTTP/1.1 200 OK\"", "correlation_id": "8a12716271eb4029806d483edd34ec51", "service": "unknown", "service_instance": "unknown", "environment": "unknown"}
{"timestamp": "2026-07-08T16:59:46.861203Z", "level": "INFO", "logger": "httpx", "message": "HTTP Request: DELETE https://chroma.cloud-dog.net/api/v2/tenants/default_tenant/databases/default_database/collections/r1fa1b4cd_cf9f_default_at_stale_reindex \"HTTP/1.1 200 OK\"", "correlation_id": "8a12716271eb4029806d483edd34ec51", "service": "unknown", "service_instance": "unknown", "environment": "unknown"}
{"timestamp": "2026-07-08T16:59:46.866067Z", "level": "INFO", "logger": "httpx", "message": "HTTP Request: DELETE https://chroma.cloud-dog.net/api/v2/tenants/default_tenant/databases/default_database/collections/r1fa1b4cd_cf9f_default_at_replace \"HTTP/1.1 404 Not Found\"", "correlation_id": "8a12716271eb4029806d483edd34ec51", "service": "unknown", "service_instance": "unknown", "environment": "unknown"}
{"timestamp": "2026-07-08T16:59:46.869868Z", "level": "INFO", "logger": "httpx", "message": "HTTP Request: DELETE https://chroma.cloud-dog.net/api/v2/tenants/default_tenant/databases/default_database/collections/r1fa1b4cd_cf9f_default_at_stale_reindex \"HTTP/1.1 404 Not Found\"", "correlation_id": "8a12716271eb4029806d483edd34ec51", "service": "unknown", "service_instance": "unknown", "environment": "unknown"}
---------------------------- Captured log teardown -----------------------------
INFO     httpx:_client.py:1740 HTTP Request: DELETE https://chroma.cloud-dog.net/api/v2/tenants/default_tenant/databases/default_database/collections/r1fa1b4cd_cf9f_default_at_replace "HTTP/1.1 200 OK"
INFO     httpx:_client.py:1740 HTTP Request: DELETE https://chroma.cloud-dog.net/api/v2/tenants/default_tenant/databases/default_database/collections/r1fa1b4cd_cf9f_default_at_stale_reindex "HTTP/1.1 200 OK"
INFO     httpx:_client.py:1740 HTTP Request: DELETE https://chroma.cloud-dog.net/api/v2/tenants/default_tenant/databases/default_database/collections/r1fa1b4cd_cf9f_default_at_replace "HTTP/1.1 404 Not Found"
INFO     httpx:_client.py:1740 HTTP Request: DELETE https://chroma.cloud-dog.net/api/v2/tenants/default_tenant/databases/default_database/collections/r1fa1b4cd_cf9f_default_at_stale_reindex "HTTP/1.1 404 Not Found"
_______________ test_full_workflow_profile_collection_lifecycle ________________
----------------------------- Captured stdout call -----------------------------
{"timestamp": "2026-07-08T16:59:47.366745Z", "level": "INFO", "logger": "httpx", "message": "HTTP Request: POST https://llm2.cloud-dog.net/api/embeddings \"HTTP/1.1 200 OK\"", "correlation_id": "8a12716271eb4029806d483edd34ec51", "service": "unknown", "service_instance": "unknown", "environment": "unknown"}
{"timestamp": "2026-07-08T16:59:47.402719Z", "level": "INFO", "logger": "httpx", "message": "HTTP Request: POST https://chroma.cloud-dog.net/api/v2/tenants/default_tenant/databases/default_database/collections \"HTTP/1.1 200 OK\"", "correlation_id": "8a12716271eb4029806d483edd34ec51", "service": "unknown", "service_instance": "unknown", "environment": "unknown"}
{"timestamp": "2026-07-08T16:59:47.483329Z", "level": "INFO", "logger": "httpx", "message": "HTTP Request: POST https://llm2.cloud-dog.net/api/embeddings \"HTTP/1.1 200 OK\"", "correlation_id": "8a12716271eb4029806d483edd34ec51", "service": "unknown", "service_instance": "unknown", "environment": "unknown"}
{"timestamp": "2026-07-08T16:59:48.089754Z", "level": "INFO", "logger": "httpx", "message": "HTTP Request: GET https://chroma.cloud-dog.net/api/v2/tenants/default_tenant/databases/default_database/collections \"HTTP/1.1 200 OK\"", "correlation_id": "8a12716271eb4029806d483edd34ec51", "service": "unknown", "service_instance": "unknown", "environment": "unknown"}
{"timestamp": "2026-07-08T16:59:48.767773Z", "level": "INFO", "logger": "httpx", "message": "HTTP Request: POST https://chroma.cloud-dog.net/api/v2/tenants/default_tenant/databases/default_database/collections/0e186262-9f5a-4032-8f10-8d62571b896f/upsert \"HTTP/1.1 200 OK\"", "correlation_id": "8a12716271eb4029806d483edd34ec51", "service": "unknown", "service_instance": "unknown", "environment": "unknown"}
{"timestamp": "2026-07-08T16:59:49.336495Z", "level": "INFO", "logger": "httpx", "message": "HTTP Request: GET https://chroma.cloud-dog.net/api/v2/tenants/default_tenant/databases/default_database/collections \"HTTP/1.1 200 OK\"", "correlation_id": "8a12716271eb4029806d483edd34ec51", "service": "unknown", "service_instance": "unknown", "environment": "unknown"}
{"timestamp": "2026-07-08T16:59:49.987004Z", "level": "INFO", "logger": "httpx", "message": "HTTP Request: POST https://chroma.cloud-dog.net/api/v2/tenants/default_tenant/databases/default_database/collections/0e186262-9f5a-4032-8f10-8d62571b896f/query \"HTTP/1.1 200 OK\"", "correlation_id": "8a12716271eb4029806d483edd34ec51", "service": "unknown", "service_instance": "unknown", "environment": "unknown"}
------------------------------ Captured log call -------------------------------
INFO     httpx:_client.py:1740 HTTP Request: POST https://llm2.cloud-dog.net/api/embeddings "HTTP/1.1 200 OK"
INFO     httpx:_client.py:1740 HTTP Request: POST https://chroma.cloud-dog.net/api/v2/tenants/default_tenant/databases/default_database/collections "HTTP/1.1 200 OK"
INFO     httpx:_client.py:1740 HTTP Request: POST https://llm2.cloud-dog.net/api/embeddings "HTTP/1.1 200 OK"
INFO     httpx:_client.py:1740 HTTP Request: GET https://chroma.cloud-dog.net/api/v2/tenants/default_tenant/databases/default_database/collections "HTTP/1.1 200 OK"
INFO     httpx:_client.py:1740 HTTP Request: POST https://chroma.cloud-dog.net/api/v2/tenants/default_tenant/databases/default_database/collections/0e186262-9f5a-4032-8f10-8d62571b896f/upsert "HTTP/1.1 200 OK"
INFO     httpx:_client.py:1740 HTTP Request: GET https://chroma.cloud-dog.net/api/v2/tenants/default_tenant/databases/default_database/collections "HTTP/1.1 200 OK"
INFO     httpx:_client.py:1740 HTTP Request: POST https://chroma.cloud-dog.net/api/v2/tenants/default_tenant/databases/default_database/collections/0e186262-9f5a-4032-8f10-8d62571b896f/query "HTTP/1.1 200 OK"
--------------------------- Captured stdout teardown ---------------------------
{"timestamp": "2026-07-08T16:59:50.055791Z", "level": "INFO", "logger": "httpx", "message": "HTTP Request: DELETE https://chroma.cloud-dog.net/api/v2/tenants/default_tenant/databases/default_database/collections/r1fa1b4cd_530f_at_profile_ledger \"HTTP/1.1 200 OK\"", "correlation_id": "8a12716271eb4029806d483edd34ec51", "service": "unknown", "service_instance": "unknown", "environment": "unknown"}
{"timestamp": "2026-07-08T16:59:50.060637Z", "level": "INFO", "logger": "httpx", "message": "HTTP Request: DELETE https://chroma.cloud-dog.net/api/v2/tenants/default_tenant/databases/default_database/collections/r1fa1b4cd_530f_at_profile_ledger \"HTTP/1.1 404 Not Found\"", "correlation_id": "8a12716271eb4029806d483edd34ec51", "service": "unknown", "service_instance": "unknown", "environment": "unknown"}
---------------------------- Captured log teardown -----------------------------
INFO     httpx:_client.py:1740 HTTP Request: DELETE https://chroma.cloud-dog.net/api/v2/tenants/default_tenant/databases/default_database/collections/r1fa1b4cd_530f_at_profile_ledger "HTTP/1.1 200 OK"
INFO     httpx:_client.py:1740 HTTP Request: DELETE https://chroma.cloud-dog.net/api/v2/tenants/default_tenant/databases/default_database/collections/r1fa1b4cd_530f_at_profile_ledger "HTTP/1.1 404 Not Found"
___________________ test_full_workflow_retention_enforcement ___________________
----------------------------- Captured stdout call -----------------------------
{"timestamp": "2026-07-08T16:59:50.553755Z", "level": "INFO", "logger": "httpx", "message": "HTTP Request: POST https://llm2.cloud-dog.net/api/embeddings \"HTTP/1.1 200 OK\"", "correlation_id": "8a12716271eb4029806d483edd34ec51", "service": "unknown", "service_instance": "unknown", "environment": "unknown"}
{"timestamp": "2026-07-08T16:59:50.587174Z", "level": "INFO", "logger": "httpx", "message": "HTTP Request: POST https://chroma.cloud-dog.net/api/v2/tenants/default_tenant/databases/default_database/collections \"HTTP/1.1 200 OK\"", "correlation_id": "8a12716271eb4029806d483edd34ec51", "service": "unknown", "service_instance": "unknown", "environment": "unknown"}
{"timestamp": "2026-07-08T16:59:50.667504Z", "level": "INFO", "logger": "httpx", "message": "HTTP Request: POST https://llm2.cloud-dog.net/api/embeddings \"HTTP/1.1 200 OK\"", "correlation_id": "8a12716271eb4029806d483edd34ec51", "service": "unknown", "service_instance": "unknown", "environment": "unknown"}
{"timestamp": "2026-07-08T16:59:51.235858Z", "level": "INFO", "logger": "httpx", "message": "HTTP Request: GET https://chroma.cloud-dog.net/api/v2/tenants/default_tenant/databases/default_database/collections \"HTTP/1.1 200 OK\"", "correlation_id": "8a12716271eb4029806d483edd34ec51", "service": "unknown", "service_instance": "unknown", "environment": "unknown"}
{"timestamp": "2026-07-08T16:59:51.901684Z", "level": "INFO", "logger": "httpx", "message": "HTTP Request: POST https://chroma.cloud-dog.net/api/v2/tenants/default_tenant/databases/default_database/collections/961a9462-f51c-4d04-b0fc-28f58911e315/upsert \"HTTP/1.1 200 OK\"", "correlation_id": "8a12716271eb4029806d483edd34ec51", "service": "unknown", "service_instance": "unknown", "environment": "unknown"}
{"timestamp": "2026-07-08T16:59:51.980987Z", "level": "INFO", "logger": "httpx", "message": "HTTP Request: POST https://llm2.cloud-dog.net/api/embeddings \"HTTP/1.1 200 OK\"", "correlation_id": "8a12716271eb4029806d483edd34ec51", "service": "unknown", "service_instance": "unknown", "environment": "unknown"}
{"timestamp": "2026-07-08T16:59:52.540112Z", "level": "INFO", "logger": "httpx", "message": "HTTP Request: GET https://chroma.cloud-dog.net/api/v2/tenants/default_tenant/databases/default_database/collections \"HTTP/1.1 200 OK\"", "correlation_id": "8a12716271eb4029806d483edd34ec51", "service": "unknown", "service_instance": "unknown", "environment": "unknown"}
{"timestamp": "2026-07-08T16:59:53.197222Z", "level": "INFO", "logger": "httpx", "message": "HTTP Request: POST https://chroma.cloud-dog.net/api/v2/tenants/default_tenant/databases/default_database/collections/961a9462-f51c-4d04-b0fc-28f58911e315/upsert \"HTTP/1.1 200 OK\"", "correlation_id": "8a12716271eb4029806d483edd34ec51", "service": "unknown", "service_instance": "unknown", "environment": "unknown"}
{"timestamp": "2026-07-08T16:59:53.768188Z", "level": "INFO", "logger": "httpx", "message": "HTTP Request: GET https://chroma.cloud-dog.net/api/v2/tenants/default_tenant/databases/default_database/collections \"HTTP/1.1 200 OK\"", "correlation_id": "8a12716271eb4029806d483edd34ec51", "service": "unknown", "service_instance": "unknown", "environment": "unknown"}
{"timestamp": "2026-07-08T16:59:54.377801Z", "level": "INFO", "logger": "httpx", "message": "HTTP Request: POST https://chroma.cloud-dog.net/api/v2/tenants/default_tenant/databases/default_database/collections/961a9462-f51c-4d04-b0fc-28f58911e315/upsert \"HTTP/1.1 200 OK\"", "correlation_id": "8a12716271eb4029806d483edd34ec51", "service": "unknown", "service_instance": "unknown", "environment": "unknown"}
------------------------------ Captured log call -------------------------------
INFO     httpx:_client.py:1740 HTTP Request: POST https://llm2.cloud-dog.net/api/embeddings "HTTP/1.1 200 OK"
INFO     httpx:_client.py:1740 HTTP Request: POST https://chroma.cloud-dog.net/api/v2/tenants/default_tenant/databases/default_database/collections "HTTP/1.1 200 OK"
INFO     httpx:_client.py:1740 HTTP Request: POST https://llm2.cloud-dog.net/api/embeddings "HTTP/1.1 200 OK"
INFO     httpx:_client.py:1740 HTTP Request: GET https://chroma.cloud-dog.net/api/v2/tenants/default_tenant/databases/default_database/collections "HTTP/1.1 200 OK"
INFO     httpx:_client.py:1740 HTTP Request: POST https://chroma.cloud-dog.net/api/v2/tenants/default_tenant/databases/default_database/collections/961a9462-f51c-4d04-b0fc-28f58911e315/upsert "HTTP/1.1 200 OK"
INFO     httpx:_client.py:1740 HTTP Request: POST https://llm2.cloud-dog.net/api/embeddings "HTTP/1.1 200 OK"
INFO     httpx:_client.py:1740 HTTP Request: GET https://chroma.cloud-dog.net/api/v2/tenants/default_tenant/databases/default_database/collections "HTTP/1.1 200 OK"
INFO     httpx:_client.py:1740 HTTP Request: POST https://chroma.cloud-dog.net/api/v2/tenants/default_tenant/databases/default_database/collections/961a9462-f51c-4d04-b0fc-28f58911e315/upsert "HTTP/1.1 200 OK"
INFO     httpx:_client.py:1740 HTTP Request: GET https://chroma.cloud-dog.net/api/v2/tenants/default_tenant/databases/default_database/collections "HTTP/1.1 200 OK"
INFO     httpx:_client.py:1740 HTTP Request: POST https://chroma.cloud-dog.net/api/v2/tenants/default_tenant/databases/default_database/collections/961a9462-f51c-4d04-b0fc-28f58911e315/upsert "HTTP/1.1 200 OK"
--------------------------- Captured stdout teardown ---------------------------
{"timestamp": "2026-07-08T16:59:54.451074Z", "level": "INFO", "logger": "httpx", "message": "HTTP Request: DELETE https://chroma.cloud-dog.net/api/v2/tenants/default_tenant/databases/default_database/collections/r1fa1b4cd_fc0c_default_at_retention \"HTTP/1.1 200 OK\"", "correlation_id": "8a12716271eb4029806d483edd34ec51", "service": "unknown", "service_instance": "unknown", "environment": "unknown"}
{"timestamp": "2026-07-08T16:59:54.455734Z", "level": "INFO", "logger": "httpx", "message": "HTTP Request: DELETE https://chroma.cloud-dog.net/api/v2/tenants/default_tenant/databases/default_database/collections/r1fa1b4cd_fc0c_default_at_retention \"HTTP/1.1 404 Not Found\"", "correlation_id": "8a12716271eb4029806d483edd34ec51", "service": "unknown", "service_instance": "unknown", "environment": "unknown"}
---------------------------- Captured log teardown -----------------------------
INFO     httpx:_client.py:1740 HTTP Request: DELETE https://chroma.cloud-dog.net/api/v2/tenants/default_tenant/databases/default_database/collections/r1fa1b4cd_fc0c_default_at_retention "HTTP/1.1 200 OK"
INFO     httpx:_client.py:1740 HTTP Request: DELETE https://chroma.cloud-dog.net/api/v2/tenants/default_tenant/databases/default_database/collections/r1fa1b4cd_fc0c_default_at_retention "HTTP/1.1 404 Not Found"
___________________ test_full_workflow_multi_backend_switch ____________________
----------------------------- Captured stdout call -----------------------------
{"timestamp": "2026-07-08T16:59:54.987908Z", "level": "INFO", "logger": "httpx", "message": "HTTP Request: POST https://llm2.cloud-dog.net/api/embeddings \"HTTP/1.1 200 OK\"", "correlation_id": "8a12716271eb4029806d483edd34ec51", "service": "unknown", "service_instance": "unknown", "environment": "unknown"}
{"timestamp": "2026-07-08T16:59:55.032493Z", "level": "INFO", "logger": "httpx", "message": "HTTP Request: POST https://chroma.cloud-dog.net/api/v2/tenants/default_tenant/databases/default_database/collections \"HTTP/1.1 200 OK\"", "correlation_id": "8a12716271eb4029806d483edd34ec51", "service": "unknown", "service_instance": "unknown", "environment": "unknown"}
{"timestamp": "2026-07-08T16:59:55.114203Z", "level": "INFO", "logger": "httpx", "message": "HTTP Request: POST https://llm2.cloud-dog.net/api/embeddings \"HTTP/1.1 200 OK\"", "correlation_id": "8a12716271eb4029806d483edd34ec51", "service": "unknown", "service_instance": "unknown", "environment": "unknown"}
{"timestamp": "2026-07-08T16:59:55.727401Z", "level": "INFO", "logger": "httpx", "message": "HTTP Request: GET https://chroma.cloud-dog.net/api/v2/tenants/default_tenant/databases/default_database/collections \"HTTP/1.1 200 OK\"", "correlation_id": "8a12716271eb4029806d483edd34ec51", "service": "unknown", "service_instance": "unknown", "environment": "unknown"}
{"timestamp": "2026-07-08T16:59:56.367689Z", "level": "INFO", "logger": "httpx", "message": "HTTP Request: POST https://chroma.cloud-dog.net/api/v2/tenants/default_tenant/databases/default_database/collections/437cf188-91c6-4e28-8031-7563e248bb56/upsert \"HTTP/1.1 200 OK\"", "correlation_id": "8a12716271eb4029806d483edd34ec51", "service": "unknown", "service_instance": "unknown", "environment": "unknown"}
{"timestamp": "2026-07-08T16:59:56.485231Z", "level": "INFO", "logger": "httpx", "message": "HTTP Request: PUT https://qdrant.cloud-dog.net/collections/r1fa1b4cd_d1ca_default_at_multi_qdrant \"HTTP/1.1 200 OK\"", "correlation_id": "8a12716271eb4029806d483edd34ec51", "service": "unknown", "service_instance": "unknown", "environment": "unknown"}
{"timestamp": "2026-07-08T16:59:56.490901Z", "level": "INFO", "logger": "httpx", "message": "HTTP Request: GET https://qdrant.cloud-dog.net/collections/r1fa1b4cd_d1ca_default_at_multi_qdrant \"HTTP/1.1 200 OK\"", "correlation_id": "8a12716271eb4029806d483edd34ec51", "service": "unknown", "service_instance": "unknown", "environment": "unknown"}
{"timestamp": "2026-07-08T16:59:56.570394Z", "level": "INFO", "logger": "httpx", "message": "HTTP Request: POST https://llm2.cloud-dog.net/api/embeddings \"HTTP/1.1 200 OK\"", "correlation_id": "8a12716271eb4029806d483edd34ec51", "service": "unknown", "service_instance": "unknown", "environment": "unknown"}
{"timestamp": "2026-07-08T16:59:56.621932Z", "level": "INFO", "logger": "httpx", "message": "HTTP Request: PUT https://qdrant.cloud-dog.net/collections/r1fa1b4cd_d1ca_default_at_multi_qdrant/points?wait=true \"HTTP/1.1 200 OK\"", "correlation_id": "8a12716271eb4029806d483edd34ec51", "service": "unknown", "service_instance": "unknown", "environment": "unknown"}
{"timestamp": "2026-07-08T16:59:57.301116Z", "level": "INFO", "logger": "httpx", "message": "HTTP Request: GET https://chroma.cloud-dog.net/api/v2/tenants/default_tenant/databases/default_database/collections \"HTTP/1.1 200 OK\"", "correlation_id": "8a12716271eb4029806d483edd34ec51", "service": "unknown", "service_instance": "unknown", "environment": "unknown"}
{"timestamp": "2026-07-08T16:59:57.939645Z", "level": "INFO", "logger": "httpx", "message": "HTTP Request: POST https://chroma.cloud-dog.net/api/v2/tenants/default_tenant/databases/default_database/collections/437cf188-91c6-4e28-8031-7563e248bb56/query \"HTTP/1.1 200 OK\"", "correlation_id": "8a12716271eb4029806d483edd34ec51", "service": "unknown", "service_instance": "unknown", "environment": "unknown"}
{"timestamp": "2026-07-08T16:59:57.961202Z", "level": "INFO", "logger": "httpx", "message": "HTTP Request: POST https://qdrant.cloud-dog.net/collections/r1fa1b4cd_d1ca_default_at_multi_qdrant/points/search \"HTTP/1.1 200 OK\"", "correlation_id": "8a12716271eb4029806d483edd34ec51", "service": "unknown", "service_instance": "unknown", "environment": "unknown"}
------------------------------ Captured log call -------------------------------
INFO     httpx:_client.py:1740 HTTP Request: POST https://llm2.cloud-dog.net/api/embeddings "HTTP/1.1 200 OK"
INFO     httpx:_client.py:1740 HTTP Request: POST https://chroma.cloud-dog.net/api/v2/tenants/default_tenant/databases/default_database/collections "HTTP/1.1 200 OK"
INFO     httpx:_client.py:1740 HTTP Request: POST https://llm2.cloud-dog.net/api/embeddings "HTTP/1.1 200 OK"
INFO     httpx:_client.py:1740 HTTP Request: GET https://chroma.cloud-dog.net/api/v2/tenants/default_tenant/databases/default_database/collections "HTTP/1.1 200 OK"
INFO     httpx:_client.py:1740 HTTP Request: POST https://chroma.cloud-dog.net/api/v2/tenants/default_tenant/databases/default_database/collections/437cf188-91c6-4e28-8031-7563e248bb56/upsert "HTTP/1.1 200 OK"
INFO     httpx:_client.py:1740 HTTP Request: PUT https://qdrant.cloud-dog.net/collections/r1fa1b4cd_d1ca_default_at_multi_qdrant "HTTP/1.1 200 OK"
INFO     httpx:_client.py:1740 HTTP Request: GET https://qdrant.cloud-dog.net/collections/r1fa1b4cd_d1ca_default_at_multi_qdrant "HTTP/1.1 200 OK"
INFO     httpx:_client.py:1740 HTTP Request: POST https://llm2.cloud-dog.net/api/embeddings "HTTP/1.1 200 OK"
INFO     httpx:_client.py:1740 HTTP Request: PUT https://qdrant.cloud-dog.net/collections/r1fa1b4cd_d1ca_default_at_multi_qdrant/points?wait=true "HTTP/1.1 200 OK"
INFO     httpx:_client.py:1740 HTTP Request: GET https://chroma.cloud-dog.net/api/v2/tenants/default_tenant/databases/default_database/collections "HTTP/1.1 200 OK"
INFO     httpx:_client.py:1740 HTTP Request: POST https://chroma.cloud-dog.net/api/v2/tenants/default_tenant/databases/default_database/collections/437cf188-91c6-4e28-8031-7563e248bb56/query "HTTP/1.1 200 OK"
INFO     httpx:_client.py:1740 HTTP Request: POST https://qdrant.cloud-dog.net/collections/r1fa1b4cd_d1ca_default_at_multi_qdrant/points/search "HTTP/1.1 200 OK"
--------------------------- Captured stdout teardown ---------------------------
{"timestamp": "2026-07-08T16:59:58.026250Z", "level": "INFO", "logger": "httpx", "message": "HTTP Request: DELETE https://chroma.cloud-dog.net/api/v2/tenants/default_tenant/databases/default_database/collections/r1fa1b4cd_d1ca_default_at_multi_chroma \"HTTP/1.1 200 OK\"", "correlation_id": "8a12716271eb4029806d483edd34ec51", "service": "unknown", "service_instance": "unknown", "environment": "unknown"}
{"timestamp": "2026-07-08T16:59:58.037119Z", "level": "INFO", "logger": "httpx", "message": "HTTP Request: DELETE https://qdrant.cloud-dog.net/collections/r1fa1b4cd_d1ca_default_at_multi_qdrant \"HTTP/1.1 200 OK\"", "correlation_id": "8a12716271eb4029806d483edd34ec51", "service": "unknown", "service_instance": "unknown", "environment": "unknown"}
{"timestamp": "2026-07-08T16:59:58.043218Z", "level": "INFO", "logger": "httpx", "message": "HTTP Request: DELETE https://chroma.cloud-dog.net/api/v2/tenants/default_tenant/databases/default_database/collections/r1fa1b4cd_d1ca_default_at_multi_chroma \"HTTP/1.1 404 Not Found\"", "correlation_id": "8a12716271eb4029806d483edd34ec51", "service": "unknown", "service_instance": "unknown", "environment": "unknown"}
{"timestamp": "2026-07-08T16:59:58.049280Z", "level": "INFO", "logger": "httpx", "message": "HTTP Request: DELETE https://qdrant.cloud-dog.net/collections/r1fa1b4cd_d1ca_default_at_multi_qdrant \"HTTP/1.1 200 OK\"", "correlation_id": "8a12716271eb4029806d483edd34ec51", "service": "unknown", "service_instance": "unknown", "environment": "unknown"}
---------------------------- Captured log teardown -----------------------------
INFO     httpx:_client.py:1740 HTTP Request: DELETE https://chroma.cloud-dog.net/api/v2/tenants/default_tenant/databases/default_database/collections/r1fa1b4cd_d1ca_default_at_multi_chroma "HTTP/1.1 200 OK"
INFO     httpx:_client.py:1740 HTTP Request: DELETE https://qdrant.cloud-dog.net/collections/r1fa1b4cd_d1ca_default_at_multi_qdrant "HTTP/1.1 200 OK"
INFO     httpx:_client.py:1740 HTTP Request: DELETE https://chroma.cloud-dog.net/api/v2/tenants/default_tenant/databases/default_database/collections/r1fa1b4cd_d1ca_default_at_multi_chroma "HTTP/1.1 404 Not Found"
INFO     httpx:_client.py:1740 HTTP Request: DELETE https://qdrant.cloud-dog.net/collections/r1fa1b4cd_d1ca_default_at_multi_qdrant "HTTP/1.1 200 OK"
__________________ test_runtime_matrix_api_and_mcp_transport ___________________
----------------------------- Captured stdout call -----------------------------
{"timestamp": "2026-07-08T16:59:58.584437Z", "level": "INFO", "logger": "cloud_dog_logging.integrity", "message": "audit_integrity_check", "correlation_id": "8a12716271eb4029806d483edd34ec51", "service": "unknown", "service_instance": "unknown", "environment": "unknown", "extra": {"integrity_record": {"timestamp": "2026-07-08T16:59:58.584Z", "record_type": "audit_integrity_check", "service": "unknown", "service_instance": "unknown", "audit_log_path": "logs/audit.log.jsonl", "hash_algorithm": "sha256", "hash_value": "432426f95df03ded10731057c1c9c413212d51642f95086aabe20b1faba32c75", "file_size_bytes": 669016, "line_count": 754, "last_event_timestamp": "2026-07-08T16:57:23.787Z", "verification_status": "valid", "trigger": "shutdown"}}}
{"timestamp": "2026-07-08T16:59:58.622585Z", "level": "INFO", "logger": "cloud_dog_logging.integrity", "message": "audit_integrity_check", "correlation_id": "8a12716271eb4029806d483edd34ec51", "service": "index-retriever-mcp-server", "service_instance": "index-retriever-local", "environment": "dev", "extra": {"integrity_record": {"timestamp": "2026-07-08T16:59:58.622Z", "record_type": "audit_integrity_check", "service": "index-retriever-mcp-server", "service_instance": "index-retriever-local", "audit_log_path": "logs/audit.log.jsonl", "hash_algorithm": "sha256", "hash_value": "432426f95df03ded10731057c1c9c413212d51642f95086aabe20b1faba32c75", "file_size_bytes": 669016, "line_count": 754, "last_event_timestamp": "2026-07-08T16:57:23.787Z", "verification_status": "valid", "trigger": "startup"}}}
{"timestamp": "2026-07-08T16:59:58.712272Z", "level": "INFO", "logger": "alembic.runtime.migration", "message": "Context impl SQLiteImpl.", "correlation_id": "8a12716271eb4029806d483edd34ec51", "service": "index-retriever-mcp-server", "service_instance": "index-retriever-local", "environment": "dev"}
{"timestamp": "2026-07-08T16:59:58.719437Z", "level": "INFO", "logger": "alembic.runtime.migration", "message": "Will assume non-transactional DDL.", "correlation_id": "8a12716271eb4029806d483edd34ec51", "service": "index-retriever-mcp-server", "service_instance": "index-retriever-local", "environment": "dev"}
{"timestamp": "2026-07-08T16:59:58.753737Z", "level": "INFO", "logger": "alembic.runtime.migration", "message": "Running upgrade  -> 20260305_0001, index-retriever-mcp-server cloud_dog_db baseline", "correlation_id": "8a12716271eb4029806d483edd34ec51", "service": "index-retriever-mcp-server", "service_instance": "index-retriever-local", "environment": "dev"}
{"timestamp": "2026-07-08T16:59:58.808376Z", "level": "INFO", "logger": "alembic.runtime.migration", "message": "Running upgrade 20260305_0001 -> 20260604_0002, index-retriever-mcp-server document structure foundation (W28E-603 Phase 1)", "correlation_id": "8a12716271eb4029806d483edd34ec51", "service": "index-retriever-mcp-server", "service_instance": "index-retriever-local", "environment": "dev"}
{"timestamp": "2026-07-08T16:59:59.435445Z", "level": "INFO", "logger": "alembic.runtime.migration", "message": "Running upgrade 20260604_0002 -> 20260604_0003, index-retriever corpus + pattern + template tables (W28E-603 Phases 4/5)", "correlation_id": "8a12716271eb4029806d483edd34ec51", "service": "index-retriever-mcp-server", "service_instance": "index-retriever-local", "environment": "dev"}
{"timestamp": "2026-07-08T17:00:00.715925Z", "level": "INFO", "logger": "cloud_dog_logging.integrity", "message": "audit_integrity_check", "correlation_id": "8a12716271eb4029806d483edd34ec51", "service": "index-retriever-mcp-server", "service_instance": "index-retriever-local", "environment": "dev", "extra": {"integrity_record": {"timestamp": "2026-07-08T17:00:00.715Z", "record_type": "audit_integrity_check", "service": "index-retriever-mcp-server", "service_instance": "index-retriever-local", "audit_log_path": "logs/audit.log.jsonl", "hash_algorithm": "sha256", "hash_value": "432426f95df03ded10731057c1c9c413212d51642f95086aabe20b1faba32c75", "file_size_bytes": 669016, "line_count": 754, "last_event_timestamp": "2026-07-08T16:57:23.787Z", "verification_status": "valid", "trigger": "shutdown"}}}
{"timestamp": "2026-07-08T17:00:00.761613Z", "level": "INFO", "logger": "cloud_dog_logging.integrity", "message": "audit_integrity_check", "correlation_id": "8a12716271eb4029806d483edd34ec51", "service": "index-retriever-mcp-server", "service_instance": "index-retriever-local", "environment": "dev", "extra": {"integrity_record": {"timestamp": "2026-07-08T17:00:00.761Z", "record_type": "audit_integrity_check", "service": "index-retriever-mcp-server", "service_instance": "index-retriever-local", "audit_log_path": "logs/audit.log.jsonl", "hash_algorithm": "sha256", "hash_value": "432426f95df03ded10731057c1c9c413212d51642f95086aabe20b1faba32c75", "file_size_bytes": 669016, "line_count": 754, "last_event_timestamp": "2026-07-08T16:57:23.787Z", "verification_status": "valid", "trigger": "startup"}}}
{"timestamp": "2026-07-08T17:00:01.517674Z", "level": "INFO", "logger": "cloud_dog_api_kit.request_logging", "message": "Request started", "correlation_id": "8a12716271eb4029806d483edd34ec51", "service": "index-retriever-mcp-server", "service_instance": "server0.viewdeck.com", "environment": "dev", "extra": {"request_id": "f765ded50475461e807ec044595b153c", "correlation_id": null, "user": null, "method": "POST", "path": "/api/v1/tools/admin_collection_create", "client_ip": "testclient"}}
{"timestamp": "2026-07-08T17:00:01.532Z", "event_type": "mcp_tool.mcp.tool.admin_collection_create", "actor": {"type": "service", "id": "configured:ac6fc16fd23f", "roles": [], "ip": "unknown"}, "action": "mcp.tool.admin_collection_create", "outcome": "success", "severity": "INFO", "correlation_id": "8a12716271eb4029806d483edd34ec51", "trace_id": "8a12716271eb4029806d483edd34ec51", "request_id": "8a12716271eb4029806d483edd34ec51", "service": "unknown", "service_instance": "server0.viewdeck.com", "component": "unknown", "source_host": "server0.viewdeck.com", "source_process": "3925332", "source_application": "unknown", "process_id": "3925332", "environment": "dev", "target": {"type": "mcp_tool", "id": "admin_collection_create"}, "details": {"details": {"phase": "invoke", "profile": "default", "collection": "at_runtime_fe1ac790"}}}
{"timestamp": "2026-07-08T17:00:01.648134Z", "level": "INFO", "logger": "httpx", "message": "HTTP Request: POST https://llm2.cloud-dog.net/api/embeddings \"HTTP/1.1 200 OK\"", "correlation_id": "8a12716271eb4029806d483edd34ec51", "service": "index-retriever-mcp-server", "service_instance": "server0.viewdeck.com", "environment": "dev"}
{"timestamp": "2026-07-08T17:00:01.691581Z", "level": "INFO", "logger": "httpx", "message": "HTTP Request: POST https://chroma.cloud-dog.net/api/v2/tenants/default_tenant/databases/default_database/collections \"HTTP/1.1 200 OK\"", "correlation_id": "8a12716271eb4029806d483edd34ec51", "service": "index-retriever-mcp-server", "service_instance": "server0.viewdeck.com", "environment": "dev"}
{"timestamp": "2026-07-08T17:00:01.701965Z", "level": "INFO", "logger": "cloud_dog_api_kit.request_logging", "message": "Request completed", "correlation_id": "8a12716271eb4029806d483edd34ec51", "service": "index-retriever-mcp-server", "service_instance": "server0.viewdeck.com", "environment": "dev", "extra": {"request_id": "f765ded50475461e807ec044595b153c", "correlation_id": null, "user": null, "method": "POST", "path": "/api/v1/tools/admin_collection_create", "status_code": 200, "duration_ms": 177.25, "client_ip": "testclient"}}
{"timestamp": "2026-07-08T17:00:01.711Z", "event_type": "http.create", "actor": {"type": "system", "id": "anonymous", "roles": [], "ip": "testclient", "user_agent": "testclient"}, "action": "create", "outcome": "success", "severity": "INFO", "correlation_id": "8a12716271eb4029806d483edd34ec51", "trace_id": "8a12716271eb4029806d483edd34ec51", "request_id": "8a12716271eb4029806d483edd34ec51", "service": "index-retriever-mcp-server", "service_instance": "server0.viewdeck.com", "component": "http", "source_host": "server0.viewdeck.com", "source_process": "3925332", "source_application": "testclient", "process_id": "3925332", "environment": "dev", "source_address": "testclient:50000", "destination_address": "testserver:80", "target": {"type": "endpoint", "id": "/api/v1/tools/admin_collection_create", "name": "POST /api/v1/tools/admin_collection_create"}, "details": {"status_code": 200, "method": "POST", "client_ip": "testclient"}, "duration_ms": 194}
{"timestamp": "2026-07-08T17:00:01.720189Z", "level": "INFO", "logger": "httpx", "message": "HTTP Request: POST http://testserver/api/v1/tools/admin_collection_create \"HTTP/1.1 200 OK\"", "correlation_id": "8a12716271eb4029806d483edd34ec51", "service": "index-retriever-mcp-server", "service_instance": "server0.viewdeck.com", "environment": "dev"}
{"timestamp": "2026-07-08T17:00:01.728076Z", "level": "INFO", "logger": "cloud_dog_api_kit.request_logging", "message": "Request started", "correlation_id": "8a12716271eb4029806d483edd34ec51", "service": "index-retriever-mcp-server", "service_instance": "server0.viewdeck.com", "environment": "dev", "extra": {"request_id": "fb859e3fc5a5481886b372f151a738d7", "correlation_id": null, "user": null, "method": "POST", "path": "/api/v1/tools/ingest_text", "client_ip": "testclient"}}
{"timestamp": "2026-07-08T17:00:01.737Z", "event_type": "mcp_tool.mcp.tool.ingest_text", "actor": {"type": "service", "id": "configured:2530b9bc4759", "roles": [], "ip": "unknown"}, "action": "mcp.tool.ingest_text", "outcome": "success", "severity": "INFO", "correlation_id": "8a12716271eb4029806d483edd34ec51", "trace_id": "8a12716271eb4029806d483edd34ec51", "request_id": "8a12716271eb4029806d483edd34ec51", "service": "unknown", "service_instance": "server0.viewdeck.com", "component": "unknown", "source_host": "server0.viewdeck.com", "source_process": "3925332", "source_application": "unknown", "process_id": "3925332", "environment": "dev", "target": {"type": "mcp_tool", "id": "ingest_text"}, "details": {"details": {"phase": "invoke", "profile": "default", "collection": "at_runtime_fe1ac790"}}}
{"timestamp": "2026-07-08T17:00:01.822627Z", "level": "INFO", "logger": "httpx", "message": "HTTP Request: POST https://llm2.cloud-dog.net/api/embeddings \"HTTP/1.1 200 OK\"", "correlation_id": "8a12716271eb4029806d483edd34ec51", "service": "index-retriever-mcp-server", "service_instance": "server0.viewdeck.com", "environment": "dev"}
{"timestamp": "2026-07-08T17:00:02.382811Z", "level": "INFO", "logger": "httpx", "message": "HTTP Request: GET https://chroma.cloud-dog.net/api/v2/tenants/default_tenant/databases/default_database/collections \"HTTP/1.1 200 OK\"", "correlation_id": "8a12716271eb4029806d483edd34ec51", "service": "index-retriever-mcp-server", "service_instance": "server0.viewdeck.com", "environment": "dev"}
{"timestamp": "2026-07-08T17:00:03.066520Z", "level": "INFO", "logger": "httpx", "message": "HTTP Request: POST https://chroma.cloud-dog.net/api/v2/tenants/default_tenant/databases/default_database/collections/5689c14e-2f65-4274-9aa9-631494fe2856/upsert \"HTTP/1.1 200 OK\"", "correlation_id": "8a12716271eb4029806d483edd34ec51", "service": "index-retriever-mcp-server", "service_instance": "server0.viewdeck.com", "environment": "dev"}
{"timestamp": "2026-07-08T17:00:03.078007Z", "level": "INFO", "logger": "cloud_dog_api_kit.request_logging", "message": "Request completed", "correlation_id": "8a12716271eb4029806d483edd34ec51", "service": "index-retriever-mcp-server", "service_instance": "server0.viewdeck.com", "environment": "dev", "extra": {"request_id": "fb859e3fc5a5481886b372f151a738d7", "correlation_id": null, "user": null, "method": "POST", "path": "/api/v1/tools/ingest_text", "status_code": 200, "duration_ms": 1343.69, "client_ip": "testclient"}}
{"timestamp": "2026-07-08T17:00:03.088Z", "event_type": "http.create", "actor": {"type": "system", "id": "anonymous", "roles": [], "ip": "testclient", "user_agent": "testclient"}, "action": "create", "outcome": "success", "severity": "INFO", "correlation_id": "8a12716271eb4029806d483edd34ec51", "trace_id": "8a12716271eb4029806d483edd34ec51", "request_id": "8a12716271eb4029806d483edd34ec51", "service": "index-retriever-mcp-server", "service_instance": "server0.viewdeck.com", "component": "http", "source_host": "server0.viewdeck.com", "source_process": "3925332", "source_application": "testclient", "process_id": "3925332", "environment": "dev", "source_address": "testclient:50000", "destination_address": "testserver:80", "target": {"type": "endpoint", "id": "/api/v1/tools/ingest_text", "name": "POST /api/v1/tools/ingest_text"}, "details": {"status_code": 200, "method": "POST", "client_ip": "testclient"}, "duration_ms": 1360}
{"timestamp": "2026-07-08T17:00:03.096548Z", "level": "INFO", "logger": "httpx", "message": "HTTP Request: POST http://testserver/api/v1/tools/ingest_text \"HTTP/1.1 200 OK\"", "correlation_id": "8a12716271eb4029806d483edd34ec51", "service": "index-retriever-mcp-server", "service_instance": "server0.viewdeck.com", "environment": "dev"}
{"timestamp": "2026-07-08T17:00:03.106318Z", "level": "INFO", "logger": "cloud_dog_api_kit.request_logging", "message": "Request started", "correlation_id": "8a12716271eb4029806d483edd34ec51", "service": "index-retriever-mcp-server", "service_instance": "server0.viewdeck.com", "environment": "dev", "extra": {"request_id": "47052aac2f3f49f8a6f78a039b69e111", "correlation_id": null, "user": null, "method": "POST", "path": "/mcp/tools/profiles_list", "client_ip": "testclient"}}
{"timestamp": "2026-07-08T17:00:03.128Z", "event_type": "mcp_tool.mcp.tool.profiles_list", "actor": {"type": "service", "id": "configured:4c806362b613", "roles": [], "ip": "unknown"}, "action": "mcp.tool.profiles_list", "outcome": "success", "severity": "INFO", "correlation_id": "8a12716271eb4029806d483edd34ec51", "trace_id": "8a12716271eb4029806d483edd34ec51", "request_id": "8a12716271eb4029806d483edd34ec51", "service": "unknown", "service_instance": "server0.viewdeck.com", "component": "unknown", "source_host": "server0.viewdeck.com", "source_process": "3925332", "source_application": "unknown", "process_id": "3925332", "environment": "dev", "target": {"type": "mcp_tool", "id": "profiles_list"}, "details": {"details": {"phase": "invoke", "profile": null, "collection": null}}}
{"timestamp": "2026-07-08T17:00:03.139193Z", "level": "INFO", "logger": "cloud_dog_api_kit.request_logging", "message": "Request completed", "correlation_id": "8a12716271eb4029806d483edd34ec51", "service": "index-retriever-mcp-server", "service_instance": "server0.viewdeck.com", "environment": "dev", "extra": {"request_id": "47052aac2f3f49f8a6f78a039b69e111", "correlation_id": null, "user": null, "method": "POST", "path": "/mcp/tools/profiles_list", "status_code": 200, "duration_ms": 25.1, "client_ip": "testclient"}}
{"timestamp": "2026-07-08T17:00:03.148Z", "event_type": "http.create", "actor": {"type": "system", "id": "anonymous", "roles": [], "ip": "testclient", "user_agent": "testclient"}, "action": "create", "outcome": "success", "severity": "INFO", "correlation_id": "8a12716271eb4029806d483edd34ec51", "trace_id": "8a12716271eb4029806d483edd34ec51", "request_id": "8a12716271eb4029806d483edd34ec51", "service": "index-retriever-mcp-server", "service_instance": "server0.viewdeck.com", "component": "http", "source_host": "server0.viewdeck.com", "source_process": "3925332", "source_application": "testclient", "process_id": "3925332", "environment": "dev", "source_address": "testclient:50000", "destination_address": "testserver:80", "target": {"type": "endpoint", "id": "/mcp/tools/profiles_list", "name": "POST /mcp/tools/profiles_list"}, "details": {"status_code": 200, "method": "POST", "client_ip": "testclient"}, "duration_ms": 42}
{"timestamp": "2026-07-08T17:00:03.156430Z", "level": "INFO", "logger": "httpx", "message": "HTTP Request: POST http://testserver/mcp/tools/profiles_list \"HTTP/1.1 200 OK\"", "correlation_id": "8a12716271eb4029806d483edd34ec51", "service": "index-retriever-mcp-server", "service_instance": "server0.viewdeck.com", "environment": "dev"}
{"timestamp": "2026-07-08T17:00:03.165027Z", "level": "INFO", "logger": "cloud_dog_api_kit.request_logging", "message": "Request started", "correlation_id": "8a12716271eb4029806d483edd34ec51", "service": "index-retriever-mcp-server", "service_instance": "server0.viewdeck.com", "environment": "dev", "extra": {"request_id": "b44acd0432274a66a13e27404e5defe9", "correlation_id": null, "user": null, "method": "POST", "path": "/api/v1/tools/admin_collection_delete", "client_ip": "testclient"}}
{"timestamp": "2026-07-08T17:00:03.175Z", "event_type": "mcp_tool.mcp.tool.admin_collection_delete", "actor": {"type": "service", "id": "configured:ac6fc16fd23f", "roles": [], "ip": "unknown"}, "action": "mcp.tool.admin_collection_delete", "outcome": "success", "severity": "INFO", "correlation_id": "8a12716271eb4029806d483edd34ec51", "trace_id": "8a12716271eb4029806d483edd34ec51", "request_id": "8a12716271eb4029806d483edd34ec51", "service": "unknown", "service_instance": "server0.viewdeck.com", "component": "unknown", "source_host": "server0.viewdeck.com", "source_process": "3925332", "source_application": "unknown", "process_id": "3925332", "environment": "dev", "target": {"type": "mcp_tool", "id": "admin_collection_delete"}, "details": {"details": {"phase": "invoke", "profile": "default", "collection": "at_runtime_fe1ac790"}}}
{"timestamp": "2026-07-08T17:00:03.238375Z", "level": "INFO", "logger": "httpx", "message": "HTTP Request: DELETE https://chroma.cloud-dog.net/api/v2/tenants/default_tenant/databases/default_database/collections/r1fa1b4cd_2a69_default_at_runtime_fe1ac790 \"HTTP/1.1 200 OK\"", "correlation_id": "8a12716271eb4029806d483edd34ec51", "service": "index-retriever-mcp-server", "service_instance": "server0.viewdeck.com", "environment": "dev"}
{"timestamp": "2026-07-08T17:00:03.249287Z", "level": "INFO", "logger": "cloud_dog_api_kit.request_logging", "message": "Request completed", "correlation_id": "8a12716271eb4029806d483edd34ec51", "service": "index-retriever-mcp-server", "service_instance": "server0.viewdeck.com", "environment": "dev", "extra": {"request_id": "b44acd0432274a66a13e27404e5defe9", "correlation_id": null, "user": null, "method": "POST", "path": "/api/v1/tools/admin_collection_delete", "status_code": 200, "duration_ms": 77.35, "client_ip": "testclient"}}
{"timestamp": "2026-07-08T17:00:03.256Z", "event_type": "http.create", "actor": {"type": "system", "id": "anonymous", "roles": [], "ip": "testclient", "user_agent": "testclient"}, "action": "create", "outcome": "success", "severity": "INFO", "correlation_id": "8a12716271eb4029806d483edd34ec51", "trace_id": "8a12716271eb4029806d483edd34ec51", "request_id": "8a12716271eb4029806d483edd34ec51", "service": "index-retriever-mcp-server", "service_instance": "server0.viewdeck.com", "component": "http", "source_host": "server0.viewdeck.com", "source_process": "3925332", "source_application": "testclient", "process_id": "3925332", "environment": "dev", "source_address": "testclient:50000", "destination_address": "testserver:80", "target": {"type": "endpoint", "id": "/api/v1/tools/admin_collection_delete", "name": "POST /api/v1/tools/admin_collection_delete"}, "details": {"status_code": 200, "method": "POST", "client_ip": "testclient"}, "duration_ms": 92}
{"timestamp": "2026-07-08T17:00:03.264873Z", "level": "INFO", "logger": "httpx", "message": "HTTP Request: POST http://testserver/api/v1/tools/admin_collection_delete \"HTTP/1.1 200 OK\"", "correlation_id": "8a12716271eb4029806d483edd34ec51", "service": "index-retriever-mcp-server", "service_instance": "server0.viewdeck.com", "environment": "dev"}
------------------------------ Captured log call -------------------------------
INFO     cloud_dog_logging.integrity:integrity.py:185 audit_integrity_check
_______________ test_multi_profile_cross_backend_metadata_parity _______________
----------------------------- Captured stdout call -----------------------------
{"timestamp": "2026-07-08T17:00:03.741283Z", "level": "INFO", "logger": "httpx", "message": "HTTP Request: GET http://infinity0.app.vpc0.cloud-dog.net:8080/databases \"HTTP/1.1 200 OK\"", "correlation_id": "8a12716271eb4029806d483edd34ec51", "service": "index-retriever-mcp-server", "service_instance": "server0.viewdeck.com", "environment": "dev"}
{"timestamp": "2026-07-08T17:00:03.866491Z", "level": "INFO", "logger": "httpx", "message": "HTTP Request: POST https://llm2.cloud-dog.net/api/embeddings \"HTTP/1.1 200 OK\"", "correlation_id": "8a12716271eb4029806d483edd34ec51", "service": "index-retriever-mcp-server", "service_instance": "server0.viewdeck.com", "environment": "dev"}
{"timestamp": "2026-07-08T17:00:03.917779Z", "level": "INFO", "logger": "httpx", "message": "HTTP Request: POST https://chroma.cloud-dog.net/api/v2/tenants/default_tenant/databases/default_database/collections \"HTTP/1.1 200 OK\"", "correlation_id": "8a12716271eb4029806d483edd34ec51", "service": "index-retriever-mcp-server", "service_instance": "server0.viewdeck.com", "environment": "dev"}
{"timestamp": "2026-07-08T17:00:04.039908Z", "level": "INFO", "logger": "httpx", "message": "HTTP Request: POST https://llm2.cloud-dog.net/api/embeddings \"HTTP/1.1 200 OK\"", "correlation_id": "8a12716271eb4029806d483edd34ec51", "service": "index-retriever-mcp-server", "service_instance": "server0.viewdeck.com", "environment": "dev"}
{"timestamp": "2026-07-08T17:00:04.627498Z", "level": "INFO", "logger": "httpx", "message": "HTTP Request: GET https://chroma.cloud-dog.net/api/v2/tenants/default_tenant/databases/default_database/collections \"HTTP/1.1 200 OK\"", "correlation_id": "8a12716271eb4029806d483edd34ec51", "service": "index-retriever-mcp-server", "service_instance": "server0.viewdeck.com", "environment": "dev"}
{"timestamp": "2026-07-08T17:00:05.331139Z", "level": "INFO", "logger": "httpx", "message": "HTTP Request: POST https://chroma.cloud-dog.net/api/v2/tenants/default_tenant/databases/default_database/collections/87499a57-73e5-49ef-8017-fcd0ada47378/upsert \"HTTP/1.1 200 OK\"", "correlation_id": "8a12716271eb4029806d483edd34ec51", "service": "index-retriever-mcp-server", "service_instance": "server0.viewdeck.com", "environment": "dev"}
{"timestamp": "2026-07-08T17:00:05.933598Z", "level": "INFO", "logger": "httpx", "message": "HTTP Request: GET https://chroma.cloud-dog.net/api/v2/tenants/default_tenant/databases/default_database/collections \"HTTP/1.1 200 OK\"", "correlation_id": "8a12716271eb4029806d483edd34ec51", "service": "index-retriever-mcp-server", "service_instance": "server0.viewdeck.com", "environment": "dev"}
{"timestamp": "2026-07-08T17:00:06.580640Z", "level": "INFO", "logger": "httpx", "message": "HTTP Request: POST https://chroma.cloud-dog.net/api/v2/tenants/default_tenant/databases/default_database/collections/87499a57-73e5-49ef-8017-fcd0ada47378/query \"HTTP/1.1 200 OK\"", "correlation_id": "8a12716271eb4029806d483edd34ec51", "service": "index-retriever-mcp-server", "service_instance": "server0.viewdeck.com", "environment": "dev"}
{"timestamp": "2026-07-08T17:00:06.709377Z", "level": "INFO", "logger": "httpx", "message": "HTTP Request: PUT https://qdrant.cloud-dog.net/collections/r1fa1b4cd_6dd1_at_profile_qdrant_at_parity_qdrant \"HTTP/1.1 200 OK\"", "correlation_id": "8a12716271eb4029806d483edd34ec51", "service": "index-retriever-mcp-server", "service_instance": "server0.viewdeck.com", "environment": "dev"}
{"timestamp": "2026-07-08T17:00:06.722140Z", "level": "INFO", "logger": "httpx", "message": "HTTP Request: GET https://qdrant.cloud-dog.net/collections/r1fa1b4cd_6dd1_at_profile_qdrant_at_parity_qdrant \"HTTP/1.1 200 OK\"", "correlation_id": "8a12716271eb4029806d483edd34ec51", "service": "index-retriever-mcp-server", "service_instance": "server0.viewdeck.com", "environment": "dev"}
{"timestamp": "2026-07-08T17:00:06.809738Z", "level": "INFO", "logger": "httpx", "message": "HTTP Request: POST https://llm2.cloud-dog.net/api/embeddings \"HTTP/1.1 200 OK\"", "correlation_id": "8a12716271eb4029806d483edd34ec51", "service": "index-retriever-mcp-server", "service_instance": "server0.viewdeck.com", "environment": "dev"}
{"timestamp": "2026-07-08T17:00:06.854367Z", "level": "INFO", "logger": "httpx", "message": "HTTP Request: PUT https://qdrant.cloud-dog.net/collections/r1fa1b4cd_6dd1_at_profile_qdrant_at_parity_qdrant/points?wait=true \"HTTP/1.1 200 OK\"", "correlation_id": "8a12716271eb4029806d483edd34ec51", "service": "index-retriever-mcp-server", "service_instance": "server0.viewdeck.com", "environment": "dev"}
{"timestamp": "2026-07-08T17:00:06.881067Z", "level": "INFO", "logger": "httpx", "message": "HTTP Request: POST https://qdrant.cloud-dog.net/collections/r1fa1b4cd_6dd1_at_profile_qdrant_at_parity_qdrant/points/search \"HTTP/1.1 200 OK\"", "correlation_id": "8a12716271eb4029806d483edd34ec51", "service": "index-retriever-mcp-server", "service_instance": "server0.viewdeck.com", "environment": "dev"}
{"timestamp": "2026-07-08T17:00:06.931302Z", "level": "INFO", "logger": "httpx", "message": "HTTP Request: POST http://infinity0.app.vpc0.cloud-dog.net:8080/databases/default_db/tables/idxinf_1d25ce2ee898839493 \"HTTP/1.1 200 OK\"", "correlation_id": "8a12716271eb4029806d483edd34ec51", "service": "index-retriever-mcp-server", "service_instance": "server0.viewdeck.com", "environment": "dev"}
{"timestamp": "2026-07-08T17:00:07.021604Z", "level": "INFO", "logger": "httpx", "message": "HTTP Request: POST https://llm2.cloud-dog.net/api/embeddings \"HTTP/1.1 200 OK\"", "correlation_id": "8a12716271eb4029806d483edd34ec51", "service": "index-retriever-mcp-server", "service_instance": "server0.viewdeck.com", "environment": "dev"}
{"timestamp": "2026-07-08T17:00:07.086736Z", "level": "INFO", "logger": "httpx", "message": "HTTP Request: POST http://infinity0.app.vpc0.cloud-dog.net:8080/databases/default_db/tables/idxinf_1d25ce2ee898839493/docs \"HTTP/1.1 200 OK\"", "correlation_id": "8a12716271eb4029806d483edd34ec51", "service": "index-retriever-mcp-server", "service_instance": "server0.viewdeck.com", "environment": "dev"}
{"timestamp": "2026-07-08T17:00:07.102092Z", "level": "INFO", "logger": "httpx", "message": "HTTP Request: GET http://infinity0.app.vpc0.cloud-dog.net:8080/databases/default_db/tables/idxinf_1d25ce2ee898839493/docs \"HTTP/1.1 200 OK\"", "correlation_id": "8a12716271eb4029806d483edd34ec51", "service": "index-retriever-mcp-server", "service_instance": "server0.viewdeck.com", "environment": "dev"}
------------------------------ Captured log call -------------------------------
INFO     httpx:_client.py:1740 HTTP Request: GET http://infinity0.app.vpc0.cloud-dog.net:8080/databases "HTTP/1.1 200 OK"
INFO     httpx:_client.py:1740 HTTP Request: POST https://llm2.cloud-dog.net/api/embeddings "HTTP/1.1 200 OK"
INFO     httpx:_client.py:1740 HTTP Request: POST https://chroma.cloud-dog.net/api/v2/tenants/default_tenant/databases/default_database/collections "HTTP/1.1 200 OK"
INFO     httpx:_client.py:1740 HTTP Request: POST https://llm2.cloud-dog.net/api/embeddings "HTTP/1.1 200 OK"
INFO     httpx:_client.py:1740 HTTP Request: GET https://chroma.cloud-dog.net/api/v2/tenants/default_tenant/databases/default_database/collections "HTTP/1.1 200 OK"
INFO     httpx:_client.py:1740 HTTP Request: POST https://chroma.cloud-dog.net/api/v2/tenants/default_tenant/databases/default_database/collections/87499a57-73e5-49ef-8017-fcd0ada47378/upsert "HTTP/1.1 200 OK"
INFO     httpx:_client.py:1740 HTTP Request: GET https://chroma.cloud-dog.net/api/v2/tenants/default_tenant/databases/default_database/collections "HTTP/1.1 200 OK"
INFO     httpx:_client.py:1740 HTTP Request: POST https://chroma.cloud-dog.net/api/v2/tenants/default_tenant/databases/default_database/collections/87499a57-73e5-49ef-8017-fcd0ada47378/query "HTTP/1.1 200 OK"
INFO     httpx:_client.py:1740 HTTP Request: PUT https://qdrant.cloud-dog.net/collections/r1fa1b4cd_6dd1_at_profile_qdrant_at_parity_qdrant "HTTP/1.1 200 OK"
INFO     httpx:_client.py:1740 HTTP Request: GET https://qdrant.cloud-dog.net/collections/r1fa1b4cd_6dd1_at_profile_qdrant_at_parity_qdrant "HTTP/1.1 200 OK"
INFO     httpx:_client.py:1740 HTTP Request: POST https://llm2.cloud-dog.net/api/embeddings "HTTP/1.1 200 OK"
INFO     httpx:_client.py:1740 HTTP Request: PUT https://qdrant.cloud-dog.net/collections/r1fa1b4cd_6dd1_at_profile_qdrant_at_parity_qdrant/points?wait=true "HTTP/1.1 200 OK"
INFO     httpx:_client.py:1740 HTTP Request: POST https://qdrant.cloud-dog.net/collections/r1fa1b4cd_6dd1_at_profile_qdrant_at_parity_qdrant/points/search "HTTP/1.1 200 OK"
INFO     httpx:_client.py:1740 HTTP Request: POST http://infinity0.app.vpc0.cloud-dog.net:8080/databases/default_db/tables/idxinf_1d25ce2ee898839493 "HTTP/1.1 200 OK"
INFO     httpx:_client.py:1740 HTTP Request: POST https://llm2.cloud-dog.net/api/embeddings "HTTP/1.1 200 OK"
INFO     httpx:_client.py:1740 HTTP Request: POST http://infinity0.app.vpc0.cloud-dog.net:8080/databases/default_db/tables/idxinf_1d25ce2ee898839493/docs "HTTP/1.1 200 OK"
INFO     httpx:_client.py:1740 HTTP Request: GET http://infinity0.app.vpc0.cloud-dog.net:8080/databases/default_db/tables/idxinf_1d25ce2ee898839493/docs "HTTP/1.1 200 OK"
--------------------------- Captured stdout teardown ---------------------------
{"timestamp": "2026-07-08T17:00:07.178609Z", "level": "INFO", "logger": "httpx", "message": "HTTP Request: DELETE https://chroma.cloud-dog.net/api/v2/tenants/default_tenant/databases/default_database/collections/r1fa1b4cd_6dd1_at_profile_chroma_at_parity_chroma \"HTTP/1.1 200 OK\"", "correlation_id": "8a12716271eb4029806d483edd34ec51", "service": "index-retriever-mcp-server", "service_instance": "server0.viewdeck.com", "environment": "dev"}
{"timestamp": "2026-07-08T17:00:07.196490Z", "level": "INFO", "logger": "httpx", "message": "HTTP Request: DELETE https://qdrant.cloud-dog.net/collections/r1fa1b4cd_6dd1_at_profile_qdrant_at_parity_qdrant \"HTTP/1.1 200 OK\"", "correlation_id": "8a12716271eb4029806d483edd34ec51", "service": "index-retriever-mcp-server", "service_instance": "server0.viewdeck.com", "environment": "dev"}
{"timestamp": "2026-07-08T17:00:07.207799Z", "level": "INFO", "logger": "httpx", "message": "HTTP Request: DELETE http://infinity0.app.vpc0.cloud-dog.net:8080/databases/default_db/tables/idxinf_1d25ce2ee898839493 \"HTTP/1.1 200 OK\"", "correlation_id": "8a12716271eb4029806d483edd34ec51", "service": "index-retriever-mcp-server", "service_instance": "server0.viewdeck.com", "environment": "dev"}
{"timestamp": "2026-07-08T17:00:07.220179Z", "level": "INFO", "logger": "httpx", "message": "HTTP Request: DELETE https://qdrant.cloud-dog.net/collections/r1fa1b4cd_6dd1_at_profile_qdrant_at_parity_qdrant \"HTTP/1.1 200 OK\"", "correlation_id": "8a12716271eb4029806d483edd34ec51", "service": "index-retriever-mcp-server", "service_instance": "server0.viewdeck.com", "environment": "dev"}
{"timestamp": "2026-07-08T17:00:07.231689Z", "level": "INFO", "logger": "httpx", "message": "HTTP Request: DELETE https://chroma.cloud-dog.net/api/v2/tenants/default_tenant/databases/default_database/collections/r1fa1b4cd_6dd1_at_profile_chroma_at_parity_chroma \"HTTP/1.1 404 Not Found\"", "correlation_id": "8a12716271eb4029806d483edd34ec51", "service": "index-retriever-mcp-server", "service_instance": "server0.viewdeck.com", "environment": "dev"}
---------------------------- Captured log teardown -----------------------------
INFO     httpx:_client.py:1740 HTTP Request: DELETE https://chroma.cloud-dog.net/api/v2/tenants/default_tenant/databases/default_database/collections/r1fa1b4cd_6dd1_at_profile_chroma_at_parity_chroma "HTTP/1.1 200 OK"
INFO     httpx:_client.py:1740 HTTP Request: DELETE https://qdrant.cloud-dog.net/collections/r1fa1b4cd_6dd1_at_profile_qdrant_at_parity_qdrant "HTTP/1.1 200 OK"
INFO     httpx:_client.py:1740 HTTP Request: DELETE http://infinity0.app.vpc0.cloud-dog.net:8080/databases/default_db/tables/idxinf_1d25ce2ee898839493 "HTTP/1.1 200 OK"
INFO     httpx:_client.py:1740 HTTP Request: DELETE https://qdrant.cloud-dog.net/collections/r1fa1b4cd_6dd1_at_profile_qdrant_at_parity_qdrant "HTTP/1.1 200 OK"
INFO     httpx:_client.py:1740 HTTP Request: DELETE https://chroma.cloud-dog.net/api/v2/tenants/default_tenant/databases/default_database/collections/r1fa1b4cd_6dd1_at_profile_chroma_at_parity_chroma "HTTP/1.1 404 Not Found"
___________________ test_a2a_namespace_and_shared_auth_flow ____________________
----------------------------- Captured stdout call -----------------------------
{"timestamp": "2026-07-08T17:00:07.707054Z", "level": "INFO", "logger": "cloud_dog_logging.integrity", "message": "audit_integrity_check", "correlation_id": "8a12716271eb4029806d483edd34ec51", "service": "index-retriever-mcp-server", "service_instance": "index-retriever-local", "environment": "dev", "extra": {"integrity_record": {"timestamp": "2026-07-08T17:00:07.706Z", "record_type": "audit_integrity_check", "service": "index-retriever-mcp-server", "service_instance": "index-retriever-local", "audit_log_path": "logs/audit.log.jsonl", "hash_algorithm": "sha256", "hash_value": "6833514cc4e0ad10515e11215799330e8d0a7df155a31084befdb4893db4f1b1", "file_size_bytes": 676081, "line_count": 762, "last_event_timestamp": "2026-07-08T17:00:03.256Z", "verification_status": "valid", "trigger": "shutdown"}}}
{"timestamp": "2026-07-08T17:00:07.756671Z", "level": "INFO", "logger": "cloud_dog_logging.integrity", "message": "audit_integrity_check", "correlation_id": "8a12716271eb4029806d483edd34ec51", "service": "index-retriever-mcp-server", "service_instance": "index-retriever-local", "environment": "dev", "extra": {"integrity_record": {"timestamp": "2026-07-08T17:00:07.756Z", "record_type": "audit_integrity_check", "service": "index-retriever-mcp-server", "service_instance": "index-retriever-local", "audit_log_path": "logs/audit.log.jsonl", "hash_algorithm": "sha256", "hash_value": "6833514cc4e0ad10515e11215799330e8d0a7df155a31084befdb4893db4f1b1", "file_size_bytes": 676081, "line_count": 762, "last_event_timestamp": "2026-07-08T17:00:03.256Z", "verification_status": "valid", "trigger": "startup"}}}
{"timestamp": "2026-07-08T17:00:08.552733Z", "level": "INFO", "logger": "cloud_dog_api_kit.request_logging", "message": "Request started", "correlation_id": "8a12716271eb4029806d483edd34ec51", "service": "index-retriever-mcp-server", "service_instance": "index-retriever-local", "environment": "dev", "extra": {"request_id": "d173174670294773821b9c71bd56624c", "correlation_id": null, "user": null, "method": "GET", "path": "/a2a/health", "client_ip": "testclient"}}
{"timestamp": "2026-07-08T17:00:08.562628Z", "level": "INFO", "logger": "cloud_dog_api_kit.request_logging", "message": "Request completed", "correlation_id": "8a12716271eb4029806d483edd34ec51", "service": "index-retriever-mcp-server", "service_instance": "index-retriever-local", "environment": "dev", "extra": {"request_id": "d173174670294773821b9c71bd56624c", "correlation_id": null, "user": null, "method": "GET", "path": "/a2a/health", "status_code": 401, "duration_ms": 2.2, "client_ip": "testclient"}}
{"timestamp": "2026-07-08T17:00:08.572Z", "event_type": "http.read", "actor": {"type": "system", "id": "anonymous", "roles": [], "ip": "testclient", "user_agent": "testclient"}, "action": "read", "outcome": "denied", "severity": "ERROR", "correlation_id": "8a12716271eb4029806d483edd34ec51", "trace_id": "8a12716271eb4029806d483edd34ec51", "request_id": "8a12716271eb4029806d483edd34ec51", "service": "index-retriever-mcp-server", "service_instance": "index-retriever-local", "component": "http", "source_host": "index-retriever-local", "source_process": "3925332", "source_application": "testclient", "process_id": "3925332", "environment": "dev", "source_address": "testclient:50000", "destination_address": "testserver:80", "target": {"type": "endpoint", "id": "/a2a/health", "name": "GET /a2a/health"}, "details": {"status_code": 401, "method": "GET", "client_ip": "testclient"}, "duration_ms": 20}
{"timestamp": "2026-07-08T17:00:08.581038Z", "level": "INFO", "logger": "httpx", "message": "HTTP Request: GET http://testserver/a2a/health \"HTTP/1.1 401 Unauthorized\"", "correlation_id": "8a12716271eb4029806d483edd34ec51", "service": "index-retriever-mcp-server", "service_instance": "index-retriever-local", "environment": "dev"}
{"timestamp": "2026-07-08T17:00:08.589298Z", "level": "INFO", "logger": "cloud_dog_api_kit.request_logging", "message": "Request started", "correlation_id": "8a12716271eb4029806d483edd34ec51", "service": "index-retriever-mcp-server", "service_instance": "index-retriever-local", "environment": "dev", "extra": {"request_id": "2cc6315f2b4e49bbb2dfbff991dcdd5a", "correlation_id": null, "user": null, "method": "GET", "path": "/a2a", "client_ip": "testclient"}}
{"timestamp": "2026-07-08T17:00:08.599470Z", "level": "INFO", "logger": "cloud_dog_api_kit.request_logging", "message": "Request completed", "correlation_id": "8a12716271eb4029806d483edd34ec51", "service": "index-retriever-mcp-server", "service_instance": "index-retriever-local", "environment": "dev", "extra": {"request_id": "2cc6315f2b4e49bbb2dfbff991dcdd5a", "correlation_id": null, "user": null, "method": "GET", "path": "/a2a", "status_code": 200, "duration_ms": 3.66, "client_ip": "testclient"}}
{"timestamp": "2026-07-08T17:00:08.606Z", "event_type": "http.read", "actor": {"type": "system", "id": "anonymous", "roles": [], "ip": "testclient", "user_agent": "testclient"}, "action": "read", "outcome": "success", "severity": "INFO", "correlation_id": "8a12716271eb4029806d483edd34ec51", "trace_id": "8a12716271eb4029806d483edd34ec51", "request_id": "8a12716271eb4029806d483edd34ec51", "service": "index-retriever-mcp-server", "service_instance": "index-retriever-local", "component": "http", "source_host": "index-retriever-local", "source_process": "3925332", "source_application": "testclient", "process_id": "3925332", "environment": "dev", "source_address": "testclient:50000", "destination_address": "testserver:80", "target": {"type": "endpoint", "id": "/a2a", "name": "GET /a2a"}, "details": {"status_code": 200, "method": "GET", "client_ip": "testclient"}, "duration_ms": 18}
{"timestamp": "2026-07-08T17:00:08.616017Z", "level": "INFO", "logger": "httpx", "message": "HTTP Request: GET http://testserver/a2a \"HTTP/1.1 200 OK\"", "correlation_id": "8a12716271eb4029806d483edd34ec51", "service": "index-retriever-mcp-server", "service_instance": "index-retriever-local", "environment": "dev"}
{"timestamp": "2026-07-08T17:00:08.626406Z", "level": "INFO", "logger": "cloud_dog_api_kit.request_logging", "message": "Request started", "correlation_id": "8a12716271eb4029806d483edd34ec51", "service": "index-retriever-mcp-server", "service_instance": "index-retriever-local", "environment": "dev", "extra": {"request_id": "078bc0780ad24c82b7f9ab70d65d1d17", "correlation_id": null, "user": null, "method": "GET", "path": "/a2a/health", "client_ip": "testclient"}}
{"timestamp": "2026-07-08T17:00:08.661091Z", "level": "INFO", "logger": "httpx", "message": "HTTP Request: GET https://chroma.cloud-dog.net/api/v2/heartbeat \"HTTP/1.1 200 OK\"", "correlation_id": "8a12716271eb4029806d483edd34ec51", "service": "index-retriever-mcp-server", "service_instance": "index-retriever-local", "environment": "dev"}
{"timestamp": "2026-07-08T17:00:08.708598Z", "level": "INFO", "logger": "httpx", "message": "HTTP Request: GET https://llm2.cloud-dog.net/api/tags \"HTTP/1.1 200 OK\"", "correlation_id": "8a12716271eb4029806d483edd34ec51", "service": "index-retriever-mcp-server", "service_instance": "index-retriever-local", "environment": "dev"}
{"timestamp": "2026-07-08T17:00:08.717545Z", "level": "INFO", "logger": "cloud_dog_api_kit.request_logging", "message": "Request completed", "correlation_id": "8a12716271eb4029806d483edd34ec51", "service": "index-retriever-mcp-server", "service_instance": "index-retriever-local", "environment": "dev", "extra": {"request_id": "078bc0780ad24c82b7f9ab70d65d1d17", "correlation_id": null, "user": null, "method": "GET", "path": "/a2a/health", "status_code": 200, "duration_ms": 84.33, "client_ip": "testclient"}}
{"timestamp": "2026-07-08T17:00:08.725Z", "event_type": "http.read", "actor": {"type": "system", "id": "anonymous", "roles": [], "ip": "testclient", "user_agent": "testclient"}, "action": "read", "outcome": "success", "severity": "INFO", "correlation_id": "8a12716271eb4029806d483edd34ec51", "trace_id": "8a12716271eb4029806d483edd34ec51", "request_id": "8a12716271eb4029806d483edd34ec51", "service": "index-retriever-mcp-server", "service_instance": "index-retriever-local", "component": "http", "source_host": "index-retriever-local", "source_process": "3925332", "source_application": "testclient", "process_id": "3925332", "environment": "dev", "source_address": "testclient:50000", "destination_address": "testserver:80", "target": {"type": "endpoint", "id": "/a2a/health", "name": "GET /a2a/health"}, "details": {"status_code": 200, "method": "GET", "client_ip": "testclient"}, "duration_ms": 99}
{"timestamp": "2026-07-08T17:00:08.737057Z", "level": "INFO", "logger": "httpx", "message": "HTTP Request: GET http://testserver/a2a/health \"HTTP/1.1 200 OK\"", "correlation_id": "8a12716271eb4029806d483edd34ec51", "service": "index-retriever-mcp-server", "service_instance": "index-retriever-local", "environment": "dev"}
{"timestamp": "2026-07-08T17:00:08.810855Z", "level": "INFO", "logger": "cloud_dog_logging.integrity", "message": "audit_integrity_check", "correlation_id": "8a12716271eb4029806d483edd34ec51", "service": "index-retriever-mcp-server", "service_instance": "index-retriever-local", "environment": "dev", "extra": {"integrity_record": {"timestamp": "2026-07-08T17:00:08.810Z", "record_type": "audit_integrity_check", "service": "index-retriever-mcp-server", "service_instance": "index-retriever-local", "audit_log_path": "logs/audit.log.jsonl", "hash_algorithm": "sha256", "hash_value": "9d90c3b969f1d027c67f01e4a10cf653aabc19a929e37a933f5270fba3fcbe68", "file_size_bytes": 678776, "line_count": 765, "last_event_timestamp": "2026-07-08T17:00:08.725Z", "verification_status": "valid", "trigger": "shutdown"}}}
{"timestamp": "2026-07-08T17:00:08.854514Z", "level": "INFO", "logger": "cloud_dog_logging.integrity", "message": "audit_integrity_check", "correlation_id": "8a12716271eb4029806d483edd34ec51", "service": "index-retriever-mcp-server", "service_instance": "index-retriever-local", "environment": "dev", "extra": {"integrity_record": {"timestamp": "2026-07-08T17:00:08.854Z", "record_type": "audit_integrity_check", "service": "index-retriever-mcp-server", "service_instance": "index-retriever-local", "audit_log_path": "logs/audit.log.jsonl", "hash_algorithm": "sha256", "hash_value": "9d90c3b969f1d027c67f01e4a10cf653aabc19a929e37a933f5270fba3fcbe68", "file_size_bytes": 678776, "line_count": 765, "last_event_timestamp": "2026-07-08T17:00:08.725Z", "verification_status": "valid", "trigger": "startup"}}}
{"timestamp": "2026-07-08T17:00:09.469911Z", "level": "INFO", "logger": "cloud_dog_api_kit.request_logging", "message": "Request started", "correlation_id": "8a12716271eb4029806d483edd34ec51", "service": "index-retriever-mcp-server", "service_instance": "index-retriever-local", "environment": "dev", "extra": {"request_id": "baf28a1d187741b4980091a623a80787", "correlation_id": null, "user": null, "method": "POST", "path": "/api/v1/tools/admin_collection_create", "client_ip": "testclient"}}
{"timestamp": "2026-07-08T17:00:09.483Z", "event_type": "mcp_tool.mcp.tool.admin_collection_create", "actor": {"type": "service", "id": "configured:ef797c8118f0", "roles": [], "ip": "unknown"}, "action": "mcp.tool.admin_collection_create", "outcome": "success", "severity": "INFO", "correlation_id": "8a12716271eb4029806d483edd34ec51", "trace_id": "8a12716271eb4029806d483edd34ec51", "request_id": "8a12716271eb4029806d483edd34ec51", "service": "unknown", "service_instance": "index-retriever-local", "component": "unknown", "source_host": "index-retriever-local", "source_process": "3925332", "source_application": "unknown", "process_id": "3925332", "environment": "dev", "target": {"type": "mcp_tool", "id": "admin_collection_create"}, "details": {"details": {"phase": "invoke", "profile": "default", "collection": "at_a2a_8e8f4a58"}}}
{"timestamp": "2026-07-08T17:00:09.571054Z", "level": "INFO", "logger": "httpx", "message": "HTTP Request: POST https://llm2.cloud-dog.net/api/embeddings \"HTTP/1.1 200 OK\"", "correlation_id": "8a12716271eb4029806d483edd34ec51", "service": "index-retriever-mcp-server", "service_instance": "index-retriever-local", "environment": "dev"}
{"timestamp": "2026-07-08T17:00:09.605078Z", "level": "INFO", "logger": "httpx", "message": "HTTP Request: POST https://chroma.cloud-dog.net/api/v2/tenants/default_tenant/databases/default_database/collections \"HTTP/1.1 200 OK\"", "correlation_id": "8a12716271eb4029806d483edd34ec51", "service": "index-retriever-mcp-server", "service_instance": "index-retriever-local", "environment": "dev"}
{"timestamp": "2026-07-08T17:00:09.618060Z", "level": "INFO", "logger": "cloud_dog_api_kit.request_logging", "message": "Request completed", "correlation_id": "8a12716271eb4029806d483edd34ec51", "service": "index-retriever-mcp-server", "service_instance": "index-retriever-local", "environment": "dev", "extra": {"request_id": "baf28a1d187741b4980091a623a80787", "correlation_id": null, "user": null, "method": "POST", "path": "/api/v1/tools/admin_collection_create", "status_code": 200, "duration_ms": 139.15, "client_ip": "testclient"}}
{"timestamp": "2026-07-08T17:00:09.626Z", "event_type": "http.create", "actor": {"type": "system", "id": "anonymous", "roles": [], "ip": "testclient", "user_agent": "testclient"}, "action": "create", "outcome": "success", "severity": "INFO", "correlation_id": "8a12716271eb4029806d483edd34ec51", "trace_id": "8a12716271eb4029806d483edd34ec51", "request_id": "8a12716271eb4029806d483edd34ec51", "service": "index-retriever-mcp-server", "service_instance": "index-retriever-local", "component": "http", "source_host": "index-retriever-local", "source_process": "3925332", "source_application": "testclient", "process_id": "3925332", "environment": "dev", "source_address": "testclient:50000", "destination_address": "testserver:80", "target": {"type": "endpoint", "id": "/api/v1/tools/admin_collection_create", "name": "POST /api/v1/tools/admin_collection_create"}, "details": {"status_code": 200, "method": "POST", "client_ip": "testclient"}, "duration_ms": 157}
{"timestamp": "2026-07-08T17:00:09.636410Z", "level": "INFO", "logger": "httpx", "message": "HTTP Request: POST http://testserver/api/v1/tools/admin_collection_create \"HTTP/1.1 200 OK\"", "correlation_id": "8a12716271eb4029806d483edd34ec51", "service": "index-retriever-mcp-server", "service_instance": "index-retriever-local", "environment": "dev"}
{"timestamp": "2026-07-08T17:00:09.707496Z", "level": "INFO", "logger": "cloud_dog_logging.integrity", "message": "audit_integrity_check", "correlation_id": "8a12716271eb4029806d483edd34ec51", "service": "index-retriever-mcp-server", "service_instance": "index-retriever-local", "environment": "dev", "extra": {"integrity_record": {"timestamp": "2026-07-08T17:00:09.707Z", "record_type": "audit_integrity_check", "service": "index-retriever-mcp-server", "service_instance": "index-retriever-local", "audit_log_path": "logs/audit.log.jsonl", "hash_algorithm": "sha256", "hash_value": "6c81bac4d9d99249dd2f6dfffb191a5ec7ac8d0cae4a6249e307ccfbcb410773", "file_size_bytes": 680577, "line_count": 767, "last_event_timestamp": "2026-07-08T17:00:09.626Z", "verification_status": "valid", "trigger": "shutdown"}}}
{"timestamp": "2026-07-08T17:00:09.759959Z", "level": "INFO", "logger": "cloud_dog_logging.integrity", "message": "audit_integrity_check", "correlation_id": "8a12716271eb4029806d483edd34ec51", "service": "index-retriever-mcp-server", "service_instance": "index-retriever-local", "environment": "dev", "extra": {"integrity_record": {"timestamp": "2026-07-08T17:00:09.759Z", "record_type": "audit_integrity_check", "service": "index-retriever-mcp-server", "service_instance": "index-retriever-local", "audit_log_path": "logs/audit.log.jsonl", "hash_algorithm": "sha256", "hash_value": "6c81bac4d9d99249dd2f6dfffb191a5ec7ac8d0cae4a6249e307ccfbcb410773", "file_size_bytes": 680577, "line_count": 767, "last_event_timestamp": "2026-07-08T17:00:09.626Z", "verification_status": "valid", "trigger": "startup"}}}
{"timestamp": "2026-07-08T17:00:10.409334Z", "level": "INFO", "logger": "cloud_dog_api_kit.request_logging", "message": "Request started", "correlation_id": "8a12716271eb4029806d483edd34ec51", "service": "index-retriever-mcp-server", "service_instance": "index-retriever-local", "environment": "dev", "extra": {"request_id": "785d1e2516c644d8962cfc3c4992566b", "correlation_id": null, "user": null, "method": "POST", "path": "/api/v1/tools/admin_collection_delete", "client_ip": "testclient"}}
{"timestamp": "2026-07-08T17:00:10.422Z", "event_type": "mcp_tool.mcp.tool.admin_collection_delete", "actor": {"type": "service", "id": "configured:ef797c8118f0", "roles": [], "ip": "unknown"}, "action": "mcp.tool.admin_collection_delete", "outcome": "success", "severity": "INFO", "correlation_id": "8a12716271eb4029806d483edd34ec51", "trace_id": "8a12716271eb4029806d483edd34ec51", "request_id": "8a12716271eb4029806d483edd34ec51", "service": "unknown", "service_instance": "index-retriever-local", "component": "unknown", "source_host": "index-retriever-local", "source_process": "3925332", "source_application": "unknown", "process_id": "3925332", "environment": "dev", "target": {"type": "mcp_tool", "id": "admin_collection_delete"}, "details": {"details": {"phase": "invoke", "profile": "default", "collection": "at_a2a_8e8f4a58"}}}
{"timestamp": "2026-07-08T17:00:10.471511Z", "level": "INFO", "logger": "httpx", "message": "HTTP Request: DELETE https://chroma.cloud-dog.net/api/v2/tenants/default_tenant/databases/default_database/collections/r1fa1b4cd_1ed8_default_at_a2a_8e8f4a58 \"HTTP/1.1 200 OK\"", "correlation_id": "8a12716271eb4029806d483edd34ec51", "service": "index-retriever-mcp-server", "service_instance": "index-retriever-local", "environment": "dev"}
{"timestamp": "2026-07-08T17:00:10.480962Z", "level": "INFO", "logger": "cloud_dog_api_kit.request_logging", "message": "Request completed", "correlation_id": "8a12716271eb4029806d483edd34ec51", "service": "index-retriever-mcp-server", "service_instance": "index-retriever-local", "environment": "dev", "extra": {"request_id": "785d1e2516c644d8962cfc3c4992566b", "correlation_id": null, "user": null, "method": "POST", "path": "/api/v1/tools/admin_collection_delete", "status_code": 200, "duration_ms": 62.3, "client_ip": "testclient"}}
{"timestamp": "2026-07-08T17:00:10.489Z", "event_type": "http.create", "actor": {"type": "system", "id": "anonymous", "roles": [], "ip": "testclient", "user_agent": "testclient"}, "action": "create", "outcome": "success", "severity": "INFO", "correlation_id": "8a12716271eb4029806d483edd34ec51", "trace_id": "8a12716271eb4029806d483edd34ec51", "request_id": "8a12716271eb4029806d483edd34ec51", "service": "index-retriever-mcp-server", "service_instance": "index-retriever-local", "component": "http", "source_host": "index-retriever-local", "source_process": "3925332", "source_application": "testclient", "process_id": "3925332", "environment": "dev", "source_address": "testclient:50000", "destination_address": "testserver:80", "target": {"type": "endpoint", "id": "/api/v1/tools/admin_collection_delete", "name": "POST /api/v1/tools/admin_collection_delete"}, "details": {"status_code": 200, "method": "POST", "client_ip": "testclient"}, "duration_ms": 80}
{"timestamp": "2026-07-08T17:00:10.497223Z", "level": "INFO", "logger": "httpx", "message": "HTTP Request: POST http://testserver/api/v1/tools/admin_collection_delete \"HTTP/1.1 200 OK\"", "correlation_id": "8a12716271eb4029806d483edd34ec51", "service": "index-retriever-mcp-server", "service_instance": "index-retriever-local", "environment": "dev"}
------------------------------ Captured log call -------------------------------
INFO     cloud_dog_logging.integrity:integrity.py:185 audit_integrity_check
________________ test_cross_backend_parity_fixture_and_contract ________________
----------------------------- Captured stdout call -----------------------------
{"timestamp": "2026-07-08T17:00:10.847067Z", "level": "INFO", "logger": "httpx", "message": "HTTP Request: POST https://chroma.cloud-dog.net/api/v2/tenants/default_tenant/databases/default_database/collections \"HTTP/1.1 200 OK\"", "correlation_id": "8a12716271eb4029806d483edd34ec51", "service": "index-retriever-mcp-server", "service_instance": "index-retriever-local", "environment": "dev"}
{"timestamp": "2026-07-08T17:00:10.898139Z", "level": "INFO", "logger": "httpx", "message": "HTTP Request: DELETE https://chroma.cloud-dog.net/api/v2/tenants/default_tenant/databases/default_database/collections/cloud_dog_ai_meta_parity_chroma_probe \"HTTP/1.1 200 OK\"", "correlation_id": "8a12716271eb4029806d483edd34ec51", "service": "index-retriever-mcp-server", "service_instance": "index-retriever-local", "environment": "dev"}
{"timestamp": "2026-07-08T17:00:11.030589Z", "level": "INFO", "logger": "httpx", "message": "HTTP Request: PUT https://qdrant.cloud-dog.net/collections/cloud_dog_ai_meta_parity_qdrant_probe \"HTTP/1.1 200 OK\"", "correlation_id": "8a12716271eb4029806d483edd34ec51", "service": "index-retriever-mcp-server", "service_instance": "index-retriever-local", "environment": "dev"}
{"timestamp": "2026-07-08T17:00:11.046315Z", "level": "INFO", "logger": "httpx", "message": "HTTP Request: GET https://qdrant.cloud-dog.net/collections/cloud_dog_ai_meta_parity_qdrant_probe \"HTTP/1.1 200 OK\"", "correlation_id": "8a12716271eb4029806d483edd34ec51", "service": "index-retriever-mcp-server", "service_instance": "index-retriever-local", "environment": "dev"}
{"timestamp": "2026-07-08T17:00:11.063662Z", "level": "INFO", "logger": "httpx", "message": "HTTP Request: DELETE https://qdrant.cloud-dog.net/collections/cloud_dog_ai_meta_parity_qdrant_probe \"HTTP/1.1 200 OK\"", "correlation_id": "8a12716271eb4029806d483edd34ec51", "service": "index-retriever-mcp-server", "service_instance": "index-retriever-local", "environment": "dev"}
{"timestamp": "2026-07-08T17:00:11.214329Z", "level": "INFO", "logger": "httpx", "message": "HTTP Request: PUT http://opensearch0.app.vpc0.cloud-dog.net:1201/cloud_dog_ai_meta_parity_opensearch_probe \"HTTP/1.1 200 OK\"", "correlation_id": "8a12716271eb4029806d483edd34ec51", "service": "index-retriever-mcp-server", "service_instance": "index-retriever-local", "environment": "dev"}
{"timestamp": "2026-07-08T17:00:11.260407Z", "level": "INFO", "logger": "httpx", "message": "HTTP Request: DELETE http://opensearch0.app.vpc0.cloud-dog.net:1201/cloud_dog_ai_meta_parity_opensearch_probe \"HTTP/1.1 200 OK\"", "correlation_id": "8a12716271eb4029806d483edd34ec51", "service": "index-retriever-mcp-server", "service_instance": "index-retriever-local", "environment": "dev"}
{"timestamp": "2026-07-08T17:00:12.660841Z", "level": "INFO", "logger": "httpx", "message": "HTTP Request: POST https://weaviate.cloud-dog.net/v1/schema \"HTTP/1.1 200 OK\"", "correlation_id": "8a12716271eb4029806d483edd34ec51", "service": "index-retriever-mcp-server", "service_instance": "index-retriever-local", "environment": "dev"}
{"timestamp": "2026-07-08T17:00:13.767345Z", "level": "INFO", "logger": "httpx", "message": "HTTP Request: DELETE https://weaviate.cloud-dog.net/v1/schema/CloudDogAiMetaParityWeaviateProbe \"HTTP/1.1 200 OK\"", "correlation_id": "8a12716271eb4029806d483edd34ec51", "service": "index-retriever-mcp-server", "service_instance": "index-retriever-local", "environment": "dev"}
{"timestamp": "2026-07-08T17:00:13.798185Z", "level": "INFO", "logger": "httpx", "message": "HTTP Request: POST https://chroma.cloud-dog.net/api/v2/tenants/default_tenant/databases/default_database/collections \"HTTP/1.1 200 OK\"", "correlation_id": "8a12716271eb4029806d483edd34ec51", "service": "index-retriever-mcp-server", "service_instance": "index-retriever-local", "environment": "dev"}
{"timestamp": "2026-07-08T17:00:14.459384Z", "level": "INFO", "logger": "httpx", "message": "HTTP Request: GET https://chroma.cloud-dog.net/api/v2/tenants/default_tenant/databases/default_database/collections \"HTTP/1.1 200 OK\"", "correlation_id": "8a12716271eb4029806d483edd34ec51", "service": "index-retriever-mcp-server", "service_instance": "index-retriever-local", "environment": "dev"}
{"timestamp": "2026-07-08T17:00:15.331045Z", "level": "INFO", "logger": "httpx", "message": "HTTP Request: POST https://chroma.cloud-dog.net/api/v2/tenants/default_tenant/databases/default_database/collections/30e7eab4-7cc7-4bf7-939d-d77a53ec18ba/upsert \"HTTP/1.1 200 OK\"", "correlation_id": "8a12716271eb4029806d483edd34ec51", "service": "index-retriever-mcp-server", "service_instance": "index-retriever-local", "environment": "dev"}
{"timestamp": "2026-07-08T17:00:15.403820Z", "level": "INFO", "logger": "httpx", "message": "HTTP Request: DELETE https://chroma.cloud-dog.net/api/v2/tenants/default_tenant/databases/default_database/collections/cloud_dog_ai_meta_parity_chroma_e8bef95f \"HTTP/1.1 200 OK\"", "correlation_id": "8a12716271eb4029806d483edd34ec51", "service": "index-retriever-mcp-server", "service_instance": "index-retriever-local", "environment": "dev"}
{"timestamp": "2026-07-08T17:00:15.515576Z", "level": "INFO", "logger": "httpx", "message": "HTTP Request: PUT https://qdrant.cloud-dog.net/collections/cloud_dog_ai_meta_parity_qdrant_e824acac \"HTTP/1.1 200 OK\"", "correlation_id": "8a12716271eb4029806d483edd34ec51", "service": "index-retriever-mcp-server", "service_instance": "index-retriever-local", "environment": "dev"}
{"timestamp": "2026-07-08T17:00:15.530849Z", "level": "INFO", "logger": "httpx", "message": "HTTP Request: GET https://qdrant.cloud-dog.net/collections/cloud_dog_ai_meta_parity_qdrant_e824acac \"HTTP/1.1 200 OK\"", "correlation_id": "8a12716271eb4029806d483edd34ec51", "service": "index-retriever-mcp-server", "service_instance": "index-retriever-local", "environment": "dev"}
{"timestamp": "2026-07-08T17:00:15.549357Z", "level": "INFO", "logger": "httpx", "message": "HTTP Request: PUT https://qdrant.cloud-dog.net/collections/cloud_dog_ai_meta_parity_qdrant_e824acac/points?wait=true \"HTTP/1.1 200 OK\"", "correlation_id": "8a12716271eb4029806d483edd34ec51", "service": "index-retriever-mcp-server", "service_instance": "index-retriever-local", "environment": "dev"}
{"timestamp": "2026-07-08T17:00:15.566614Z", "level": "INFO", "logger": "httpx", "message": "HTTP Request: DELETE https://qdrant.cloud-dog.net/collections/cloud_dog_ai_meta_parity_qdrant_e824acac \"HTTP/1.1 200 OK\"", "correlation_id": "8a12716271eb4029806d483edd34ec51", "service": "index-retriever-mcp-server", "service_instance": "index-retriever-local", "environment": "dev"}
{"timestamp": "2026-07-08T17:00:15.930751Z", "level": "INFO", "logger": "httpx", "message": "HTTP Request: PUT http://opensearch0.app.vpc0.cloud-dog.net:1201/cloud_dog_ai_meta_parity_opensearch_984b454a \"HTTP/1.1 200 OK\"", "correlation_id": "8a12716271eb4029806d483edd34ec51", "service": "index-retriever-mcp-server", "service_instance": "index-retriever-local", "environment": "dev"}
{"timestamp": "2026-07-08T17:00:16.018476Z", "level": "INFO", "logger": "httpx", "message": "HTTP Request: POST http://opensearch0.app.vpc0.cloud-dog.net:1201/_bulk?refresh=true \"HTTP/1.1 200 OK\"", "correlation_id": "8a12716271eb4029806d483edd34ec51", "service": "index-retriever-mcp-server", "service_instance": "index-retriever-local", "environment": "dev"}
{"timestamp": "2026-07-08T17:00:16.071271Z", "level": "INFO", "logger": "httpx", "message": "HTTP Request: DELETE http://opensearch0.app.vpc0.cloud-dog.net:1201/cloud_dog_ai_meta_parity_opensearch_984b454a \"HTTP/1.1 200 OK\"", "correlation_id": "8a12716271eb4029806d483edd34ec51", "service": "index-retriever-mcp-server", "service_instance": "index-retriever-local", "environment": "dev"}
{"timestamp": "2026-07-08T17:00:17.580916Z", "level": "INFO", "logger": "httpx", "message": "HTTP Request: POST https://weaviate.cloud-dog.net/v1/schema \"HTTP/1.1 200 OK\"", "correlation_id": "8a12716271eb4029806d483edd34ec51", "service": "index-retriever-mcp-server", "service_instance": "index-retriever-local", "environment": "dev"}
{"timestamp": "2026-07-08T17:00:17.602700Z", "level": "INFO", "logger": "httpx", "message": "HTTP Request: POST https://weaviate.cloud-dog.net/v1/objects \"HTTP/1.1 200 OK\"", "correlation_id": "8a12716271eb4029806d483edd34ec51", "service": "index-retriever-mcp-server", "service_instance": "index-retriever-local", "environment": "dev"}
{"timestamp": "2026-07-08T17:00:18.610427Z", "level": "INFO", "logger": "httpx", "message": "HTTP Request: DELETE https://weaviate.cloud-dog.net/v1/schema/CloudDogAiMetaParityWeaviateC64a4c85 \"HTTP/1.1 200 OK\"", "correlation_id": "8a12716271eb4029806d483edd34ec51", "service": "index-retriever-mcp-server", "service_instance": "index-retriever-local", "environment": "dev"}
{"timestamp": "2026-07-08T17:00:18.626997Z", "level": "INFO", "logger": "httpx", "message": "HTTP Request: DELETE https://chroma.cloud-dog.net/api/v2/tenants/default_tenant/databases/default_database/collections/at1_8_parity_chroma \"HTTP/1.1 404 Not Found\"", "correlation_id": "8a12716271eb4029806d483edd34ec51", "service": "index-retriever-mcp-server", "service_instance": "index-retriever-local", "environment": "dev"}
{"timestamp": "2026-07-08T17:00:18.651593Z", "level": "INFO", "logger": "httpx", "message": "HTTP Request: POST https://chroma.cloud-dog.net/api/v2/tenants/default_tenant/databases/default_database/collections \"HTTP/1.1 200 OK\"", "correlation_id": "8a12716271eb4029806d483edd34ec51", "service": "index-retriever-mcp-server", "service_instance": "index-retriever-local", "environment": "dev"}
{"timestamp": "2026-07-08T17:00:19.318578Z", "level": "INFO", "logger": "httpx", "message": "HTTP Request: GET https://chroma.cloud-dog.net/api/v2/tenants/default_tenant/databases/default_database/collections \"HTTP/1.1 200 OK\"", "correlation_id": "8a12716271eb4029806d483edd34ec51", "service": "index-retriever-mcp-server", "service_instance": "index-retriever-local", "environment": "dev"}
{"timestamp": "2026-07-08T17:00:20.208576Z", "level": "INFO", "logger": "httpx", "message": "HTTP Request: POST https://chroma.cloud-dog.net/api/v2/tenants/default_tenant/databases/default_database/collections/c168e334-2ca1-40f6-9eff-074a9ee6d86d/upsert \"HTTP/1.1 200 OK\"", "correlation_id": "8a12716271eb4029806d483edd34ec51", "service": "index-retriever-mcp-server", "service_instance": "index-retriever-local", "environment": "dev"}
{"timestamp": "2026-07-08T17:00:20.776695Z", "level": "INFO", "logger": "httpx", "message": "HTTP Request: GET https://chroma.cloud-dog.net/api/v2/tenants/default_tenant/databases/default_database/collections \"HTTP/1.1 200 OK\"", "correlation_id": "8a12716271eb4029806d483edd34ec51", "service": "index-retriever-mcp-server", "service_instance": "index-retriever-local", "environment": "dev"}
{"timestamp": "2026-07-08T17:00:21.880224Z", "level": "INFO", "logger": "httpx", "message": "HTTP Request: POST https://chroma.cloud-dog.net/api/v2/tenants/default_tenant/databases/default_database/collections/c168e334-2ca1-40f6-9eff-074a9ee6d86d/query \"HTTP/1.1 200 OK\"", "correlation_id": "8a12716271eb4029806d483edd34ec51", "service": "index-retriever-mcp-server", "service_instance": "index-retriever-local", "environment": "dev"}
{"timestamp": "2026-07-08T17:00:22.432276Z", "level": "INFO", "logger": "httpx", "message": "HTTP Request: GET https://chroma.cloud-dog.net/api/v2/tenants/default_tenant/databases/default_database/collections \"HTTP/1.1 200 OK\"", "correlation_id": "8a12716271eb4029806d483edd34ec51", "service": "index-retriever-mcp-server", "service_instance": "index-retriever-local", "environment": "dev"}
{"timestamp": "2026-07-08T17:00:23.092922Z", "level": "INFO", "logger": "httpx", "message": "HTTP Request: POST https://chroma.cloud-dog.net/api/v2/tenants/default_tenant/databases/default_database/collections/c168e334-2ca1-40f6-9eff-074a9ee6d86d/upsert \"HTTP/1.1 200 OK\"", "correlation_id": "8a12716271eb4029806d483edd34ec51", "service": "index-retriever-mcp-server", "service_instance": "index-retriever-local", "environment": "dev"}
{"timestamp": "2026-07-08T17:00:23.157543Z", "level": "INFO", "logger": "httpx", "message": "HTTP Request: DELETE https://chroma.cloud-dog.net/api/v2/tenants/default_tenant/databases/default_database/collections/at1_8_parity_chroma \"HTTP/1.1 200 OK\"", "correlation_id": "8a12716271eb4029806d483edd34ec51", "service": "index-retriever-mcp-server", "service_instance": "index-retriever-local", "environment": "dev"}
{"timestamp": "2026-07-08T17:00:23.199023Z", "level": "INFO", "logger": "httpx", "message": "HTTP Request: DELETE https://qdrant.cloud-dog.net/collections/at1_8_parity_qdrant \"HTTP/1.1 200 OK\"", "correlation_id": "8a12716271eb4029806d483edd34ec51", "service": "index-retriever-mcp-server", "service_instance": "index-retriever-local", "environment": "dev"}
{"timestamp": "2026-07-08T17:00:23.304929Z", "level": "INFO", "logger": "httpx", "message": "HTTP Request: PUT https://qdrant.cloud-dog.net/collections/at1_8_parity_qdrant \"HTTP/1.1 200 OK\"", "correlation_id": "8a12716271eb4029806d483edd34ec51", "service": "index-retriever-mcp-server", "service_instance": "index-retriever-local", "environment": "dev"}
{"timestamp": "2026-07-08T17:00:23.315965Z", "level": "INFO", "logger": "httpx", "message": "HTTP Request: GET https://qdrant.cloud-dog.net/collections/at1_8_parity_qdrant \"HTTP/1.1 200 OK\"", "correlation_id": "8a12716271eb4029806d483edd34ec51", "service": "index-retriever-mcp-server", "service_instance": "index-retriever-local", "environment": "dev"}
{"timestamp": "2026-07-08T17:00:23.330770Z", "level": "INFO", "logger": "httpx", "message": "HTTP Request: PUT https://qdrant.cloud-dog.net/collections/at1_8_parity_qdrant/points?wait=true \"HTTP/1.1 200 OK\"", "correlation_id": "8a12716271eb4029806d483edd34ec51", "service": "index-retriever-mcp-server", "service_instance": "index-retriever-local", "environment": "dev"}
{"timestamp": "2026-07-08T17:00:23.370737Z", "level": "INFO", "logger": "httpx", "message": "HTTP Request: POST https://qdrant.cloud-dog.net/collections/at1_8_parity_qdrant/points/search \"HTTP/1.1 200 OK\"", "correlation_id": "8a12716271eb4029806d483edd34ec51", "service": "index-retriever-mcp-server", "service_instance": "index-retriever-local", "environment": "dev"}
{"timestamp": "2026-07-08T17:00:23.425953Z", "level": "INFO", "logger": "httpx", "message": "HTTP Request: PUT https://qdrant.cloud-dog.net/collections/at1_8_parity_qdrant/points?wait=true \"HTTP/1.1 200 OK\"", "correlation_id": "8a12716271eb4029806d483edd34ec51", "service": "index-retriever-mcp-server", "service_instance": "index-retriever-local", "environment": "dev"}
{"timestamp": "2026-07-08T17:00:23.446862Z", "level": "INFO", "logger": "httpx", "message": "HTTP Request: DELETE https://qdrant.cloud-dog.net/collections/at1_8_parity_qdrant \"HTTP/1.1 200 OK\"", "correlation_id": "8a12716271eb4029806d483edd34ec51", "service": "index-retriever-mcp-server", "service_instance": "index-retriever-local", "environment": "dev"}
{"timestamp": "2026-07-08T17:00:23.465896Z", "level": "INFO", "logger": "httpx", "message": "HTTP Request: DELETE http://opensearch0.app.vpc0.cloud-dog.net:1201/at1_8_parity_opensearch \"HTTP/1.1 404 Not Found\"", "correlation_id": "8a12716271eb4029806d483edd34ec51", "service": "index-retriever-mcp-server", "service_instance": "index-retriever-local", "environment": "dev"}
{"timestamp": "2026-07-08T17:00:23.599296Z", "level": "INFO", "logger": "httpx", "message": "HTTP Request: PUT http://opensearch0.app.vpc0.cloud-dog.net:1201/at1_8_parity_opensearch \"HTTP/1.1 200 OK\"", "correlation_id": "8a12716271eb4029806d483edd34ec51", "service": "index-retriever-mcp-server", "service_instance": "index-retriever-local", "environment": "dev"}
{"timestamp": "2026-07-08T17:00:23.677658Z", "level": "INFO", "logger": "httpx", "message": "HTTP Request: POST http://opensearch0.app.vpc0.cloud-dog.net:1201/_bulk?refresh=true \"HTTP/1.1 200 OK\"", "correlation_id": "8a12716271eb4029806d483edd34ec51", "service": "index-retriever-mcp-server", "service_instance": "index-retriever-local", "environment": "dev"}
{"timestamp": "2026-07-08T17:00:23.700745Z", "level": "INFO", "logger": "httpx", "message": "HTTP Request: POST http://opensearch0.app.vpc0.cloud-dog.net:1201/at1_8_parity_opensearch/_search \"HTTP/1.1 200 OK\"", "correlation_id": "8a12716271eb4029806d483edd34ec51", "service": "index-retriever-mcp-server", "service_instance": "index-retriever-local", "environment": "dev"}
{"timestamp": "2026-07-08T17:00:23.733050Z", "level": "INFO", "logger": "httpx", "message": "HTTP Request: POST http://opensearch0.app.vpc0.cloud-dog.net:1201/at1_8_parity_opensearch/_update/at1-8-opensearch?refresh=true \"HTTP/1.1 200 OK\"", "correlation_id": "8a12716271eb4029806d483edd34ec51", "service": "index-retriever-mcp-server", "service_instance": "index-retriever-local", "environment": "dev"}
{"timestamp": "2026-07-08T17:00:23.782516Z", "level": "INFO", "logger": "httpx", "message": "HTTP Request: DELETE http://opensearch0.app.vpc0.cloud-dog.net:1201/at1_8_parity_opensearch \"HTTP/1.1 200 OK\"", "correlation_id": "8a12716271eb4029806d483edd34ec51", "service": "index-retriever-mcp-server", "service_instance": "index-retriever-local", "environment": "dev"}
{"timestamp": "2026-07-08T17:00:25.428641Z", "level": "INFO", "logger": "httpx", "message": "HTTP Request: DELETE https://weaviate.cloud-dog.net/v1/schema/At18ParityWeaviate \"HTTP/1.1 200 OK\"", "correlation_id": "8a12716271eb4029806d483edd34ec51", "service": "index-retriever-mcp-server", "service_instance": "index-retriever-local", "environment": "dev"}
{"timestamp": "2026-07-08T17:00:26.581188Z", "level": "INFO", "logger": "httpx", "message": "HTTP Request: POST https://weaviate.cloud-dog.net/v1/schema \"HTTP/1.1 200 OK\"", "correlation_id": "8a12716271eb4029806d483edd34ec51", "service": "index-retriever-mcp-server", "service_instance": "index-retriever-local", "environment": "dev"}
{"timestamp": "2026-07-08T17:00:26.598883Z", "level": "INFO", "logger": "httpx", "message": "HTTP Request: POST https://weaviate.cloud-dog.net/v1/objects \"HTTP/1.1 200 OK\"", "correlation_id": "8a12716271eb4029806d483edd34ec51", "service": "index-retriever-mcp-server", "service_instance": "index-retriever-local", "environment": "dev"}
{"timestamp": "2026-07-08T17:00:26.612448Z", "level": "INFO", "logger": "httpx", "message": "HTTP Request: POST https://weaviate.cloud-dog.net/v1/graphql \"HTTP/1.1 200 OK\"", "correlation_id": "8a12716271eb4029806d483edd34ec51", "service": "index-retriever-mcp-server", "service_instance": "index-retriever-local", "environment": "dev"}
{"timestamp": "2026-07-08T17:00:26.626492Z", "level": "INFO", "logger": "httpx", "message": "HTTP Request: PUT https://weaviate.cloud-dog.net/v1/objects/d8ad3dd8-2faa-5ef5-944e-fe4c22075cf7 \"HTTP/1.1 200 OK\"", "correlation_id": "8a12716271eb4029806d483edd34ec51", "service": "index-retriever-mcp-server", "service_instance": "index-retriever-local", "environment": "dev"}
{"timestamp": "2026-07-08T17:00:27.667844Z", "level": "INFO", "logger": "httpx", "message": "HTTP Request: DELETE https://weaviate.cloud-dog.net/v1/schema/At18ParityWeaviate \"HTTP/1.1 200 OK\"", "correlation_id": "8a12716271eb4029806d483edd34ec51", "service": "index-retriever-mcp-server", "service_instance": "index-retriever-local", "environment": "dev"}
------------------------------ Captured log call -------------------------------
INFO     httpx:_client.py:1740 HTTP Request: POST https://chroma.cloud-dog.net/api/v2/tenants/default_tenant/databases/default_database/collections "HTTP/1.1 200 OK"
INFO     httpx:_client.py:1740 HTTP Request: DELETE https://chroma.cloud-dog.net/api/v2/tenants/default_tenant/databases/default_database/collections/cloud_dog_ai_meta_parity_chroma_probe "HTTP/1.1 200 OK"
INFO     httpx:_client.py:1740 HTTP Request: PUT https://qdrant.cloud-dog.net/collections/cloud_dog_ai_meta_parity_qdrant_probe "HTTP/1.1 200 OK"
INFO     httpx:_client.py:1740 HTTP Request: GET https://qdrant.cloud-dog.net/collections/cloud_dog_ai_meta_parity_qdrant_probe "HTTP/1.1 200 OK"
INFO     httpx:_client.py:1740 HTTP Request: DELETE https://qdrant.cloud-dog.net/collections/cloud_dog_ai_meta_parity_qdrant_probe "HTTP/1.1 200 OK"
INFO     httpx:_client.py:1740 HTTP Request: PUT http://opensearch0.app.vpc0.cloud-dog.net:1201/cloud_dog_ai_meta_parity_opensearch_probe "HTTP/1.1 200 OK"
INFO     httpx:_client.py:1740 HTTP Request: DELETE http://opensearch0.app.vpc0.cloud-dog.net:1201/cloud_dog_ai_meta_parity_opensearch_probe "HTTP/1.1 200 OK"
INFO     httpx:_client.py:1740 HTTP Request: POST https://weaviate.cloud-dog.net/v1/schema "HTTP/1.1 200 OK"
INFO     httpx:_client.py:1740 HTTP Request: DELETE https://weaviate.cloud-dog.net/v1/schema/CloudDogAiMetaParityWeaviateProbe "HTTP/1.1 200 OK"
INFO     httpx:_client.py:1740 HTTP Request: POST https://chroma.cloud-dog.net/api/v2/tenants/default_tenant/databases/default_database/collections "HTTP/1.1 200 OK"
INFO     httpx:_client.py:1740 HTTP Request: GET https://chroma.cloud-dog.net/api/v2/tenants/default_tenant/databases/default_database/collections "HTTP/1.1 200 OK"
INFO     httpx:_client.py:1740 HTTP Request: POST https://chroma.cloud-dog.net/api/v2/tenants/default_tenant/databases/default_database/collections/30e7eab4-7cc7-4bf7-939d-d77a53ec18ba/upsert "HTTP/1.1 200 OK"
INFO     httpx:_client.py:1740 HTTP Request: DELETE https://chroma.cloud-dog.net/api/v2/tenants/default_tenant/databases/default_database/collections/cloud_dog_ai_meta_parity_chroma_e8bef95f "HTTP/1.1 200 OK"
INFO     httpx:_client.py:1740 HTTP Request: PUT https://qdrant.cloud-dog.net/collections/cloud_dog_ai_meta_parity_qdrant_e824acac "HTTP/1.1 200 OK"
INFO     httpx:_client.py:1740 HTTP Request: GET https://qdrant.cloud-dog.net/collections/cloud_dog_ai_meta_parity_qdrant_e824acac "HTTP/1.1 200 OK"
INFO     httpx:_client.py:1740 HTTP Request: PUT https://qdrant.cloud-dog.net/collections/cloud_dog_ai_meta_parity_qdrant_e824acac/points?wait=true "HTTP/1.1 200 OK"
INFO     httpx:_client.py:1740 HTTP Request: DELETE https://qdrant.cloud-dog.net/collections/cloud_dog_ai_meta_parity_qdrant_e824acac "HTTP/1.1 200 OK"
INFO     httpx:_client.py:1740 HTTP Request: PUT http://opensearch0.app.vpc0.cloud-dog.net:1201/cloud_dog_ai_meta_parity_opensearch_984b454a "HTTP/1.1 200 OK"
INFO     httpx:_client.py:1740 HTTP Request: POST http://opensearch0.app.vpc0.cloud-dog.net:1201/_bulk?refresh=true "HTTP/1.1 200 OK"
INFO     httpx:_client.py:1740 HTTP Request: DELETE http://opensearch0.app.vpc0.cloud-dog.net:1201/cloud_dog_ai_meta_parity_opensearch_984b454a "HTTP/1.1 200 OK"
INFO     httpx:_client.py:1740 HTTP Request: POST https://weaviate.cloud-dog.net/v1/schema "HTTP/1.1 200 OK"
INFO     httpx:_client.py:1740 HTTP Request: POST https://weaviate.cloud-dog.net/v1/objects "HTTP/1.1 200 OK"
INFO     httpx:_client.py:1740 HTTP Request: DELETE https://weaviate.cloud-dog.net/v1/schema/CloudDogAiMetaParityWeaviateC64a4c85 "HTTP/1.1 200 OK"
INFO     httpx:_client.py:1740 HTTP Request: DELETE https://chroma.cloud-dog.net/api/v2/tenants/default_tenant/databases/default_database/collections/at1_8_parity_chroma "HTTP/1.1 404 Not Found"
INFO     httpx:_client.py:1740 HTTP Request: POST https://chroma.cloud-dog.net/api/v2/tenants/default_tenant/databases/default_database/collections "HTTP/1.1 200 OK"
INFO     httpx:_client.py:1740 HTTP Request: GET https://chroma.cloud-dog.net/api/v2/tenants/default_tenant/databases/default_database/collections "HTTP/1.1 200 OK"
INFO     httpx:_client.py:1740 HTTP Request: POST https://chroma.cloud-dog.net/api/v2/tenants/default_tenant/databases/default_database/collections/c168e334-2ca1-40f6-9eff-074a9ee6d86d/upsert "HTTP/1.1 200 OK"
INFO     httpx:_client.py:1740 HTTP Request: GET https://chroma.cloud-dog.net/api/v2/tenants/default_tenant/databases/default_database/collections "HTTP/1.1 200 OK"
INFO     httpx:_client.py:1740 HTTP Request: POST https://chroma.cloud-dog.net/api/v2/tenants/default_tenant/databases/default_database/collections/c168e334-2ca1-40f6-9eff-074a9ee6d86d/query "HTTP/1.1 200 OK"
INFO     httpx:_client.py:1740 HTTP Request: GET https://chroma.cloud-dog.net/api/v2/tenants/default_tenant/databases/default_database/collections "HTTP/1.1 200 OK"
INFO     httpx:_client.py:1740 HTTP Request: POST https://chroma.cloud-dog.net/api/v2/tenants/default_tenant/databases/default_database/collections/c168e334-2ca1-40f6-9eff-074a9ee6d86d/upsert "HTTP/1.1 200 OK"
INFO     httpx:_client.py:1740 HTTP Request: DELETE https://chroma.cloud-dog.net/api/v2/tenants/default_tenant/databases/default_database/collections/at1_8_parity_chroma "HTTP/1.1 200 OK"
INFO     httpx:_client.py:1740 HTTP Request: DELETE https://qdrant.cloud-dog.net/collections/at1_8_parity_qdrant "HTTP/1.1 200 OK"
INFO     httpx:_client.py:1740 HTTP Request: PUT https://qdrant.cloud-dog.net/collections/at1_8_parity_qdrant "HTTP/1.1 200 OK"
INFO     httpx:_client.py:1740 HTTP Request: GET https://qdrant.cloud-dog.net/collections/at1_8_parity_qdrant "HTTP/1.1 200 OK"
INFO     httpx:_client.py:1740 HTTP Request: PUT https://qdrant.cloud-dog.net/collections/at1_8_parity_qdrant/points?wait=true "HTTP/1.1 200 OK"
INFO     httpx:_client.py:1740 HTTP Request: POST https://qdrant.cloud-dog.net/collections/at1_8_parity_qdrant/points/search "HTTP/1.1 200 OK"
INFO     httpx:_client.py:1740 HTTP Request: PUT https://qdrant.cloud-dog.net/collections/at1_8_parity_qdrant/points?wait=true "HTTP/1.1 200 OK"
INFO     httpx:_client.py:1740 HTTP Request: DELETE https://qdrant.cloud-dog.net/collections/at1_8_parity_qdrant "HTTP/1.1 200 OK"
INFO     httpx:_client.py:1740 HTTP Request: DELETE http://opensearch0.app.vpc0.cloud-dog.net:1201/at1_8_parity_opensearch "HTTP/1.1 404 Not Found"
INFO     httpx:_client.py:1740 HTTP Request: PUT http://opensearch0.app.vpc0.cloud-dog.net:1201/at1_8_parity_opensearch "HTTP/1.1 200 OK"
INFO     httpx:_client.py:1740 HTTP Request: POST http://opensearch0.app.vpc0.cloud-dog.net:1201/_bulk?refresh=true "HTTP/1.1 200 OK"
INFO     httpx:_client.py:1740 HTTP Request: POST http://opensearch0.app.vpc0.cloud-dog.net:1201/at1_8_parity_opensearch/_search "HTTP/1.1 200 OK"
INFO     httpx:_client.py:1740 HTTP Request: POST http://opensearch0.app.vpc0.cloud-dog.net:1201/at1_8_parity_opensearch/_update/at1-8-opensearch?refresh=true "HTTP/1.1 200 OK"
INFO     httpx:_client.py:1740 HTTP Request: DELETE http://opensearch0.app.vpc0.cloud-dog.net:1201/at1_8_parity_opensearch "HTTP/1.1 200 OK"
INFO     httpx:_client.py:1740 HTTP Request: DELETE https://weaviate.cloud-dog.net/v1/schema/At18ParityWeaviate "HTTP/1.1 200 OK"
INFO     httpx:_client.py:1740 HTTP Request: POST https://weaviate.cloud-dog.net/v1/schema "HTTP/1.1 200 OK"
INFO     httpx:_client.py:1740 HTTP Request: POST https://weaviate.cloud-dog.net/v1/objects "HTTP/1.1 200 OK"
INFO     httpx:_client.py:1740 HTTP Request: POST https://weaviate.cloud-dog.net/v1/graphql "HTTP/1.1 200 OK"
INFO     httpx:_client.py:1740 HTTP Request: PUT https://weaviate.cloud-dog.net/v1/objects/d8ad3dd8-2faa-5ef5-944e-fe4c22075cf7 "HTTP/1.1 200 OK"
INFO     httpx:_client.py:1740 HTTP Request: DELETE https://weaviate.cloud-dog.net/v1/schema/At18ParityWeaviate "HTTP/1.1 200 OK"
_____________________ test_no_fallback_backend_identity_at _____________________
----------------------------- Captured stdout call -----------------------------
{"timestamp": "2026-07-08T17:00:28.493203Z", "level": "INFO", "logger": "httpx", "message": "HTTP Request: GET https://chroma.cloud-dog.net/api/v2/heartbeat \"HTTP/1.1 200 OK\"", "correlation_id": "8a12716271eb4029806d483edd34ec51", "service": "index-retriever-mcp-server", "service_instance": "index-retriever-local", "environment": "dev"}
------------------------------ Captured log call -------------------------------
INFO     httpx:_client.py:1740 HTTP Request: GET https://chroma.cloud-dog.net/api/v2/heartbeat "HTTP/1.1 200 OK"
_____________________ test_at2_1_chroma_qdrant_consistency _____________________
----------------------------- Captured stdout call -----------------------------
{"timestamp": "2026-07-08T17:00:28.947846Z", "level": "INFO", "logger": "httpx", "message": "HTTP Request: GET https://chroma.cloud-dog.net/api/v2/heartbeat \"HTTP/1.1 200 OK\"", "correlation_id": "8a12716271eb4029806d483edd34ec51", "service": "index-retriever-mcp-server", "service_instance": "index-retriever-local", "environment": "dev"}
{"timestamp": "2026-07-08T17:00:28.987242Z", "level": "INFO", "logger": "httpx", "message": "HTTP Request: GET https://qdrant.cloud-dog.net/collections \"HTTP/1.1 200 OK\"", "correlation_id": "8a12716271eb4029806d483edd34ec51", "service": "index-retriever-mcp-server", "service_instance": "index-retriever-local", "environment": "dev"}
{"timestamp": "2026-07-08T17:00:29.117199Z", "level": "INFO", "logger": "httpx", "message": "HTTP Request: POST https://llm2.cloud-dog.net/api/embeddings \"HTTP/1.1 200 OK\"", "correlation_id": "8a12716271eb4029806d483edd34ec51", "service": "index-retriever-mcp-server", "service_instance": "index-retriever-local", "environment": "dev"}
{"timestamp": "2026-07-08T17:00:29.144731Z", "level": "INFO", "logger": "httpx", "message": "HTTP Request: POST https://chroma.cloud-dog.net/api/v2/tenants/default_tenant/databases/default_database/collections \"HTTP/1.1 200 OK\"", "correlation_id": "8a12716271eb4029806d483edd34ec51", "service": "index-retriever-mcp-server", "service_instance": "index-retriever-local", "environment": "dev"}
{"timestamp": "2026-07-08T17:00:29.268423Z", "level": "INFO", "logger": "httpx", "message": "HTTP Request: POST https://llm2.cloud-dog.net/api/embeddings \"HTTP/1.1 200 OK\"", "correlation_id": "8a12716271eb4029806d483edd34ec51", "service": "index-retriever-mcp-server", "service_instance": "index-retriever-local", "environment": "dev"}
{"timestamp": "2026-07-08T17:00:29.871166Z", "level": "INFO", "logger": "httpx", "message": "HTTP Request: GET https://chroma.cloud-dog.net/api/v2/tenants/default_tenant/databases/default_database/collections \"HTTP/1.1 200 OK\"", "correlation_id": "8a12716271eb4029806d483edd34ec51", "service": "index-retriever-mcp-server", "service_instance": "index-retriever-local", "environment": "dev"}
{"timestamp": "2026-07-08T17:00:30.569925Z", "level": "INFO", "logger": "httpx", "message": "HTTP Request: POST https://chroma.cloud-dog.net/api/v2/tenants/default_tenant/databases/default_database/collections/6947d91e-6267-41f8-947c-b2cabedd750c/upsert \"HTTP/1.1 200 OK\"", "correlation_id": "8a12716271eb4029806d483edd34ec51", "service": "index-retriever-mcp-server", "service_instance": "index-retriever-local", "environment": "dev"}
{"timestamp": "2026-07-08T17:00:31.132752Z", "level": "INFO", "logger": "httpx", "message": "HTTP Request: GET https://chroma.cloud-dog.net/api/v2/tenants/default_tenant/databases/default_database/collections \"HTTP/1.1 200 OK\"", "correlation_id": "8a12716271eb4029806d483edd34ec51", "service": "index-retriever-mcp-server", "service_instance": "index-retriever-local", "environment": "dev"}
{"timestamp": "2026-07-08T17:00:31.794673Z", "level": "INFO", "logger": "httpx", "message": "HTTP Request: POST https://chroma.cloud-dog.net/api/v2/tenants/default_tenant/databases/default_database/collections/6947d91e-6267-41f8-947c-b2cabedd750c/query \"HTTP/1.1 200 OK\"", "correlation_id": "8a12716271eb4029806d483edd34ec51", "service": "index-retriever-mcp-server", "service_instance": "index-retriever-local", "environment": "dev"}
{"timestamp": "2026-07-08T17:00:31.884079Z", "level": "INFO", "logger": "httpx", "message": "HTTP Request: PUT https://qdrant.cloud-dog.net/collections/r1fa1b4cd_6559_default_at2_1_qdrant \"HTTP/1.1 200 OK\"", "correlation_id": "8a12716271eb4029806d483edd34ec51", "service": "index-retriever-mcp-server", "service_instance": "index-retriever-local", "environment": "dev"}
{"timestamp": "2026-07-08T17:00:31.896375Z", "level": "INFO", "logger": "httpx", "message": "HTTP Request: GET https://qdrant.cloud-dog.net/collections/r1fa1b4cd_6559_default_at2_1_qdrant \"HTTP/1.1 200 OK\"", "correlation_id": "8a12716271eb4029806d483edd34ec51", "service": "index-retriever-mcp-server", "service_instance": "index-retriever-local", "environment": "dev"}
{"timestamp": "2026-07-08T17:00:31.985178Z", "level": "INFO", "logger": "httpx", "message": "HTTP Request: POST https://llm2.cloud-dog.net/api/embeddings \"HTTP/1.1 200 OK\"", "correlation_id": "8a12716271eb4029806d483edd34ec51", "service": "index-retriever-mcp-server", "service_instance": "index-retriever-local", "environment": "dev"}
{"timestamp": "2026-07-08T17:00:32.040966Z", "level": "INFO", "logger": "httpx", "message": "HTTP Request: PUT https://qdrant.cloud-dog.net/collections/r1fa1b4cd_6559_default_at2_1_qdrant/points?wait=true \"HTTP/1.1 200 OK\"", "correlation_id": "8a12716271eb4029806d483edd34ec51", "service": "index-retriever-mcp-server", "service_instance": "index-retriever-local", "environment": "dev"}
{"timestamp": "2026-07-08T17:00:32.065179Z", "level": "INFO", "logger": "httpx", "message": "HTTP Request: POST https://qdrant.cloud-dog.net/collections/r1fa1b4cd_6559_default_at2_1_qdrant/points/search \"HTTP/1.1 200 OK\"", "correlation_id": "8a12716271eb4029806d483edd34ec51", "service": "index-retriever-mcp-server", "service_instance": "index-retriever-local", "environment": "dev"}
{"timestamp": "2026-07-08T17:00:32.167317Z", "level": "INFO", "logger": "httpx", "message": "HTTP Request: DELETE https://chroma.cloud-dog.net/api/v2/tenants/default_tenant/databases/default_database/collections/r1fa1b4cd_6559_default_at2_1_chroma \"HTTP/1.1 200 OK\"", "correlation_id": "8a12716271eb4029806d483edd34ec51", "service": "index-retriever-mcp-server", "service_instance": "index-retriever-local", "environment": "dev"}
{"timestamp": "2026-07-08T17:00:32.189113Z", "level": "INFO", "logger": "httpx", "message": "HTTP Request: DELETE https://qdrant.cloud-dog.net/collections/r1fa1b4cd_6559_default_at2_1_qdrant \"HTTP/1.1 200 OK\"", "correlation_id": "8a12716271eb4029806d483edd34ec51", "service": "index-retriever-mcp-server", "service_instance": "index-retriever-local", "environment": "dev"}
{"timestamp": "2026-07-08T17:00:32.201289Z", "level": "INFO", "logger": "httpx", "message": "HTTP Request: DELETE https://qdrant.cloud-dog.net/collections/r1fa1b4cd_6559_default_at2_1_qdrant \"HTTP/1.1 200 OK\"", "correlation_id": "8a12716271eb4029806d483edd34ec51", "service": "index-retriever-mcp-server", "service_instance": "index-retriever-local", "environment": "dev"}
{"timestamp": "2026-07-08T17:00:32.219263Z", "level": "INFO", "logger": "httpx", "message": "HTTP Request: DELETE https://chroma.cloud-dog.net/api/v2/tenants/default_tenant/databases/default_database/collections/r1fa1b4cd_6559_default_at2_1_chroma \"HTTP/1.1 404 Not Found\"", "correlation_id": "8a12716271eb4029806d483edd34ec51", "service": "index-retriever-mcp-server", "service_instance": "index-retriever-local", "environment": "dev"}
------------------------------ Captured log call -------------------------------
INFO     httpx:_client.py:1740 HTTP Request: GET https://chroma.cloud-dog.net/api/v2/heartbeat "HTTP/1.1 200 OK"
INFO     httpx:_client.py:1740 HTTP Request: GET https://qdrant.cloud-dog.net/collections "HTTP/1.1 200 OK"
INFO     httpx:_client.py:1740 HTTP Request: POST https://llm2.cloud-dog.net/api/embeddings "HTTP/1.1 200 OK"
INFO     httpx:_client.py:1740 HTTP Request: POST https://chroma.cloud-dog.net/api/v2/tenants/default_tenant/databases/default_database/collections "HTTP/1.1 200 OK"
INFO     httpx:_client.py:1740 HTTP Request: POST https://llm2.cloud-dog.net/api/embeddings "HTTP/1.1 200 OK"
INFO     httpx:_client.py:1740 HTTP Request: GET https://chroma.cloud-dog.net/api/v2/tenants/default_tenant/databases/default_database/collections "HTTP/1.1 200 OK"
INFO     httpx:_client.py:1740 HTTP Request: POST https://chroma.cloud-dog.net/api/v2/tenants/default_tenant/databases/default_database/collections/6947d91e-6267-41f8-947c-b2cabedd750c/upsert "HTTP/1.1 200 OK"
INFO     httpx:_client.py:1740 HTTP Request: GET https://chroma.cloud-dog.net/api/v2/tenants/default_tenant/databases/default_database/collections "HTTP/1.1 200 OK"
INFO     httpx:_client.py:1740 HTTP Request: POST https://chroma.cloud-dog.net/api/v2/tenants/default_tenant/databases/default_database/collections/6947d91e-6267-41f8-947c-b2cabedd750c/query "HTTP/1.1 200 OK"
INFO     httpx:_client.py:1740 HTTP Request: PUT https://qdrant.cloud-dog.net/collections/r1fa1b4cd_6559_default_at2_1_qdrant "HTTP/1.1 200 OK"
INFO     httpx:_client.py:1740 HTTP Request: GET https://qdrant.cloud-dog.net/collections/r1fa1b4cd_6559_default_at2_1_qdrant "HTTP/1.1 200 OK"
INFO     httpx:_client.py:1740 HTTP Request: POST https://llm2.cloud-dog.net/api/embeddings "HTTP/1.1 200 OK"
INFO     httpx:_client.py:1740 HTTP Request: PUT https://qdrant.cloud-dog.net/collections/r1fa1b4cd_6559_default_at2_1_qdrant/points?wait=true "HTTP/1.1 200 OK"
INFO     httpx:_client.py:1740 HTTP Request: POST https://qdrant.cloud-dog.net/collections/r1fa1b4cd_6559_default_at2_1_qdrant/points/search "HTTP/1.1 200 OK"
INFO     httpx:_client.py:1740 HTTP Request: DELETE https://chroma.cloud-dog.net/api/v2/tenants/default_tenant/databases/default_database/collections/r1fa1b4cd_6559_default_at2_1_chroma "HTTP/1.1 200 OK"
INFO     httpx:_client.py:1740 HTTP Request: DELETE https://qdrant.cloud-dog.net/collections/r1fa1b4cd_6559_default_at2_1_qdrant "HTTP/1.1 200 OK"
INFO     httpx:_client.py:1740 HTTP Request: DELETE https://qdrant.cloud-dog.net/collections/r1fa1b4cd_6559_default_at2_1_qdrant "HTTP/1.1 200 OK"
INFO     httpx:_client.py:1740 HTTP Request: DELETE https://chroma.cloud-dog.net/api/v2/tenants/default_tenant/databases/default_database/collections/r1fa1b4cd_6559_default_at2_1_chroma "HTTP/1.1 404 Not Found"
__________________ test_at2_2_pgvector_opensearch_consistency __________________
----------------------------- Captured stdout call -----------------------------
{"timestamp": "2026-07-08T17:00:32.710415Z", "level": "INFO", "logger": "httpx", "message": "HTTP Request: GET http://opensearch0.app.vpc0.cloud-dog.net:1201/ \"HTTP/1.1 200 OK\"", "correlation_id": "8a12716271eb4029806d483edd34ec51", "service": "index-retriever-mcp-server", "service_instance": "index-retriever-local", "environment": "dev"}
{"timestamp": "2026-07-08T17:00:32.824725Z", "level": "INFO", "logger": "httpx", "message": "HTTP Request: POST https://llm2.cloud-dog.net/api/embeddings \"HTTP/1.1 200 OK\"", "correlation_id": "8a12716271eb4029806d483edd34ec51", "service": "index-retriever-mcp-server", "service_instance": "index-retriever-local", "environment": "dev"}
{"timestamp": "2026-07-08T17:00:38.752156Z", "level": "INFO", "logger": "httpx", "message": "HTTP Request: POST https://llm2.cloud-dog.net/api/embeddings \"HTTP/1.1 200 OK\"", "correlation_id": "8a12716271eb4029806d483edd34ec51", "service": "index-retriever-mcp-server", "service_instance": "index-retriever-local", "environment": "dev"}
{"timestamp": "2026-07-08T17:00:39.028524Z", "level": "INFO", "logger": "httpx", "message": "HTTP Request: PUT http://opensearch0.app.vpc0.cloud-dog.net:1201/r1fa1b4cd_cdbf_default_at2_2_opensearch \"HTTP/1.1 200 OK\"", "correlation_id": "8a12716271eb4029806d483edd34ec51", "service": "index-retriever-mcp-server", "service_instance": "index-retriever-local", "environment": "dev"}
{"timestamp": "2026-07-08T17:00:39.127085Z", "level": "INFO", "logger": "httpx", "message": "HTTP Request: POST https://llm2.cloud-dog.net/api/embeddings \"HTTP/1.1 200 OK\"", "correlation_id": "8a12716271eb4029806d483edd34ec51", "service": "index-retriever-mcp-server", "service_instance": "index-retriever-local", "environment": "dev"}
{"timestamp": "2026-07-08T17:00:39.232058Z", "level": "INFO", "logger": "httpx", "message": "HTTP Request: POST http://opensearch0.app.vpc0.cloud-dog.net:1201/_bulk?refresh=true \"HTTP/1.1 200 OK\"", "correlation_id": "8a12716271eb4029806d483edd34ec51", "service": "index-retriever-mcp-server", "service_instance": "index-retriever-local", "environment": "dev"}
{"timestamp": "2026-07-08T17:00:39.256001Z", "level": "INFO", "logger": "httpx", "message": "HTTP Request: POST http://opensearch0.app.vpc0.cloud-dog.net:1201/r1fa1b4cd_cdbf_default_at2_2_opensearch/_search \"HTTP/1.1 200 OK\"", "correlation_id": "8a12716271eb4029806d483edd34ec51", "service": "index-retriever-mcp-server", "service_instance": "index-retriever-local", "environment": "dev"}
{"timestamp": "2026-07-08T17:00:39.298714Z", "level": "INFO", "logger": "httpx", "message": "HTTP Request: DELETE http://opensearch0.app.vpc0.cloud-dog.net:1201/r1fa1b4cd_cdbf_default_at2_2_opensearch \"HTTP/1.1 200 OK\"", "correlation_id": "8a12716271eb4029806d483edd34ec51", "service": "index-retriever-mcp-server", "service_instance": "index-retriever-local", "environment": "dev"}
{"timestamp": "2026-07-08T17:00:39.374857Z", "level": "INFO", "logger": "httpx", "message": "HTTP Request: DELETE http://opensearch0.app.vpc0.cloud-dog.net:1201/r1fa1b4cd_cdbf_default_at2_2_opensearch \"HTTP/1.1 404 Not Found\"", "correlation_id": "8a12716271eb4029806d483edd34ec51", "service": "index-retriever-mcp-server", "service_instance": "index-retriever-local", "environment": "dev"}
------------------------------ Captured log call -------------------------------
INFO     httpx:_client.py:1740 HTTP Request: GET http://opensearch0.app.vpc0.cloud-dog.net:1201/ "HTTP/1.1 200 OK"
INFO     httpx:_client.py:1740 HTTP Request: POST https://llm2.cloud-dog.net/api/embeddings "HTTP/1.1 200 OK"
INFO     httpx:_client.py:1740 HTTP Request: POST https://llm2.cloud-dog.net/api/embeddings "HTTP/1.1 200 OK"
INFO     httpx:_client.py:1740 HTTP Request: PUT http://opensearch0.app.vpc0.cloud-dog.net:1201/r1fa1b4cd_cdbf_default_at2_2_opensearch "HTTP/1.1 200 OK"
INFO     httpx:_client.py:1740 HTTP Request: POST https://llm2.cloud-dog.net/api/embeddings "HTTP/1.1 200 OK"
INFO     httpx:_client.py:1740 HTTP Request: POST http://opensearch0.app.vpc0.cloud-dog.net:1201/_bulk?refresh=true "HTTP/1.1 200 OK"
INFO     httpx:_client.py:1740 HTTP Request: POST http://opensearch0.app.vpc0.cloud-dog.net:1201/r1fa1b4cd_cdbf_default_at2_2_opensearch/_search "HTTP/1.1 200 OK"
INFO     httpx:_client.py:1740 HTTP Request: DELETE http://opensearch0.app.vpc0.cloud-dog.net:1201/r1fa1b4cd_cdbf_default_at2_2_opensearch "HTTP/1.1 200 OK"
INFO     httpx:_client.py:1740 HTTP Request: DELETE http://opensearch0.app.vpc0.cloud-dog.net:1201/r1fa1b4cd_cdbf_default_at2_2_opensearch "HTTP/1.1 404 Not Found"
____________________ test_at2_3_multi_parser_quality_matrix ____________________
----------------------------- Captured stdout call -----------------------------
{"timestamp": "2026-07-08T17:00:39.619839Z", "level": "INFO", "logger": "httpx", "message": "HTTP Request: GET https://minerugui.cloud-dog.net/health \"HTTP/1.1 404 Not Found\"", "correlation_id": "8a12716271eb4029806d483edd34ec51", "service": "index-retriever-mcp-server", "service_instance": "index-retriever-local", "environment": "dev"}
{"timestamp": "2026-07-08T17:00:39.647604Z", "level": "INFO", "logger": "httpx", "message": "HTTP Request: POST https://minerugui.cloud-dog.net/file_parse \"HTTP/1.1 404 Not Found\"", "correlation_id": "8a12716271eb4029806d483edd34ec51", "service": "index-retriever-mcp-server", "service_instance": "index-retriever-local", "environment": "dev"}
{"timestamp": "2026-07-08T17:00:39.680073Z", "level": "INFO", "logger": "httpx", "message": "HTTP Request: POST https://minerugui.cloud-dog.net/gradio_api/upload \"HTTP/1.1 200 OK\"", "correlation_id": "8a12716271eb4029806d483edd34ec51", "service": "index-retriever-mcp-server", "service_instance": "index-retriever-local", "environment": "dev"}
{"timestamp": "2026-07-08T17:00:46.706726Z", "level": "INFO", "logger": "httpx", "message": "HTTP Request: POST https://minerugui.cloud-dog.net/gradio_api/run/to_markdown \"HTTP/1.1 200 OK\"", "correlation_id": "8a12716271eb4029806d483edd34ec51", "service": "index-retriever-mcp-server", "service_instance": "index-retriever-local", "environment": "dev"}
------------------------------ Captured log call -------------------------------
INFO     httpx:_client.py:1740 HTTP Request: GET https://minerugui.cloud-dog.net/health "HTTP/1.1 404 Not Found"
INFO     httpx:_client.py:1740 HTTP Request: POST https://minerugui.cloud-dog.net/file_parse "HTTP/1.1 404 Not Found"
INFO     httpx:_client.py:1740 HTTP Request: POST https://minerugui.cloud-dog.net/gradio_api/upload "HTTP/1.1 200 OK"
INFO     httpx:_client.py:1740 HTTP Request: POST https://minerugui.cloud-dog.net/gradio_api/run/to_markdown "HTTP/1.1 200 OK"
______________________ test_at2_4_embedding_model_matrix _______________________
----------------------------- Captured stdout call -----------------------------
{"timestamp": "2026-07-08T17:00:47.326556Z", "level": "INFO", "logger": "httpx", "message": "HTTP Request: GET https://chroma.cloud-dog.net/api/v2/heartbeat \"HTTP/1.1 200 OK\"", "correlation_id": "8a12716271eb4029806d483edd34ec51", "service": "index-retriever-mcp-server", "service_instance": "index-retriever-local", "environment": "dev"}
{"timestamp": "2026-07-08T17:00:56.764949Z", "level": "INFO", "logger": "httpx", "message": "HTTP Request: POST https://llm1.cloud-dog.net/api/embeddings \"HTTP/1.1 200 OK\"", "correlation_id": "8a12716271eb4029806d483edd34ec51", "service": "index-retriever-mcp-server", "service_instance": "index-retriever-local", "environment": "dev"}
{"timestamp": "2026-07-08T17:00:56.818713Z", "level": "INFO", "logger": "httpx", "message": "HTTP Request: POST https://chroma.cloud-dog.net/api/v2/tenants/default_tenant/databases/default_database/collections \"HTTP/1.1 200 OK\"", "correlation_id": "8a12716271eb4029806d483edd34ec51", "service": "index-retriever-mcp-server", "service_instance": "index-retriever-local", "environment": "dev"}
{"timestamp": "2026-07-08T17:00:57.096756Z", "level": "INFO", "logger": "httpx", "message": "HTTP Request: POST https://llm1.cloud-dog.net/api/embeddings \"HTTP/1.1 200 OK\"", "correlation_id": "8a12716271eb4029806d483edd34ec51", "service": "index-retriever-mcp-server", "service_instance": "index-retriever-local", "environment": "dev"}
{"timestamp": "2026-07-08T17:00:58.068211Z", "level": "INFO", "logger": "httpx", "message": "HTTP Request: GET https://chroma.cloud-dog.net/api/v2/tenants/default_tenant/databases/default_database/collections \"HTTP/1.1 200 OK\"", "correlation_id": "8a12716271eb4029806d483edd34ec51", "service": "index-retriever-mcp-server", "service_instance": "index-retriever-local", "environment": "dev"}
{"timestamp": "2026-07-08T17:00:59.763681Z", "level": "INFO", "logger": "httpx", "message": "HTTP Request: POST https://chroma.cloud-dog.net/api/v2/tenants/default_tenant/databases/default_database/collections/0b347691-38fe-44af-9709-f73c1323e870/upsert \"HTTP/1.1 200 OK\"", "correlation_id": "8a12716271eb4029806d483edd34ec51", "service": "index-retriever-mcp-server", "service_instance": "index-retriever-local", "environment": "dev"}
{"timestamp": "2026-07-08T17:01:00.364261Z", "level": "INFO", "logger": "httpx", "message": "HTTP Request: GET https://chroma.cloud-dog.net/api/v2/tenants/default_tenant/databases/default_database/collections \"HTTP/1.1 200 OK\"", "correlation_id": "8a12716271eb4029806d483edd34ec51", "service": "index-retriever-mcp-server", "service_instance": "index-retriever-local", "environment": "dev"}
{"timestamp": "2026-07-08T17:01:01.575055Z", "level": "INFO", "logger": "httpx", "message": "HTTP Request: POST https://chroma.cloud-dog.net/api/v2/tenants/default_tenant/databases/default_database/collections/0b347691-38fe-44af-9709-f73c1323e870/query \"HTTP/1.1 200 OK\"", "correlation_id": "8a12716271eb4029806d483edd34ec51", "service": "index-retriever-mcp-server", "service_instance": "index-retriever-local", "environment": "dev"}
{"timestamp": "2026-07-08T17:01:02.096143Z", "level": "INFO", "logger": "httpx", "message": "HTTP Request: DELETE https://chroma.cloud-dog.net/api/v2/tenants/default_tenant/databases/default_database/collections/r1fa1b4cd_4ece_default_at2_4_embedding \"HTTP/1.1 200 OK\"", "correlation_id": "8a12716271eb4029806d483edd34ec51", "service": "index-retriever-mcp-server", "service_instance": "index-retriever-local", "environment": "dev"}
{"timestamp": "2026-07-08T17:01:02.112736Z", "level": "INFO", "logger": "httpx", "message": "HTTP Request: DELETE https://chroma.cloud-dog.net/api/v2/tenants/default_tenant/databases/default_database/collections/r1fa1b4cd_4ece_default_at2_4_embedding \"HTTP/1.1 404 Not Found\"", "correlation_id": "8a12716271eb4029806d483edd34ec51", "service": "index-retriever-mcp-server", "service_instance": "index-retriever-local", "environment": "dev"}
{"timestamp": "2026-07-08T17:01:02.525127Z", "level": "INFO", "logger": "httpx", "message": "HTTP Request: GET https://chroma.cloud-dog.net/api/v2/heartbeat \"HTTP/1.1 200 OK\"", "correlation_id": "8a12716271eb4029806d483edd34ec51", "service": "index-retriever-mcp-server", "service_instance": "index-retriever-local", "environment": "dev"}
{"timestamp": "2026-07-08T17:01:05.491326Z", "level": "INFO", "logger": "httpx", "message": "HTTP Request: POST https://llm1.cloud-dog.net/api/embeddings \"HTTP/1.1 200 OK\"", "correlation_id": "8a12716271eb4029806d483edd34ec51", "service": "index-retriever-mcp-server", "service_instance": "index-retriever-local", "environment": "dev"}
{"timestamp": "2026-07-08T17:01:05.518840Z", "level": "INFO", "logger": "httpx", "message": "HTTP Request: POST https://chroma.cloud-dog.net/api/v2/tenants/default_tenant/databases/default_database/collections \"HTTP/1.1 200 OK\"", "correlation_id": "8a12716271eb4029806d483edd34ec51", "service": "index-retriever-mcp-server", "service_instance": "index-retriever-local", "environment": "dev"}
{"timestamp": "2026-07-08T17:01:05.648408Z", "level": "INFO", "logger": "httpx", "message": "HTTP Request: POST https://llm1.cloud-dog.net/api/embeddings \"HTTP/1.1 200 OK\"", "correlation_id": "8a12716271eb4029806d483edd34ec51", "service": "index-retriever-mcp-server", "service_instance": "index-retriever-local", "environment": "dev"}
{"timestamp": "2026-07-08T17:01:06.274652Z", "level": "INFO", "logger": "httpx", "message": "HTTP Request: GET https://chroma.cloud-dog.net/api/v2/tenants/default_tenant/databases/default_database/collections \"HTTP/1.1 200 OK\"", "correlation_id": "8a12716271eb4029806d483edd34ec51", "service": "index-retriever-mcp-server", "service_instance": "index-retriever-local", "environment": "dev"}
{"timestamp": "2026-07-08T17:01:06.929213Z", "level": "INFO", "logger": "httpx", "message": "HTTP Request: POST https://chroma.cloud-dog.net/api/v2/tenants/default_tenant/databases/default_database/collections/bf5e1149-4ae0-4064-a437-81e5e5a92d08/upsert \"HTTP/1.1 200 OK\"", "correlation_id": "8a12716271eb4029806d483edd34ec51", "service": "index-retriever-mcp-server", "service_instance": "index-retriever-local", "environment": "dev"}
{"timestamp": "2026-07-08T17:01:07.486722Z", "level": "INFO", "logger": "httpx", "message": "HTTP Request: GET https://chroma.cloud-dog.net/api/v2/tenants/default_tenant/databases/default_database/collections \"HTTP/1.1 200 OK\"", "correlation_id": "8a12716271eb4029806d483edd34ec51", "service": "index-retriever-mcp-server", "service_instance": "index-retriever-local", "environment": "dev"}
{"timestamp": "2026-07-08T17:01:08.224358Z", "level": "INFO", "logger": "httpx", "message": "HTTP Request: POST https://chroma.cloud-dog.net/api/v2/tenants/default_tenant/databases/default_database/collections/bf5e1149-4ae0-4064-a437-81e5e5a92d08/query \"HTTP/1.1 200 OK\"", "correlation_id": "8a12716271eb4029806d483edd34ec51", "service": "index-retriever-mcp-server", "service_instance": "index-retriever-local", "environment": "dev"}
{"timestamp": "2026-07-08T17:01:08.290863Z", "level": "INFO", "logger": "httpx", "message": "HTTP Request: DELETE https://chroma.cloud-dog.net/api/v2/tenants/default_tenant/databases/default_database/collections/r1fa1b4cd_0610_default_at2_4_embedding \"HTTP/1.1 200 OK\"", "correlation_id": "8a12716271eb4029806d483edd34ec51", "service": "index-retriever-mcp-server", "service_instance": "index-retriever-local", "environment": "dev"}
{"timestamp": "2026-07-08T17:01:08.305823Z", "level": "INFO", "logger": "httpx", "message": "HTTP Request: DELETE https://chroma.cloud-dog.net/api/v2/tenants/default_tenant/databases/default_database/collections/r1fa1b4cd_0610_default_at2_4_embedding \"HTTP/1.1 404 Not Found\"", "correlation_id": "8a12716271eb4029806d483edd34ec51", "service": "index-retriever-mcp-server", "service_instance": "index-retriever-local", "environment": "dev"}
{"timestamp": "2026-07-08T17:01:08.698397Z", "level": "INFO", "logger": "httpx", "message": "HTTP Request: GET https://chroma.cloud-dog.net/api/v2/heartbeat \"HTTP/1.1 200 OK\"", "correlation_id": "8a12716271eb4029806d483edd34ec51", "service": "index-retriever-mcp-server", "service_instance": "index-retriever-local", "environment": "dev"}
{"timestamp": "2026-07-08T17:01:13.774312Z", "level": "INFO", "logger": "httpx", "message": "HTTP Request: POST https://llm1.cloud-dog.net/api/embeddings \"HTTP/1.1 200 OK\"", "correlation_id": "8a12716271eb4029806d483edd34ec51", "service": "index-retriever-mcp-server", "service_instance": "index-retriever-local", "environment": "dev"}
{"timestamp": "2026-07-08T17:01:13.830735Z", "level": "INFO", "logger": "httpx", "message": "HTTP Request: POST https://chroma.cloud-dog.net/api/v2/tenants/default_tenant/databases/default_database/collections \"HTTP/1.1 200 OK\"", "correlation_id": "8a12716271eb4029806d483edd34ec51", "service": "index-retriever-mcp-server", "service_instance": "index-retriever-local", "environment": "dev"}
{"timestamp": "2026-07-08T17:01:14.216664Z", "level": "INFO", "logger": "httpx", "message": "HTTP Request: POST https://llm1.cloud-dog.net/api/embeddings \"HTTP/1.1 200 OK\"", "correlation_id": "8a12716271eb4029806d483edd34ec51", "service": "index-retriever-mcp-server", "service_instance": "index-retriever-local", "environment": "dev"}
{"timestamp": "2026-07-08T17:01:14.767441Z", "level": "INFO", "logger": "httpx", "message": "HTTP Request: GET https://chroma.cloud-dog.net/api/v2/tenants/default_tenant/databases/default_database/collections \"HTTP/1.1 200 OK\"", "correlation_id": "8a12716271eb4029806d483edd34ec51", "service": "index-retriever-mcp-server", "service_instance": "index-retriever-local", "environment": "dev"}
{"timestamp": "2026-07-08T17:01:15.419297Z", "level": "INFO", "logger": "httpx", "message": "HTTP Request: POST https://chroma.cloud-dog.net/api/v2/tenants/default_tenant/databases/default_database/collections/98a3dc01-1223-4e73-9fe0-833ef48bb35f/upsert \"HTTP/1.1 200 OK\"", "correlation_id": "8a12716271eb4029806d483edd34ec51", "service": "index-retriever-mcp-server", "service_instance": "index-retriever-local", "environment": "dev"}
{"timestamp": "2026-07-08T17:01:15.970432Z", "level": "INFO", "logger": "httpx", "message": "HTTP Request: GET https://chroma.cloud-dog.net/api/v2/tenants/default_tenant/databases/default_database/collections \"HTTP/1.1 200 OK\"", "correlation_id": "8a12716271eb4029806d483edd34ec51", "service": "index-retriever-mcp-server", "service_instance": "index-retriever-local", "environment": "dev"}
{"timestamp": "2026-07-08T17:01:16.666124Z", "level": "INFO", "logger": "httpx", "message": "HTTP Request: POST https://chroma.cloud-dog.net/api/v2/tenants/default_tenant/databases/default_database/collections/98a3dc01-1223-4e73-9fe0-833ef48bb35f/query \"HTTP/1.1 200 OK\"", "correlation_id": "8a12716271eb4029806d483edd34ec51", "service": "index-retriever-mcp-server", "service_instance": "index-retriever-local", "environment": "dev"}
{"timestamp": "2026-07-08T17:01:16.740865Z", "level": "INFO", "logger": "httpx", "message": "HTTP Request: DELETE https://chroma.cloud-dog.net/api/v2/tenants/default_tenant/databases/default_database/collections/r1fa1b4cd_844b_default_at2_4_embedding \"HTTP/1.1 200 OK\"", "correlation_id": "8a12716271eb4029806d483edd34ec51", "service": "index-retriever-mcp-server", "service_instance": "index-retriever-local", "environment": "dev"}
{"timestamp": "2026-07-08T17:01:16.755357Z", "level": "INFO", "logger": "httpx", "message": "HTTP Request: DELETE https://chroma.cloud-dog.net/api/v2/tenants/default_tenant/databases/default_database/collections/r1fa1b4cd_844b_default_at2_4_embedding \"HTTP/1.1 404 Not Found\"", "correlation_id": "8a12716271eb4029806d483edd34ec51", "service": "index-retriever-mcp-server", "service_instance": "index-retriever-local", "environment": "dev"}
------------------------------ Captured log call -------------------------------
INFO     httpx:_client.py:1740 HTTP Request: GET https://chroma.cloud-dog.net/api/v2/heartbeat "HTTP/1.1 200 OK"
INFO     httpx:_client.py:1740 HTTP Request: POST https://llm1.cloud-dog.net/api/embeddings "HTTP/1.1 200 OK"
INFO     httpx:_client.py:1740 HTTP Request: POST https://chroma.cloud-dog.net/api/v2/tenants/default_tenant/databases/default_database/collections "HTTP/1.1 200 OK"
INFO     httpx:_client.py:1740 HTTP Request: POST https://llm1.cloud-dog.net/api/embeddings "HTTP/1.1 200 OK"
INFO     httpx:_client.py:1740 HTTP Request: GET https://chroma.cloud-dog.net/api/v2/tenants/default_tenant/databases/default_database/collections "HTTP/1.1 200 OK"
INFO     httpx:_client.py:1740 HTTP Request: POST https://chroma.cloud-dog.net/api/v2/tenants/default_tenant/databases/default_database/collections/0b347691-38fe-44af-9709-f73c1323e870/upsert "HTTP/1.1 200 OK"
INFO     httpx:_client.py:1740 HTTP Request: GET https://chroma.cloud-dog.net/api/v2/tenants/default_tenant/databases/default_database/collections "HTTP/1.1 200 OK"
INFO     httpx:_client.py:1740 HTTP Request: POST https://chroma.cloud-dog.net/api/v2/tenants/default_tenant/databases/default_database/collections/0b347691-38fe-44af-9709-f73c1323e870/query "HTTP/1.1 200 OK"
INFO     httpx:_client.py:1740 HTTP Request: DELETE https://chroma.cloud-dog.net/api/v2/tenants/default_tenant/databases/default_database/collections/r1fa1b4cd_4ece_default_at2_4_embedding "HTTP/1.1 200 OK"
INFO     httpx:_client.py:1740 HTTP Request: DELETE https://chroma.cloud-dog.net/api/v2/tenants/default_tenant/databases/default_database/collections/r1fa1b4cd_4ece_default_at2_4_embedding "HTTP/1.1 404 Not Found"
INFO     httpx:_client.py:1740 HTTP Request: GET https://chroma.cloud-dog.net/api/v2/heartbeat "HTTP/1.1 200 OK"
INFO     httpx:_client.py:1740 HTTP Request: POST https://llm1.cloud-dog.net/api/embeddings "HTTP/1.1 200 OK"
INFO     httpx:_client.py:1740 HTTP Request: POST https://chroma.cloud-dog.net/api/v2/tenants/default_tenant/databases/default_database/collections "HTTP/1.1 200 OK"
INFO     httpx:_client.py:1740 HTTP Request: POST https://llm1.cloud-dog.net/api/embeddings "HTTP/1.1 200 OK"
INFO     httpx:_client.py:1740 HTTP Request: GET https://chroma.cloud-dog.net/api/v2/tenants/default_tenant/databases/default_database/collections "HTTP/1.1 200 OK"
INFO     httpx:_client.py:1740 HTTP Request: POST https://chroma.cloud-dog.net/api/v2/tenants/default_tenant/databases/default_database/collections/bf5e1149-4ae0-4064-a437-81e5e5a92d08/upsert "HTTP/1.1 200 OK"
INFO     httpx:_client.py:1740 HTTP Request: GET https://chroma.cloud-dog.net/api/v2/tenants/default_tenant/databases/default_database/collections "HTTP/1.1 200 OK"
INFO     httpx:_client.py:1740 HTTP Request: POST https://chroma.cloud-dog.net/api/v2/tenants/default_tenant/databases/default_database/collections/bf5e1149-4ae0-4064-a437-81e5e5a92d08/query "HTTP/1.1 200 OK"
INFO     httpx:_client.py:1740 HTTP Request: DELETE https://chroma.cloud-dog.net/api/v2/tenants/default_tenant/databases/default_database/collections/r1fa1b4cd_0610_default_at2_4_embedding "HTTP/1.1 200 OK"
INFO     httpx:_client.py:1740 HTTP Request: DELETE https://chroma.cloud-dog.net/api/v2/tenants/default_tenant/databases/default_database/collections/r1fa1b4cd_0610_default_at2_4_embedding "HTTP/1.1 404 Not Found"
INFO     httpx:_client.py:1740 HTTP Request: GET https://chroma.cloud-dog.net/api/v2/heartbeat "HTTP/1.1 200 OK"
INFO     httpx:_client.py:1740 HTTP Request: POST https://llm1.cloud-dog.net/api/embeddings "HTTP/1.1 200 OK"
INFO     httpx:_client.py:1740 HTTP Request: POST https://chroma.cloud-dog.net/api/v2/tenants/default_tenant/databases/default_database/collections "HTTP/1.1 200 OK"
INFO     httpx:_client.py:1740 HTTP Request: POST https://llm1.cloud-dog.net/api/embeddings "HTTP/1.1 200 OK"
INFO     httpx:_client.py:1740 HTTP Request: GET https://chroma.cloud-dog.net/api/v2/tenants/default_tenant/databases/default_database/collections "HTTP/1.1 200 OK"
INFO     httpx:_client.py:1740 HTTP Request: POST https://chroma.cloud-dog.net/api/v2/tenants/default_tenant/databases/default_database/collections/98a3dc01-1223-4e73-9fe0-833ef48bb35f/upsert "HTTP/1.1 200 OK"
INFO     httpx:_client.py:1740 HTTP Request: GET https://chroma.cloud-dog.net/api/v2/tenants/default_tenant/databases/default_database/collections "HTTP/1.1 200 OK"
INFO     httpx:_client.py:1740 HTTP Request: POST https://chroma.cloud-dog.net/api/v2/tenants/default_tenant/databases/default_database/collections/98a3dc01-1223-4e73-9fe0-833ef48bb35f/query "HTTP/1.1 200 OK"
INFO     httpx:_client.py:1740 HTTP Request: DELETE https://chroma.cloud-dog.net/api/v2/tenants/default_tenant/databases/default_database/collections/r1fa1b4cd_844b_default_at2_4_embedding "HTTP/1.1 200 OK"
INFO     httpx:_client.py:1740 HTTP Request: DELETE https://chroma.cloud-dog.net/api/v2/tenants/default_tenant/databases/default_database/collections/r1fa1b4cd_844b_default_at2_4_embedding "HTTP/1.1 404 Not Found"
______________ test_at2_5_full_pipeline_e2e_per_available_backend ______________
----------------------------- Captured stdout call -----------------------------
{"timestamp": "2026-07-08T17:01:16.914058Z", "level": "INFO", "logger": "httpx", "message": "HTTP Request: DELETE https://chroma.cloud-dog.net/api/v2/tenants/default_tenant/databases/default_database/collections/w23a_at2_chroma_pipeline \"HTTP/1.1 404 Not Found\"", "correlation_id": "8a12716271eb4029806d483edd34ec51", "service": "index-retriever-mcp-server", "service_instance": "index-retriever-local", "environment": "dev"}
{"timestamp": "2026-07-08T17:01:16.938110Z", "level": "INFO", "logger": "httpx", "message": "HTTP Request: POST https://chroma.cloud-dog.net/api/v2/tenants/default_tenant/databases/default_database/collections \"HTTP/1.1 200 OK\"", "correlation_id": "8a12716271eb4029806d483edd34ec51", "service": "index-retriever-mcp-server", "service_instance": "index-retriever-local", "environment": "dev"}
{"timestamp": "2026-07-08T17:01:17.117319Z", "level": "INFO", "logger": "httpx", "message": "HTTP Request: GET https://minerugui.cloud-dog.net/health \"HTTP/1.1 404 Not Found\"", "correlation_id": "8a12716271eb4029806d483edd34ec51", "service": "index-retriever-mcp-server", "service_instance": "index-retriever-local", "environment": "dev"}
{"timestamp": "2026-07-08T17:01:17.143229Z", "level": "INFO", "logger": "httpx", "message": "HTTP Request: POST https://minerugui.cloud-dog.net/file_parse \"HTTP/1.1 404 Not Found\"", "correlation_id": "8a12716271eb4029806d483edd34ec51", "service": "index-retriever-mcp-server", "service_instance": "index-retriever-local", "environment": "dev"}
{"timestamp": "2026-07-08T17:01:17.175361Z", "level": "INFO", "logger": "httpx", "message": "HTTP Request: POST https://minerugui.cloud-dog.net/gradio_api/upload \"HTTP/1.1 200 OK\"", "correlation_id": "8a12716271eb4029806d483edd34ec51", "service": "index-retriever-mcp-server", "service_instance": "index-retriever-local", "environment": "dev"}
{"timestamp": "2026-07-08T17:02:01.684899Z", "level": "INFO", "logger": "httpx", "message": "HTTP Request: POST https://minerugui.cloud-dog.net/gradio_api/run/to_markdown \"HTTP/1.1 200 OK\"", "correlation_id": "8a12716271eb4029806d483edd34ec51", "service": "index-retriever-mcp-server", "service_instance": "index-retriever-local", "environment": "dev"}
{"timestamp": "2026-07-08T17:02:03.003644Z", "level": "INFO", "logger": "httpx", "message": "HTTP Request: GET https://chroma.cloud-dog.net/api/v2/tenants/default_tenant/databases/default_database/collections \"HTTP/1.1 200 OK\"", "correlation_id": "8a12716271eb4029806d483edd34ec51", "service": "index-retriever-mcp-server", "service_instance": "index-retriever-local", "environment": "dev"}
{"timestamp": "2026-07-08T17:02:05.733277Z", "level": "INFO", "logger": "httpx", "message": "HTTP Request: POST https://chroma.cloud-dog.net/api/v2/tenants/default_tenant/databases/default_database/collections/871e983f-7f4d-450c-9134-a92d369c562c/upsert \"HTTP/1.1 200 OK\"", "correlation_id": "8a12716271eb4029806d483edd34ec51", "service": "index-retriever-mcp-server", "service_instance": "index-retriever-local", "environment": "dev"}
{"timestamp": "2026-07-08T17:02:06.277648Z", "level": "INFO", "logger": "httpx", "message": "HTTP Request: GET https://chroma.cloud-dog.net/api/v2/tenants/default_tenant/databases/default_database/collections \"HTTP/1.1 200 OK\"", "correlation_id": "8a12716271eb4029806d483edd34ec51", "service": "index-retriever-mcp-server", "service_instance": "index-retriever-local", "environment": "dev"}
{"timestamp": "2026-07-08T17:02:09.848052Z", "level": "INFO", "logger": "httpx", "message": "HTTP Request: POST https://chroma.cloud-dog.net/api/v2/tenants/default_tenant/databases/default_database/collections/871e983f-7f4d-450c-9134-a92d369c562c/query \"HTTP/1.1 200 OK\"", "correlation_id": "8a12716271eb4029806d483edd34ec51", "service": "index-retriever-mcp-server", "service_instance": "index-retriever-local", "environment": "dev"}
{"timestamp": "2026-07-08T17:02:10.054593Z", "level": "INFO", "logger": "httpx", "message": "HTTP Request: DELETE https://chroma.cloud-dog.net/api/v2/tenants/default_tenant/databases/default_database/collections/w23a_at2_chroma_pipeline \"HTTP/1.1 200 OK\"", "correlation_id": "8a12716271eb4029806d483edd34ec51", "service": "index-retriever-mcp-server", "service_instance": "index-retriever-local", "environment": "dev"}
{"timestamp": "2026-07-08T17:02:10.176482Z", "level": "INFO", "logger": "httpx", "message": "HTTP Request: DELETE https://qdrant.cloud-dog.net/collections/w23a_at2_qdrant_pipeline \"HTTP/1.1 200 OK\"", "correlation_id": "8a12716271eb4029806d483edd34ec51", "service": "index-retriever-mcp-server", "service_instance": "index-retriever-local", "environment": "dev"}
{"timestamp": "2026-07-08T17:02:10.275142Z", "level": "INFO", "logger": "httpx", "message": "HTTP Request: PUT https://qdrant.cloud-dog.net/collections/w23a_at2_qdrant_pipeline \"HTTP/1.1 200 OK\"", "correlation_id": "8a12716271eb4029806d483edd34ec51", "service": "index-retriever-mcp-server", "service_instance": "index-retriever-local", "environment": "dev"}
{"timestamp": "2026-07-08T17:02:10.288676Z", "level": "INFO", "logger": "httpx", "message": "HTTP Request: GET https://qdrant.cloud-dog.net/collections/w23a_at2_qdrant_pipeline \"HTTP/1.1 200 OK\"", "correlation_id": "8a12716271eb4029806d483edd34ec51", "service": "index-retriever-mcp-server", "service_instance": "index-retriever-local", "environment": "dev"}
{"timestamp": "2026-07-08T17:02:10.483586Z", "level": "INFO", "logger": "httpx", "message": "HTTP Request: GET https://minerugui.cloud-dog.net/health \"HTTP/1.1 404 Not Found\"", "correlation_id": "8a12716271eb4029806d483edd34ec51", "service": "index-retriever-mcp-server", "service_instance": "index-retriever-local", "environment": "dev"}
{"timestamp": "2026-07-08T17:02:10.689285Z", "level": "INFO", "logger": "httpx", "message": "HTTP Request: POST https://minerugui.cloud-dog.net/file_parse \"HTTP/1.1 404 Not Found\"", "correlation_id": "8a12716271eb4029806d483edd34ec51", "service": "index-retriever-mcp-server", "service_instance": "index-retriever-local", "environment": "dev"}
{"timestamp": "2026-07-08T17:02:10.787479Z", "level": "INFO", "logger": "httpx", "message": "HTTP Request: POST https://minerugui.cloud-dog.net/gradio_api/upload \"HTTP/1.1 200 OK\"", "correlation_id": "8a12716271eb4029806d483edd34ec51", "service": "index-retriever-mcp-server", "service_instance": "index-retriever-local", "environment": "dev"}
{"timestamp": "2026-07-08T17:02:54.624044Z", "level": "INFO", "logger": "httpx", "message": "HTTP Request: POST https://minerugui.cloud-dog.net/gradio_api/run/to_markdown \"HTTP/1.1 200 OK\"", "correlation_id": "8a12716271eb4029806d483edd34ec51", "service": "index-retriever-mcp-server", "service_instance": "index-retriever-local", "environment": "dev"}
{"timestamp": "2026-07-08T17:02:54.827974Z", "level": "INFO", "logger": "httpx", "message": "HTTP Request: PUT https://qdrant.cloud-dog.net/collections/w23a_at2_qdrant_pipeline/points?wait=true \"HTTP/1.1 200 OK\"", "correlation_id": "8a12716271eb4029806d483edd34ec51", "service": "index-retriever-mcp-server", "service_instance": "index-retriever-local", "environment": "dev"}
{"timestamp": "2026-07-08T17:02:54.880344Z", "level": "INFO", "logger": "httpx", "message": "HTTP Request: POST https://qdrant.cloud-dog.net/collections/w23a_at2_qdrant_pipeline/points/search \"HTTP/1.1 200 OK\"", "correlation_id": "8a12716271eb4029806d483edd34ec51", "service": "index-retriever-mcp-server", "service_instance": "index-retriever-local", "environment": "dev"}
{"timestamp": "2026-07-08T17:02:54.908285Z", "level": "INFO", "logger": "httpx", "message": "HTTP Request: DELETE https://qdrant.cloud-dog.net/collections/w23a_at2_qdrant_pipeline \"HTTP/1.1 200 OK\"", "correlation_id": "8a12716271eb4029806d483edd34ec51", "service": "index-retriever-mcp-server", "service_instance": "index-retriever-local", "environment": "dev"}
{"timestamp": "2026-07-08T17:02:55.010030Z", "level": "INFO", "logger": "httpx", "message": "HTTP Request: DELETE http://opensearch0.app.vpc0.cloud-dog.net:1201/w23a_at2_opensearch_pipeline \"HTTP/1.1 404 Not Found\"", "correlation_id": "8a12716271eb4029806d483edd34ec51", "service": "index-retriever-mcp-server", "service_instance": "index-retriever-local", "environment": "dev"}
{"timestamp": "2026-07-08T17:02:55.172618Z", "level": "INFO", "logger": "httpx", "message": "HTTP Request: PUT http://opensearch0.app.vpc0.cloud-dog.net:1201/w23a_at2_opensearch_pipeline \"HTTP/1.1 200 OK\"", "correlation_id": "8a12716271eb4029806d483edd34ec51", "service": "index-retriever-mcp-server", "service_instance": "index-retriever-local", "environment": "dev"}
{"timestamp": "2026-07-08T17:02:55.358803Z", "level": "INFO", "logger": "httpx", "message": "HTTP Request: GET https://minerugui.cloud-dog.net/health \"HTTP/1.1 404 Not Found\"", "correlation_id": "8a12716271eb4029806d483edd34ec51", "service": "index-retriever-mcp-server", "service_instance": "index-retriever-local", "environment": "dev"}
{"timestamp": "2026-07-08T17:02:55.388656Z", "level": "INFO", "logger": "httpx", "message": "HTTP Request: POST https://minerugui.cloud-dog.net/file_parse \"HTTP/1.1 404 Not Found\"", "correlation_id": "8a12716271eb4029806d483edd34ec51", "service": "index-retriever-mcp-server", "service_instance": "index-retriever-local", "environment": "dev"}
{"timestamp": "2026-07-08T17:02:55.420754Z", "level": "INFO", "logger": "httpx", "message": "HTTP Request: POST https://minerugui.cloud-dog.net/gradio_api/upload \"HTTP/1.1 200 OK\"", "correlation_id": "8a12716271eb4029806d483edd34ec51", "service": "index-retriever-mcp-server", "service_instance": "index-retriever-local", "environment": "dev"}
{"timestamp": "2026-07-08T17:03:38.296895Z", "level": "INFO", "logger": "httpx", "message": "HTTP Request: POST https://minerugui.cloud-dog.net/gradio_api/run/to_markdown \"HTTP/1.1 200 OK\"", "correlation_id": "8a12716271eb4029806d483edd34ec51", "service": "index-retriever-mcp-server", "service_instance": "index-retriever-local", "environment": "dev"}
{"timestamp": "2026-07-08T17:03:38.458102Z", "level": "INFO", "logger": "httpx", "message": "HTTP Request: POST http://opensearch0.app.vpc0.cloud-dog.net:1201/_bulk?refresh=true \"HTTP/1.1 200 OK\"", "correlation_id": "8a12716271eb4029806d483edd34ec51", "service": "index-retriever-mcp-server", "service_instance": "index-retriever-local", "environment": "dev"}
{"timestamp": "2026-07-08T17:03:38.486442Z", "level": "INFO", "logger": "httpx", "message": "HTTP Request: POST http://opensearch0.app.vpc0.cloud-dog.net:1201/w23a_at2_opensearch_pipeline/_search \"HTTP/1.1 200 OK\"", "correlation_id": "8a12716271eb4029806d483edd34ec51", "service": "index-retriever-mcp-server", "service_instance": "index-retriever-local", "environment": "dev"}
{"timestamp": "2026-07-08T17:03:38.536283Z", "level": "INFO", "logger": "httpx", "message": "HTTP Request: DELETE http://opensearch0.app.vpc0.cloud-dog.net:1201/w23a_at2_opensearch_pipeline \"HTTP/1.1 200 OK\"", "correlation_id": "8a12716271eb4029806d483edd34ec51", "service": "index-retriever-mcp-server", "service_instance": "index-retriever-local", "environment": "dev"}
{"timestamp": "2026-07-08T17:03:38.964564Z", "level": "INFO", "logger": "httpx", "message": "HTTP Request: GET https://minerugui.cloud-dog.net/health \"HTTP/1.1 404 Not Found\"", "correlation_id": "8a12716271eb4029806d483edd34ec51", "service": "index-retriever-mcp-server", "service_instance": "index-retriever-local", "environment": "dev"}
{"timestamp": "2026-07-08T17:03:38.992497Z", "level": "INFO", "logger": "httpx", "message": "HTTP Request: POST https://minerugui.cloud-dog.net/file_parse \"HTTP/1.1 404 Not Found\"", "correlation_id": "8a12716271eb4029806d483edd34ec51", "service": "index-retriever-mcp-server", "service_instance": "index-retriever-local", "environment": "dev"}
{"timestamp": "2026-07-08T17:03:39.022638Z", "level": "INFO", "logger": "httpx", "message": "HTTP Request: POST https://minerugui.cloud-dog.net/gradio_api/upload \"HTTP/1.1 200 OK\"", "correlation_id": "8a12716271eb4029806d483edd34ec51", "service": "index-retriever-mcp-server", "service_instance": "index-retriever-local", "environment": "dev"}
{"timestamp": "2026-07-08T17:04:21.184007Z", "level": "INFO", "logger": "httpx", "message": "HTTP Request: POST https://minerugui.cloud-dog.net/gradio_api/run/to_markdown \"HTTP/1.1 200 OK\"", "correlation_id": "8a12716271eb4029806d483edd34ec51", "service": "index-retriever-mcp-server", "service_instance": "index-retriever-local", "environment": "dev"}
{"timestamp": "2026-07-08T17:04:22.925200Z", "level": "INFO", "logger": "httpx", "message": "HTTP Request: DELETE https://weaviate.cloud-dog.net/v1/schema/W23aAt2WeaviatePipeline \"HTTP/1.1 200 OK\"", "correlation_id": "8a12716271eb4029806d483edd34ec51", "service": "index-retriever-mcp-server", "service_instance": "index-retriever-local", "environment": "dev"}
{"timestamp": "2026-07-08T17:04:24.172653Z", "level": "INFO", "logger": "httpx", "message": "HTTP Request: POST https://weaviate.cloud-dog.net/v1/schema \"HTTP/1.1 200 OK\"", "correlation_id": "8a12716271eb4029806d483edd34ec51", "service": "index-retriever-mcp-server", "service_instance": "index-retriever-local", "environment": "dev"}
{"timestamp": "2026-07-08T17:04:24.346011Z", "level": "INFO", "logger": "httpx", "message": "HTTP Request: GET https://minerugui.cloud-dog.net/health \"HTTP/1.1 404 Not Found\"", "correlation_id": "8a12716271eb4029806d483edd34ec51", "service": "index-retriever-mcp-server", "service_instance": "index-retriever-local", "environment": "dev"}
{"timestamp": "2026-07-08T17:04:24.368816Z", "level": "INFO", "logger": "httpx", "message": "HTTP Request: POST https://minerugui.cloud-dog.net/file_parse \"HTTP/1.1 404 Not Found\"", "correlation_id": "8a12716271eb4029806d483edd34ec51", "service": "index-retriever-mcp-server", "service_instance": "index-retriever-local", "environment": "dev"}
{"timestamp": "2026-07-08T17:04:24.393216Z", "level": "INFO", "logger": "httpx", "message": "HTTP Request: POST https://minerugui.cloud-dog.net/gradio_api/upload \"HTTP/1.1 200 OK\"", "correlation_id": "8a12716271eb4029806d483edd34ec51", "service": "index-retriever-mcp-server", "service_instance": "index-retriever-local", "environment": "dev"}
{"timestamp": "2026-07-08T17:05:07.836976Z", "level": "INFO", "logger": "httpx", "message": "HTTP Request: POST https://minerugui.cloud-dog.net/gradio_api/run/to_markdown \"HTTP/1.1 200 OK\"", "correlation_id": "8a12716271eb4029806d483edd34ec51", "service": "index-retriever-mcp-server", "service_instance": "index-retriever-local", "environment": "dev"}
{"timestamp": "2026-07-08T17:05:07.907541Z", "level": "INFO", "logger": "httpx", "message": "HTTP Request: POST https://weaviate.cloud-dog.net/v1/objects \"HTTP/1.1 200 OK\"", "correlation_id": "8a12716271eb4029806d483edd34ec51", "service": "index-retriever-mcp-server", "service_instance": "index-retriever-local", "environment": "dev"}
{"timestamp": "2026-07-08T17:05:07.928145Z", "level": "INFO", "logger": "httpx", "message": "HTTP Request: POST https://weaviate.cloud-dog.net/v1/objects \"HTTP/1.1 200 OK\"", "correlation_id": "8a12716271eb4029806d483edd34ec51", "service": "index-retriever-mcp-server", "service_instance": "index-retriever-local", "environment": "dev"}
{"timestamp": "2026-07-08T17:05:07.944213Z", "level": "INFO", "logger": "httpx", "message": "HTTP Request: POST https://weaviate.cloud-dog.net/v1/objects \"HTTP/1.1 200 OK\"", "correlation_id": "8a12716271eb4029806d483edd34ec51", "service": "index-retriever-mcp-server", "service_instance": "index-retriever-local", "environment": "dev"}
{"timestamp": "2026-07-08T17:05:07.957678Z", "level": "INFO", "logger": "httpx", "message": "HTTP Request: POST https://weaviate.cloud-dog.net/v1/objects \"HTTP/1.1 200 OK\"", "correlation_id": "8a12716271eb4029806d483edd34ec51", "service": "index-retriever-mcp-server", "service_instance": "index-retriever-local", "environment": "dev"}
{"timestamp": "2026-07-08T17:05:07.971363Z", "level": "INFO", "logger": "httpx", "message": "HTTP Request: POST https://weaviate.cloud-dog.net/v1/objects \"HTTP/1.1 200 OK\"", "correlation_id": "8a12716271eb4029806d483edd34ec51", "service": "index-retriever-mcp-server", "service_instance": "index-retriever-local", "environment": "dev"}
{"timestamp": "2026-07-08T17:05:07.984846Z", "level": "INFO", "logger": "httpx", "message": "HTTP Request: POST https://weaviate.cloud-dog.net/v1/objects \"HTTP/1.1 200 OK\"", "correlation_id": "8a12716271eb4029806d483edd34ec51", "service": "index-retriever-mcp-server", "service_instance": "index-retriever-local", "environment": "dev"}
{"timestamp": "2026-07-08T17:05:07.997348Z", "level": "INFO", "logger": "httpx", "message": "HTTP Request: POST https://weaviate.cloud-dog.net/v1/objects \"HTTP/1.1 200 OK\"", "correlation_id": "8a12716271eb4029806d483edd34ec51", "service": "index-retriever-mcp-server", "service_instance": "index-retriever-local", "environment": "dev"}
{"timestamp": "2026-07-08T17:05:08.035046Z", "level": "INFO", "logger": "httpx", "message": "HTTP Request: POST https://weaviate.cloud-dog.net/v1/objects \"HTTP/1.1 200 OK\"", "correlation_id": "8a12716271eb4029806d483edd34ec51", "service": "index-retriever-mcp-server", "service_instance": "index-retriever-local", "environment": "dev"}
{"timestamp": "2026-07-08T17:05:08.059295Z", "level": "INFO", "logger": "httpx", "message": "HTTP Request: POST https://weaviate.cloud-dog.net/v1/objects \"HTTP/1.1 200 OK\"", "correlation_id": "8a12716271eb4029806d483edd34ec51", "service": "index-retriever-mcp-server", "service_instance": "index-retriever-local", "environment": "dev"}
{"timestamp": "2026-07-08T17:05:08.075709Z", "level": "INFO", "logger": "httpx", "message": "HTTP Request: POST https://weaviate.cloud-dog.net/v1/objects \"HTTP/1.1 200 OK\"", "correlation_id": "8a12716271eb4029806d483edd34ec51", "service": "index-retriever-mcp-server", "service_instance": "index-retriever-local", "environment": "dev"}
{"timestamp": "2026-07-08T17:05:08.088769Z", "level": "INFO", "logger": "httpx", "message": "HTTP Request: POST https://weaviate.cloud-dog.net/v1/objects \"HTTP/1.1 200 OK\"", "correlation_id": "8a12716271eb4029806d483edd34ec51", "service": "index-retriever-mcp-server", "service_instance": "index-retriever-local", "environment": "dev"}
{"timestamp": "2026-07-08T17:05:08.099906Z", "level": "INFO", "logger": "httpx", "message": "HTTP Request: POST https://weaviate.cloud-dog.net/v1/objects \"HTTP/1.1 200 OK\"", "correlation_id": "8a12716271eb4029806d483edd34ec51", "service": "index-retriever-mcp-server", "service_instance": "index-retriever-local", "environment": "dev"}
{"timestamp": "2026-07-08T17:05:08.114468Z", "level": "INFO", "logger": "httpx", "message": "HTTP Request: POST https://weaviate.cloud-dog.net/v1/objects \"HTTP/1.1 200 OK\"", "correlation_id": "8a12716271eb4029806d483edd34ec51", "service": "index-retriever-mcp-server", "service_instance": "index-retriever-local", "environment": "dev"}
{"timestamp": "2026-07-08T17:05:08.133284Z", "level": "INFO", "logger": "httpx", "message": "HTTP Request: POST https://weaviate.cloud-dog.net/v1/objects \"HTTP/1.1 200 OK\"", "correlation_id": "8a12716271eb4029806d483edd34ec51", "service": "index-retriever-mcp-server", "service_instance": "index-retriever-local", "environment": "dev"}
{"timestamp": "2026-07-08T17:05:08.145857Z", "level": "INFO", "logger": "httpx", "message": "HTTP Request: POST https://weaviate.cloud-dog.net/v1/objects \"HTTP/1.1 200 OK\"", "correlation_id": "8a12716271eb4029806d483edd34ec51", "service": "index-retriever-mcp-server", "service_instance": "index-retriever-local", "environment": "dev"}
{"timestamp": "2026-07-08T17:05:08.159965Z", "level": "INFO", "logger": "httpx", "message": "HTTP Request: POST https://weaviate.cloud-dog.net/v1/objects \"HTTP/1.1 200 OK\"", "correlation_id": "8a12716271eb4029806d483edd34ec51", "service": "index-retriever-mcp-server", "service_instance": "index-retriever-local", "environment": "dev"}
{"timestamp": "2026-07-08T17:05:08.175192Z", "level": "INFO", "logger": "httpx", "message": "HTTP Request: POST https://weaviate.cloud-dog.net/v1/objects \"HTTP/1.1 200 OK\"", "correlation_id": "8a12716271eb4029806d483edd34ec51", "service": "index-retriever-mcp-server", "service_instance": "index-retriever-local", "environment": "dev"}
{"timestamp": "2026-07-08T17:05:08.188783Z", "level": "INFO", "logger": "httpx", "message": "HTTP Request: POST https://weaviate.cloud-dog.net/v1/objects \"HTTP/1.1 200 OK\"", "correlation_id": "8a12716271eb4029806d483edd34ec51", "service": "index-retriever-mcp-server", "service_instance": "index-retriever-local", "environment": "dev"}
{"timestamp": "2026-07-08T17:05:08.204828Z", "level": "INFO", "logger": "httpx", "message": "HTTP Request: POST https://weaviate.cloud-dog.net/v1/objects \"HTTP/1.1 200 OK\"", "correlation_id": "8a12716271eb4029806d483edd34ec51", "service": "index-retriever-mcp-server", "service_instance": "index-retriever-local", "environment": "dev"}
{"timestamp": "2026-07-08T17:05:08.217525Z", "level": "INFO", "logger": "httpx", "message": "HTTP Request: POST https://weaviate.cloud-dog.net/v1/objects \"HTTP/1.1 200 OK\"", "correlation_id": "8a12716271eb4029806d483edd34ec51", "service": "index-retriever-mcp-server", "service_instance": "index-retriever-local", "environment": "dev"}
{"timestamp": "2026-07-08T17:05:08.230702Z", "level": "INFO", "logger": "httpx", "message": "HTTP Request: POST https://weaviate.cloud-dog.net/v1/objects \"HTTP/1.1 200 OK\"", "correlation_id": "8a12716271eb4029806d483edd34ec51", "service": "index-retriever-mcp-server", "service_instance": "index-retriever-local", "environment": "dev"}
{"timestamp": "2026-07-08T17:05:08.243652Z", "level": "INFO", "logger": "httpx", "message": "HTTP Request: POST https://weaviate.cloud-dog.net/v1/objects \"HTTP/1.1 200 OK\"", "correlation_id": "8a12716271eb4029806d483edd34ec51", "service": "index-retriever-mcp-server", "service_instance": "index-retriever-local", "environment": "dev"}
{"timestamp": "2026-07-08T17:05:08.256104Z", "level": "INFO", "logger": "httpx", "message": "HTTP Request: POST https://weaviate.cloud-dog.net/v1/objects \"HTTP/1.1 200 OK\"", "correlation_id": "8a12716271eb4029806d483edd34ec51", "service": "index-retriever-mcp-server", "service_instance": "index-retriever-local", "environment": "dev"}
{"timestamp": "2026-07-08T17:05:08.270824Z", "level": "INFO", "logger": "httpx", "message": "HTTP Request: POST https://weaviate.cloud-dog.net/v1/objects \"HTTP/1.1 200 OK\"", "correlation_id": "8a12716271eb4029806d483edd34ec51", "service": "index-retriever-mcp-server", "service_instance": "index-retriever-local", "environment": "dev"}
{"timestamp": "2026-07-08T17:05:08.286204Z", "level": "INFO", "logger": "httpx", "message": "HTTP Request: POST https://weaviate.cloud-dog.net/v1/objects \"HTTP/1.1 200 OK\"", "correlation_id": "8a12716271eb4029806d483edd34ec51", "service": "index-retriever-mcp-server", "service_instance": "index-retriever-local", "environment": "dev"}
{"timestamp": "2026-07-08T17:05:08.299856Z", "level": "INFO", "logger": "httpx", "message": "HTTP Request: POST https://weaviate.cloud-dog.net/v1/objects \"HTTP/1.1 200 OK\"", "correlation_id": "8a12716271eb4029806d483edd34ec51", "service": "index-retriever-mcp-server", "service_instance": "index-retriever-local", "environment": "dev"}
{"timestamp": "2026-07-08T17:05:08.315219Z", "level": "INFO", "logger": "httpx", "message": "HTTP Request: POST https://weaviate.cloud-dog.net/v1/objects \"HTTP/1.1 200 OK\"", "correlation_id": "8a12716271eb4029806d483edd34ec51", "service": "index-retriever-mcp-server", "service_instance": "index-retriever-local", "environment": "dev"}
{"timestamp": "2026-07-08T17:05:08.332606Z", "level": "INFO", "logger": "httpx", "message": "HTTP Request: POST https://weaviate.cloud-dog.net/v1/objects \"HTTP/1.1 200 OK\"", "correlation_id": "8a12716271eb4029806d483edd34ec51", "service": "index-retriever-mcp-server", "service_instance": "index-retriever-local", "environment": "dev"}
{"timestamp": "2026-07-08T17:05:08.345656Z", "level": "INFO", "logger": "httpx", "message": "HTTP Request: POST https://weaviate.cloud-dog.net/v1/objects \"HTTP/1.1 200 OK\"", "correlation_id": "8a12716271eb4029806d483edd34ec51", "service": "index-retriever-mcp-server", "service_instance": "index-retriever-local", "environment": "dev"}
{"timestamp": "2026-07-08T17:05:08.364944Z", "level": "INFO", "logger": "httpx", "message": "HTTP Request: POST https://weaviate.cloud-dog.net/v1/objects \"HTTP/1.1 200 OK\"", "correlation_id": "8a12716271eb4029806d483edd34ec51", "service": "index-retriever-mcp-server", "service_instance": "index-retriever-local", "environment": "dev"}
{"timestamp": "2026-07-08T17:05:08.379988Z", "level": "INFO", "logger": "httpx", "message": "HTTP Request: POST https://weaviate.cloud-dog.net/v1/objects \"HTTP/1.1 200 OK\"", "correlation_id": "8a12716271eb4029806d483edd34ec51", "service": "index-retriever-mcp-server", "service_instance": "index-retriever-local", "environment": "dev"}
{"timestamp": "2026-07-08T17:05:08.394243Z", "level": "INFO", "logger": "httpx", "message": "HTTP Request: POST https://weaviate.cloud-dog.net/v1/objects \"HTTP/1.1 200 OK\"", "correlation_id": "8a12716271eb4029806d483edd34ec51", "service": "index-retriever-mcp-server", "service_instance": "index-retriever-local", "environment": "dev"}
{"timestamp": "2026-07-08T17:05:08.407903Z", "level": "INFO", "logger": "httpx", "message": "HTTP Request: POST https://weaviate.cloud-dog.net/v1/objects \"HTTP/1.1 200 OK\"", "correlation_id": "8a12716271eb4029806d483edd34ec51", "service": "index-retriever-mcp-server", "service_instance": "index-retriever-local", "environment": "dev"}
{"timestamp": "2026-07-08T17:05:08.420984Z", "level": "INFO", "logger": "httpx", "message": "HTTP Request: POST https://weaviate.cloud-dog.net/v1/objects \"HTTP/1.1 200 OK\"", "correlation_id": "8a12716271eb4029806d483edd34ec51", "service": "index-retriever-mcp-server", "service_instance": "index-retriever-local", "environment": "dev"}
{"timestamp": "2026-07-08T17:05:08.438010Z", "level": "INFO", "logger": "httpx", "message": "HTTP Request: POST https://weaviate.cloud-dog.net/v1/objects \"HTTP/1.1 200 OK\"", "correlation_id": "8a12716271eb4029806d483edd34ec51", "service": "index-retriever-mcp-server", "service_instance": "index-retriever-local", "environment": "dev"}
{"timestamp": "2026-07-08T17:05:08.452570Z", "level": "INFO", "logger": "httpx", "message": "HTTP Request: POST https://weaviate.cloud-dog.net/v1/objects \"HTTP/1.1 200 OK\"", "correlation_id": "8a12716271eb4029806d483edd34ec51", "service": "index-retriever-mcp-server", "service_instance": "index-retriever-local", "environment": "dev"}
{"timestamp": "2026-07-08T17:05:08.465377Z", "level": "INFO", "logger": "httpx", "message": "HTTP Request: POST https://weaviate.cloud-dog.net/v1/objects \"HTTP/1.1 200 OK\"", "correlation_id": "8a12716271eb4029806d483edd34ec51", "service": "index-retriever-mcp-server", "service_instance": "index-retriever-local", "environment": "dev"}
{"timestamp": "2026-07-08T17:05:08.480254Z", "level": "INFO", "logger": "httpx", "message": "HTTP Request: POST https://weaviate.cloud-dog.net/v1/objects \"HTTP/1.1 200 OK\"", "correlation_id": "8a12716271eb4029806d483edd34ec51", "service": "index-retriever-mcp-server", "service_instance": "index-retriever-local", "environment": "dev"}
{"timestamp": "2026-07-08T17:05:08.493528Z", "level": "INFO", "logger": "httpx", "message": "HTTP Request: POST https://weaviate.cloud-dog.net/v1/objects \"HTTP/1.1 200 OK\"", "correlation_id": "8a12716271eb4029806d483edd34ec51", "service": "index-retriever-mcp-server", "service_instance": "index-retriever-local", "environment": "dev"}
{"timestamp": "2026-07-08T17:05:08.512639Z", "level": "INFO", "logger": "httpx", "message": "HTTP Request: POST https://weaviate.cloud-dog.net/v1/objects \"HTTP/1.1 200 OK\"", "correlation_id": "8a12716271eb4029806d483edd34ec51", "service": "index-retriever-mcp-server", "service_instance": "index-retriever-local", "environment": "dev"}
{"timestamp": "2026-07-08T17:05:08.529700Z", "level": "INFO", "logger": "httpx", "message": "HTTP Request: POST https://weaviate.cloud-dog.net/v1/objects \"HTTP/1.1 200 OK\"", "correlation_id": "8a12716271eb4029806d483edd34ec51", "service": "index-retriever-mcp-server", "service_instance": "index-retriever-local", "environment": "dev"}
{"timestamp": "2026-07-08T17:05:08.544259Z", "level": "INFO", "logger": "httpx", "message": "HTTP Request: POST https://weaviate.cloud-dog.net/v1/objects \"HTTP/1.1 200 OK\"", "correlation_id": "8a12716271eb4029806d483edd34ec51", "service": "index-retriever-mcp-server", "service_instance": "index-retriever-local", "environment": "dev"}
{"timestamp": "2026-07-08T17:05:08.558068Z", "level": "INFO", "logger": "httpx", "message": "HTTP Request: POST https://weaviate.cloud-dog.net/v1/objects \"HTTP/1.1 200 OK\"", "correlation_id": "8a12716271eb4029806d483edd34ec51", "service": "index-retriever-mcp-server", "service_instance": "index-retriever-local", "environment": "dev"}
{"timestamp": "2026-07-08T17:05:08.572038Z", "level": "INFO", "logger": "httpx", "message": "HTTP Request: POST https://weaviate.cloud-dog.net/v1/objects \"HTTP/1.1 200 OK\"", "correlation_id": "8a12716271eb4029806d483edd34ec51", "service": "index-retriever-mcp-server", "service_instance": "index-retriever-local", "environment": "dev"}
{"timestamp": "2026-07-08T17:05:08.586741Z", "level": "INFO", "logger": "httpx", "message": "HTTP Request: POST https://weaviate.cloud-dog.net/v1/objects \"HTTP/1.1 200 OK\"", "correlation_id": "8a12716271eb4029806d483edd34ec51", "service": "index-retriever-mcp-server", "service_instance": "index-retriever-local", "environment": "dev"}
{"timestamp": "2026-07-08T17:05:08.603081Z", "level": "INFO", "logger": "httpx", "message": "HTTP Request: POST https://weaviate.cloud-dog.net/v1/objects \"HTTP/1.1 200 OK\"", "correlation_id": "8a12716271eb4029806d483edd34ec51", "service": "index-retriever-mcp-server", "service_instance": "index-retriever-local", "environment": "dev"}
{"timestamp": "2026-07-08T17:05:08.616798Z", "level": "INFO", "logger": "httpx", "message": "HTTP Request: POST https://weaviate.cloud-dog.net/v1/objects \"HTTP/1.1 200 OK\"", "correlation_id": "8a12716271eb4029806d483edd34ec51", "service": "index-retriever-mcp-server", "service_instance": "index-retriever-local", "environment": "dev"}
{"timestamp": "2026-07-08T17:05:08.631462Z", "level": "INFO", "logger": "httpx", "message": "HTTP Request: POST https://weaviate.cloud-dog.net/v1/objects \"HTTP/1.1 200 OK\"", "correlation_id": "8a12716271eb4029806d483edd34ec51", "service": "index-retriever-mcp-server", "service_instance": "index-retriever-local", "environment": "dev"}
{"timestamp": "2026-07-08T17:05:08.645643Z", "level": "INFO", "logger": "httpx", "message": "HTTP Request: POST https://weaviate.cloud-dog.net/v1/objects \"HTTP/1.1 200 OK\"", "correlation_id": "8a12716271eb4029806d483edd34ec51", "service": "index-retriever-mcp-server", "service_instance": "index-retriever-local", "environment": "dev"}
{"timestamp": "2026-07-08T17:05:08.659426Z", "level": "INFO", "logger": "httpx", "message": "HTTP Request: POST https://weaviate.cloud-dog.net/v1/objects \"HTTP/1.1 200 OK\"", "correlation_id": "8a12716271eb4029806d483edd34ec51", "service": "index-retriever-mcp-server", "service_instance": "index-retriever-local", "environment": "dev"}
{"timestamp": "2026-07-08T17:05:08.674460Z", "level": "INFO", "logger": "httpx", "message": "HTTP Request: POST https://weaviate.cloud-dog.net/v1/objects \"HTTP/1.1 200 OK\"", "correlation_id": "8a12716271eb4029806d483edd34ec51", "service": "index-retriever-mcp-server", "service_instance": "index-retriever-local", "environment": "dev"}
{"timestamp": "2026-07-08T17:05:08.688705Z", "level": "INFO", "logger": "httpx", "message": "HTTP Request: POST https://weaviate.cloud-dog.net/v1/objects \"HTTP/1.1 200 OK\"", "correlation_id": "8a12716271eb4029806d483edd34ec51", "service": "index-retriever-mcp-server", "service_instance": "index-retriever-local", "environment": "dev"}
{"timestamp": "2026-07-08T17:05:08.700059Z", "level": "INFO", "logger": "httpx", "message": "HTTP Request: POST https://weaviate.cloud-dog.net/v1/objects \"HTTP/1.1 200 OK\"", "correlation_id": "8a12716271eb4029806d483edd34ec51", "service": "index-retriever-mcp-server", "service_instance": "index-retriever-local", "environment": "dev"}
{"timestamp": "2026-07-08T17:05:08.713369Z", "level": "INFO", "logger": "httpx", "message": "HTTP Request: POST https://weaviate.cloud-dog.net/v1/objects \"HTTP/1.1 200 OK\"", "correlation_id": "8a12716271eb4029806d483edd34ec51", "service": "index-retriever-mcp-server", "service_instance": "index-retriever-local", "environment": "dev"}
{"timestamp": "2026-07-08T17:05:08.726489Z", "level": "INFO", "logger": "httpx", "message": "HTTP Request: POST https://weaviate.cloud-dog.net/v1/objects \"HTTP/1.1 200 OK\"", "correlation_id": "8a12716271eb4029806d483edd34ec51", "service": "index-retriever-mcp-server", "service_instance": "index-retriever-local", "environment": "dev"}
{"timestamp": "2026-07-08T17:05:08.743917Z", "level": "INFO", "logger": "httpx", "message": "HTTP Request: POST https://weaviate.cloud-dog.net/v1/objects \"HTTP/1.1 200 OK\"", "correlation_id": "8a12716271eb4029806d483edd34ec51", "service": "index-retriever-mcp-server", "service_instance": "index-retriever-local", "environment": "dev"}
{"timestamp": "2026-07-08T17:05:08.757518Z", "level": "INFO", "logger": "httpx", "message": "HTTP Request: POST https://weaviate.cloud-dog.net/v1/objects \"HTTP/1.1 200 OK\"", "correlation_id": "8a12716271eb4029806d483edd34ec51", "service": "index-retriever-mcp-server", "service_instance": "index-retriever-local", "environment": "dev"}
{"timestamp": "2026-07-08T17:05:08.770314Z", "level": "INFO", "logger": "httpx", "message": "HTTP Request: POST https://weaviate.cloud-dog.net/v1/objects \"HTTP/1.1 200 OK\"", "correlation_id": "8a12716271eb4029806d483edd34ec51", "service": "index-retriever-mcp-server", "service_instance": "index-retriever-local", "environment": "dev"}
{"timestamp": "2026-07-08T17:05:08.783961Z", "level": "INFO", "logger": "httpx", "message": "HTTP Request: POST https://weaviate.cloud-dog.net/v1/objects \"HTTP/1.1 200 OK\"", "correlation_id": "8a12716271eb4029806d483edd34ec51", "service": "index-retriever-mcp-server", "service_instance": "index-retriever-local", "environment": "dev"}
{"timestamp": "2026-07-08T17:05:08.795352Z", "level": "INFO", "logger": "httpx", "message": "HTTP Request: POST https://weaviate.cloud-dog.net/v1/objects \"HTTP/1.1 200 OK\"", "correlation_id": "8a12716271eb4029806d483edd34ec51", "service": "index-retriever-mcp-server", "service_instance": "index-retriever-local", "environment": "dev"}
{"timestamp": "2026-07-08T17:05:08.810570Z", "level": "INFO", "logger": "httpx", "message": "HTTP Request: POST https://weaviate.cloud-dog.net/v1/objects \"HTTP/1.1 200 OK\"", "correlation_id": "8a12716271eb4029806d483edd34ec51", "service": "index-retriever-mcp-server", "service_instance": "index-retriever-local", "environment": "dev"}
{"timestamp": "2026-07-08T17:05:08.825372Z", "level": "INFO", "logger": "httpx", "message": "HTTP Request: POST https://weaviate.cloud-dog.net/v1/objects \"HTTP/1.1 200 OK\"", "correlation_id": "8a12716271eb4029806d483edd34ec51", "service": "index-retriever-mcp-server", "service_instance": "index-retriever-local", "environment": "dev"}
{"timestamp": "2026-07-08T17:05:08.843069Z", "level": "INFO", "logger": "httpx", "message": "HTTP Request: POST https://weaviate.cloud-dog.net/v1/objects \"HTTP/1.1 200 OK\"", "correlation_id": "8a12716271eb4029806d483edd34ec51", "service": "index-retriever-mcp-server", "service_instance": "index-retriever-local", "environment": "dev"}
{"timestamp": "2026-07-08T17:05:08.861085Z", "level": "INFO", "logger": "httpx", "message": "HTTP Request: POST https://weaviate.cloud-dog.net/v1/objects \"HTTP/1.1 200 OK\"", "correlation_id": "8a12716271eb4029806d483edd34ec51", "service": "index-retriever-mcp-server", "service_instance": "index-retriever-local", "environment": "dev"}
{"timestamp": "2026-07-08T17:05:08.876028Z", "level": "INFO", "logger": "httpx", "message": "HTTP Request: POST https://weaviate.cloud-dog.net/v1/objects \"HTTP/1.1 200 OK\"", "correlation_id": "8a12716271eb4029806d483edd34ec51", "service": "index-retriever-mcp-server", "service_instance": "index-retriever-local", "environment": "dev"}
{"timestamp": "2026-07-08T17:05:08.890460Z", "level": "INFO", "logger": "httpx", "message": "HTTP Request: POST https://weaviate.cloud-dog.net/v1/objects \"HTTP/1.1 200 OK\"", "correlation_id": "8a12716271eb4029806d483edd34ec51", "service": "index-retriever-mcp-server", "service_instance": "index-retriever-local", "environment": "dev"}
{"timestamp": "2026-07-08T17:05:08.905145Z", "level": "INFO", "logger": "httpx", "message": "HTTP Request: POST https://weaviate.cloud-dog.net/v1/objects \"HTTP/1.1 200 OK\"", "correlation_id": "8a12716271eb4029806d483edd34ec51", "service": "index-retriever-mcp-server", "service_instance": "index-retriever-local", "environment": "dev"}
{"timestamp": "2026-07-08T17:05:08.921760Z", "level": "INFO", "logger": "httpx", "message": "HTTP Request: POST https://weaviate.cloud-dog.net/v1/objects \"HTTP/1.1 200 OK\"", "correlation_id": "8a12716271eb4029806d483edd34ec51", "service": "index-retriever-mcp-server", "service_instance": "index-retriever-local", "environment": "dev"}
{"timestamp": "2026-07-08T17:05:08.938977Z", "level": "INFO", "logger": "httpx", "message": "HTTP Request: POST https://weaviate.cloud-dog.net/v1/objects \"HTTP/1.1 200 OK\"", "correlation_id": "8a12716271eb4029806d483edd34ec51", "service": "index-retriever-mcp-server", "service_instance": "index-retriever-local", "environment": "dev"}
{"timestamp": "2026-07-08T17:05:08.952301Z", "level": "INFO", "logger": "httpx", "message": "HTTP Request: POST https://weaviate.cloud-dog.net/v1/objects \"HTTP/1.1 200 OK\"", "correlation_id": "8a12716271eb4029806d483edd34ec51", "service": "index-retriever-mcp-server", "service_instance": "index-retriever-local", "environment": "dev"}
{"timestamp": "2026-07-08T17:05:08.965490Z", "level": "INFO", "logger": "httpx", "message": "HTTP Request: POST https://weaviate.cloud-dog.net/v1/objects \"HTTP/1.1 200 OK\"", "correlation_id": "8a12716271eb4029806d483edd34ec51", "service": "index-retriever-mcp-server", "service_instance": "index-retriever-local", "environment": "dev"}
{"timestamp": "2026-07-08T17:05:08.981591Z", "level": "INFO", "logger": "httpx", "message": "HTTP Request: POST https://weaviate.cloud-dog.net/v1/objects \"HTTP/1.1 200 OK\"", "correlation_id": "8a12716271eb4029806d483edd34ec51", "service": "index-retriever-mcp-server", "service_instance": "index-retriever-local", "environment": "dev"}
{"timestamp": "2026-07-08T17:05:08.996196Z", "level": "INFO", "logger": "httpx", "message": "HTTP Request: POST https://weaviate.cloud-dog.net/v1/objects \"HTTP/1.1 200 OK\"", "correlation_id": "8a12716271eb4029806d483edd34ec51", "service": "index-retriever-mcp-server", "service_instance": "index-retriever-local", "environment": "dev"}
{"timestamp": "2026-07-08T17:05:09.011012Z", "level": "INFO", "logger": "httpx", "message": "HTTP Request: POST https://weaviate.cloud-dog.net/v1/objects \"HTTP/1.1 200 OK\"", "correlation_id": "8a12716271eb4029806d483edd34ec51", "service": "index-retriever-mcp-server", "service_instance": "index-retriever-local", "environment": "dev"}
{"timestamp": "2026-07-08T17:05:09.023590Z", "level": "INFO", "logger": "httpx", "message": "HTTP Request: POST https://weaviate.cloud-dog.net/v1/objects \"HTTP/1.1 200 OK\"", "correlation_id": "8a12716271eb4029806d483edd34ec51", "service": "index-retriever-mcp-server", "service_instance": "index-retriever-local", "environment": "dev"}
{"timestamp": "2026-07-08T17:05:09.035810Z", "level": "INFO", "logger": "httpx", "message": "HTTP Request: POST https://weaviate.cloud-dog.net/v1/objects \"HTTP/1.1 200 OK\"", "correlation_id": "8a12716271eb4029806d483edd34ec51", "service": "index-retriever-mcp-server", "service_instance": "index-retriever-local", "environment": "dev"}
{"timestamp": "2026-07-08T17:05:09.049307Z", "level": "INFO", "logger": "httpx", "message": "HTTP Request: POST https://weaviate.cloud-dog.net/v1/objects \"HTTP/1.1 200 OK\"", "correlation_id": "8a12716271eb4029806d483edd34ec51", "service": "index-retriever-mcp-server", "service_instance": "index-retriever-local", "environment": "dev"}
{"timestamp": "2026-07-08T17:05:09.064666Z", "level": "INFO", "logger": "httpx", "message": "HTTP Request: POST https://weaviate.cloud-dog.net/v1/objects \"HTTP/1.1 200 OK\"", "correlation_id": "8a12716271eb4029806d483edd34ec51", "service": "index-retriever-mcp-server", "service_instance": "index-retriever-local", "environment": "dev"}
{"timestamp": "2026-07-08T17:05:09.081395Z", "level": "INFO", "logger": "httpx", "message": "HTTP Request: POST https://weaviate.cloud-dog.net/v1/objects \"HTTP/1.1 200 OK\"", "correlation_id": "8a12716271eb4029806d483edd34ec51", "service": "index-retriever-mcp-server", "service_instance": "index-retriever-local", "environment": "dev"}
{"timestamp": "2026-07-08T17:05:09.103550Z", "level": "INFO", "logger": "httpx", "message": "HTTP Request: POST https://weaviate.cloud-dog.net/v1/objects \"HTTP/1.1 200 OK\"", "correlation_id": "8a12716271eb4029806d483edd34ec51", "service": "index-retriever-mcp-server", "service_instance": "index-retriever-local", "environment": "dev"}
{"timestamp": "2026-07-08T17:05:09.116434Z", "level": "INFO", "logger": "httpx", "message": "HTTP Request: POST https://weaviate.cloud-dog.net/v1/objects \"HTTP/1.1 200 OK\"", "correlation_id": "8a12716271eb4029806d483edd34ec51", "service": "index-retriever-mcp-server", "service_instance": "index-retriever-local", "environment": "dev"}
{"timestamp": "2026-07-08T17:05:09.139552Z", "level": "INFO", "logger": "httpx", "message": "HTTP Request: POST https://weaviate.cloud-dog.net/v1/graphql \"HTTP/1.1 200 OK\"", "correlation_id": "8a12716271eb4029806d483edd34ec51", "service": "index-retriever-mcp-server", "service_instance": "index-retriever-local", "environment": "dev"}
{"timestamp": "2026-07-08T17:05:09.803958Z", "level": "INFO", "logger": "cloud_dog_logging.integrity", "message": "audit_integrity_check", "correlation_id": "c85d2ec55c2d4591af0cebebafdc9494", "service": "index-retriever-mcp-server", "service_instance": "index-retriever-local", "environment": "dev", "extra": {"integrity_record": {"timestamp": "2026-07-08T17:05:09.803Z", "record_type": "audit_integrity_check", "service": "index-retriever-mcp-server", "service_instance": "index-retriever-local", "audit_log_path": "logs/audit.log.jsonl", "hash_algorithm": "sha256", "hash_value": "ab7fd61c91acaf801661f368b63d0b7e1da2f083fea7dcd74ae54b2dd87cbcba", "file_size_bytes": 682377, "line_count": 769, "last_event_timestamp": "2026-07-08T17:00:10.489Z", "verification_status": "valid", "trigger": "periodic"}}}
{"timestamp": "2026-07-08T17:05:10.322958Z", "level": "INFO", "logger": "httpx", "message": "HTTP Request: DELETE https://weaviate.cloud-dog.net/v1/schema/W23aAt2WeaviatePipeline \"HTTP/1.1 200 OK\"", "correlation_id": "8a12716271eb4029806d483edd34ec51", "service": "index-retriever-mcp-server", "service_instance": "index-retriever-local", "environment": "dev"}
{"timestamp": "2026-07-08T17:05:10.441667Z", "level": "INFO", "logger": "httpx", "message": "HTTP Request: DELETE http://infinity0.app.vpc0.cloud-dog.net:8080/databases/default_db/tables/w23a_at2_infinity_pipeline \"HTTP/1.1 200 OK\"", "correlation_id": "8a12716271eb4029806d483edd34ec51", "service": "index-retriever-mcp-server", "service_instance": "index-retriever-local", "environment": "dev"}
{"timestamp": "2026-07-08T17:05:10.472126Z", "level": "INFO", "logger": "httpx", "message": "HTTP Request: POST http://infinity0.app.vpc0.cloud-dog.net:8080/databases/default_db/tables/w23a_at2_infinity_pipeline \"HTTP/1.1 200 OK\"", "correlation_id": "8a12716271eb4029806d483edd34ec51", "service": "index-retriever-mcp-server", "service_instance": "index-retriever-local", "environment": "dev"}
{"timestamp": "2026-07-08T17:05:10.641713Z", "level": "INFO", "logger": "httpx", "message": "HTTP Request: GET https://minerugui.cloud-dog.net/health \"HTTP/1.1 404 Not Found\"", "correlation_id": "8a12716271eb4029806d483edd34ec51", "service": "index-retriever-mcp-server", "service_instance": "index-retriever-local", "environment": "dev"}
{"timestamp": "2026-07-08T17:05:10.666411Z", "level": "INFO", "logger": "httpx", "message": "HTTP Request: POST https://minerugui.cloud-dog.net/file_parse \"HTTP/1.1 404 Not Found\"", "correlation_id": "8a12716271eb4029806d483edd34ec51", "service": "index-retriever-mcp-server", "service_instance": "index-retriever-local", "environment": "dev"}
{"timestamp": "2026-07-08T17:05:10.701931Z", "level": "INFO", "logger": "httpx", "message": "HTTP Request: POST https://minerugui.cloud-dog.net/gradio_api/upload \"HTTP/1.1 200 OK\"", "correlation_id": "8a12716271eb4029806d483edd34ec51", "service": "index-retriever-mcp-server", "service_instance": "index-retriever-local", "environment": "dev"}
{"timestamp": "2026-07-08T17:05:55.067261Z", "level": "INFO", "logger": "httpx", "message": "HTTP Request: POST https://minerugui.cloud-dog.net/gradio_api/run/to_markdown \"HTTP/1.1 200 OK\"", "correlation_id": "8a12716271eb4029806d483edd34ec51", "service": "index-retriever-mcp-server", "service_instance": "index-retriever-local", "environment": "dev"}
{"timestamp": "2026-07-08T17:05:55.127975Z", "level": "INFO", "logger": "httpx", "message": "HTTP Request: POST http://infinity0.app.vpc0.cloud-dog.net:8080/databases/default_db/tables/w23a_at2_infinity_pipeline/docs \"HTTP/1.1 200 OK\"", "correlation_id": "8a12716271eb4029806d483edd34ec51", "service": "index-retriever-mcp-server", "service_instance": "index-retriever-local", "environment": "dev"}
{"timestamp": "2026-07-08T17:05:55.153969Z", "level": "INFO", "logger": "httpx", "message": "HTTP Request: GET http://infinity0.app.vpc0.cloud-dog.net:8080/databases/default_db/tables/w23a_at2_infinity_pipeline/docs \"HTTP/1.1 200 OK\"", "correlation_id": "8a12716271eb4029806d483edd34ec51", "service": "index-retriever-mcp-server", "service_instance": "index-retriever-local", "environment": "dev"}
{"timestamp": "2026-07-08T17:05:55.167476Z", "level": "INFO", "logger": "httpx", "message": "HTTP Request: DELETE http://infinity0.app.vpc0.cloud-dog.net:8080/databases/default_db/tables/w23a_at2_infinity_pipeline \"HTTP/1.1 200 OK\"", "correlation_id": "8a12716271eb4029806d483edd34ec51", "service": "index-retriever-mcp-server", "service_instance": "index-retriever-local", "environment": "dev"}
------------------------------ Captured log call -------------------------------
INFO     httpx:_client.py:1740 HTTP Request: DELETE https://chroma.cloud-dog.net/api/v2/tenants/default_tenant/databases/default_database/collections/w23a_at2_chroma_pipeline "HTTP/1.1 404 Not Found"
INFO     httpx:_client.py:1740 HTTP Request: POST https://chroma.cloud-dog.net/api/v2/tenants/default_tenant/databases/default_database/collections "HTTP/1.1 200 OK"
INFO     httpx:_client.py:1740 HTTP Request: GET https://minerugui.cloud-dog.net/health "HTTP/1.1 404 Not Found"
INFO     httpx:_client.py:1740 HTTP Request: POST https://minerugui.cloud-dog.net/file_parse "HTTP/1.1 404 Not Found"
INFO     httpx:_client.py:1740 HTTP Request: POST https://minerugui.cloud-dog.net/gradio_api/upload "HTTP/1.1 200 OK"
INFO     httpx:_client.py:1740 HTTP Request: POST https://minerugui.cloud-dog.net/gradio_api/run/to_markdown "HTTP/1.1 200 OK"
INFO     httpx:_client.py:1740 HTTP Request: GET https://chroma.cloud-dog.net/api/v2/tenants/default_tenant/databases/default_database/collections "HTTP/1.1 200 OK"
INFO     httpx:_client.py:1740 HTTP Request: POST https://chroma.cloud-dog.net/api/v2/tenants/default_tenant/databases/default_database/collections/871e983f-7f4d-450c-9134-a92d369c562c/upsert "HTTP/1.1 200 OK"
INFO     httpx:_client.py:1740 HTTP Request: GET https://chroma.cloud-dog.net/api/v2/tenants/default_tenant/databases/default_database/collections "HTTP/1.1 200 OK"
INFO     httpx:_client.py:1740 HTTP Request: POST https://chroma.cloud-dog.net/api/v2/tenants/default_tenant/databases/default_database/collections/871e983f-7f4d-450c-9134-a92d369c562c/query "HTTP/1.1 200 OK"
INFO     httpx:_client.py:1740 HTTP Request: DELETE https://chroma.cloud-dog.net/api/v2/tenants/default_tenant/databases/default_database/collections/w23a_at2_chroma_pipeline "HTTP/1.1 200 OK"
INFO     httpx:_client.py:1740 HTTP Request: DELETE https://qdrant.cloud-dog.net/collections/w23a_at2_qdrant_pipeline "HTTP/1.1 200 OK"
INFO     httpx:_client.py:1740 HTTP Request: PUT https://qdrant.cloud-dog.net/collections/w23a_at2_qdrant_pipeline "HTTP/1.1 200 OK"
INFO     httpx:_client.py:1740 HTTP Request: GET https://qdrant.cloud-dog.net/collections/w23a_at2_qdrant_pipeline "HTTP/1.1 200 OK"
INFO     httpx:_client.py:1740 HTTP Request: GET https://minerugui.cloud-dog.net/health "HTTP/1.1 404 Not Found"
INFO     httpx:_client.py:1740 HTTP Request: POST https://minerugui.cloud-dog.net/file_parse "HTTP/1.1 404 Not Found"
INFO     httpx:_client.py:1740 HTTP Request: POST https://minerugui.cloud-dog.net/gradio_api/upload "HTTP/1.1 200 OK"
INFO     httpx:_client.py:1740 HTTP Request: POST https://minerugui.cloud-dog.net/gradio_api/run/to_markdown "HTTP/1.1 200 OK"
INFO     httpx:_client.py:1740 HTTP Request: PUT https://qdrant.cloud-dog.net/collections/w23a_at2_qdrant_pipeline/points?wait=true "HTTP/1.1 200 OK"
INFO     httpx:_client.py:1740 HTTP Request: POST https://qdrant.cloud-dog.net/collections/w23a_at2_qdrant_pipeline/points/search "HTTP/1.1 200 OK"
INFO     httpx:_client.py:1740 HTTP Request: DELETE https://qdrant.cloud-dog.net/collections/w23a_at2_qdrant_pipeline "HTTP/1.1 200 OK"
INFO     httpx:_client.py:1740 HTTP Request: DELETE http://opensearch0.app.vpc0.cloud-dog.net:1201/w23a_at2_opensearch_pipeline "HTTP/1.1 404 Not Found"
INFO     httpx:_client.py:1740 HTTP Request: PUT http://opensearch0.app.vpc0.cloud-dog.net:1201/w23a_at2_opensearch_pipeline "HTTP/1.1 200 OK"
INFO     httpx:_client.py:1740 HTTP Request: GET https://minerugui.cloud-dog.net/health "HTTP/1.1 404 Not Found"
INFO     httpx:_client.py:1740 HTTP Request: POST https://minerugui.cloud-dog.net/file_parse "HTTP/1.1 404 Not Found"
INFO     httpx:_client.py:1740 HTTP Request: POST https://minerugui.cloud-dog.net/gradio_api/upload "HTTP/1.1 200 OK"
INFO     httpx:_client.py:1740 HTTP Request: POST https://minerugui.cloud-dog.net/gradio_api/run/to_markdown "HTTP/1.1 200 OK"
INFO     httpx:_client.py:1740 HTTP Request: POST http://opensearch0.app.vpc0.cloud-dog.net:1201/_bulk?refresh=true "HTTP/1.1 200 OK"
INFO     httpx:_client.py:1740 HTTP Request: POST http://opensearch0.app.vpc0.cloud-dog.net:1201/w23a_at2_opensearch_pipeline/_search "HTTP/1.1 200 OK"
INFO     httpx:_client.py:1740 HTTP Request: DELETE http://opensearch0.app.vpc0.cloud-dog.net:1201/w23a_at2_opensearch_pipeline "HTTP/1.1 200 OK"
INFO     httpx:_client.py:1740 HTTP Request: GET https://minerugui.cloud-dog.net/health "HTTP/1.1 404 Not Found"
INFO     httpx:_client.py:1740 HTTP Request: POST https://minerugui.cloud-dog.net/file_parse "HTTP/1.1 404 Not Found"
INFO     httpx:_client.py:1740 HTTP Request: POST https://minerugui.cloud-dog.net/gradio_api/upload "HTTP/1.1 200 OK"
INFO     httpx:_client.py:1740 HTTP Request: POST https://minerugui.cloud-dog.net/gradio_api/run/to_markdown "HTTP/1.1 200 OK"
INFO     httpx:_client.py:1740 HTTP Request: DELETE https://weaviate.cloud-dog.net/v1/schema/W23aAt2WeaviatePipeline "HTTP/1.1 200 OK"
INFO     httpx:_client.py:1740 HTTP Request: POST https://weaviate.cloud-dog.net/v1/schema "HTTP/1.1 200 OK"
INFO     httpx:_client.py:1740 HTTP Request: GET https://minerugui.cloud-dog.net/health "HTTP/1.1 404 Not Found"
INFO     httpx:_client.py:1740 HTTP Request: POST https://minerugui.cloud-dog.net/file_parse "HTTP/1.1 404 Not Found"
INFO     httpx:_client.py:1740 HTTP Request: POST https://minerugui.cloud-dog.net/gradio_api/upload "HTTP/1.1 200 OK"
INFO     httpx:_client.py:1740 HTTP Request: POST https://minerugui.cloud-dog.net/gradio_api/run/to_markdown "HTTP/1.1 200 OK"
INFO     httpx:_client.py:1740 HTTP Request: POST https://weaviate.cloud-dog.net/v1/objects "HTTP/1.1 200 OK"
INFO     httpx:_client.py:1740 HTTP Request: POST https://weaviate.cloud-dog.net/v1/objects "HTTP/1.1 200 OK"
INFO     httpx:_client.py:1740 HTTP Request: POST https://weaviate.cloud-dog.net/v1/objects "HTTP/1.1 200 OK"
INFO     httpx:_client.py:1740 HTTP Request: POST https://weaviate.cloud-dog.net/v1/objects "HTTP/1.1 200 OK"
INFO     httpx:_client.py:1740 HTTP Request: POST https://weaviate.cloud-dog.net/v1/objects "HTTP/1.1 200 OK"
INFO     httpx:_client.py:1740 HTTP Request: POST https://weaviate.cloud-dog.net/v1/objects "HTTP/1.1 200 OK"
INFO     httpx:_client.py:1740 HTTP Request: POST https://weaviate.cloud-dog.net/v1/objects "HTTP/1.1 200 OK"
INFO     httpx:_client.py:1740 HTTP Request: POST https://weaviate.cloud-dog.net/v1/objects "HTTP/1.1 200 OK"
INFO     httpx:_client.py:1740 HTTP Request: POST https://weaviate.cloud-dog.net/v1/objects "HTTP/1.1 200 OK"
INFO     httpx:_client.py:1740 HTTP Request: POST https://weaviate.cloud-dog.net/v1/objects "HTTP/1.1 200 OK"
INFO     httpx:_client.py:1740 HTTP Request: POST https://weaviate.cloud-dog.net/v1/objects "HTTP/1.1 200 OK"
INFO     httpx:_client.py:1740 HTTP Request: POST https://weaviate.cloud-dog.net/v1/objects "HTTP/1.1 200 OK"
INFO     httpx:_client.py:1740 HTTP Request: POST https://weaviate.cloud-dog.net/v1/objects "HTTP/1.1 200 OK"
INFO     httpx:_client.py:1740 HTTP Request: POST https://weaviate.cloud-dog.net/v1/objects "HTTP/1.1 200 OK"
INFO     httpx:_client.py:1740 HTTP Request: POST https://weaviate.cloud-dog.net/v1/objects "HTTP/1.1 200 OK"
INFO     httpx:_client.py:1740 HTTP Request: POST https://weaviate.cloud-dog.net/v1/objects "HTTP/1.1 200 OK"
INFO     httpx:_client.py:1740 HTTP Request: POST https://weaviate.cloud-dog.net/v1/objects "HTTP/1.1 200 OK"
INFO     httpx:_client.py:1740 HTTP Request: POST https://weaviate.cloud-dog.net/v1/objects "HTTP/1.1 200 OK"
INFO     httpx:_client.py:1740 HTTP Request: POST https://weaviate.cloud-dog.net/v1/objects "HTTP/1.1 200 OK"
INFO     httpx:_client.py:1740 HTTP Request: POST https://weaviate.cloud-dog.net/v1/objects "HTTP/1.1 200 OK"
INFO     httpx:_client.py:1740 HTTP Request: POST https://weaviate.cloud-dog.net/v1/objects "HTTP/1.1 200 OK"
INFO     httpx:_client.py:1740 HTTP Request: POST https://weaviate.cloud-dog.net/v1/objects "HTTP/1.1 200 OK"
INFO     httpx:_client.py:1740 HTTP Request: POST https://weaviate.cloud-dog.net/v1/objects "HTTP/1.1 200 OK"
INFO     httpx:_client.py:1740 HTTP Request: POST https://weaviate.cloud-dog.net/v1/objects "HTTP/1.1 200 OK"
INFO     httpx:_client.py:1740 HTTP Request: POST https://weaviate.cloud-dog.net/v1/objects "HTTP/1.1 200 OK"
INFO     httpx:_client.py:1740 HTTP Request: POST https://weaviate.cloud-dog.net/v1/objects "HTTP/1.1 200 OK"
INFO     httpx:_client.py:1740 HTTP Request: POST https://weaviate.cloud-dog.net/v1/objects "HTTP/1.1 200 OK"
INFO     httpx:_client.py:1740 HTTP Request: POST https://weaviate.cloud-dog.net/v1/objects "HTTP/1.1 200 OK"
INFO     httpx:_client.py:1740 HTTP Request: POST https://weaviate.cloud-dog.net/v1/objects "HTTP/1.1 200 OK"
INFO     httpx:_client.py:1740 HTTP Request: POST https://weaviate.cloud-dog.net/v1/objects "HTTP/1.1 200 OK"
INFO     httpx:_client.py:1740 HTTP Request: POST https://weaviate.cloud-dog.net/v1/objects "HTTP/1.1 200 OK"
INFO     httpx:_client.py:1740 HTTP Request: POST https://weaviate.cloud-dog.net/v1/objects "HTTP/1.1 200 OK"
INFO     httpx:_client.py:1740 HTTP Request: POST https://weaviate.cloud-dog.net/v1/objects "HTTP/1.1 200 OK"
INFO     httpx:_client.py:1740 HTTP Request: POST https://weaviate.cloud-dog.net/v1/objects "HTTP/1.1 200 OK"
INFO     httpx:_client.py:1740 HTTP Request: POST https://weaviate.cloud-dog.net/v1/objects "HTTP/1.1 200 OK"
INFO     httpx:_client.py:1740 HTTP Request: POST https://weaviate.cloud-dog.net/v1/objects "HTTP/1.1 200 OK"
INFO     httpx:_client.py:1740 HTTP Request: POST https://weaviate.cloud-dog.net/v1/objects "HTTP/1.1 200 OK"
INFO     httpx:_client.py:1740 HTTP Request: POST https://weaviate.cloud-dog.net/v1/objects "HTTP/1.1 200 OK"
INFO     httpx:_client.py:1740 HTTP Request: POST https://weaviate.cloud-dog.net/v1/objects "HTTP/1.1 200 OK"
INFO     httpx:_client.py:1740 HTTP Request: POST https://weaviate.cloud-dog.net/v1/objects "HTTP/1.1 200 OK"
INFO     httpx:_client.py:1740 HTTP Request: POST https://weaviate.cloud-dog.net/v1/objects "HTTP/1.1 200 OK"
INFO     httpx:_client.py:1740 HTTP Request: POST https://weaviate.cloud-dog.net/v1/objects "HTTP/1.1 200 OK"
INFO     httpx:_client.py:1740 HTTP Request: POST https://weaviate.cloud-dog.net/v1/objects "HTTP/1.1 200 OK"
INFO     httpx:_client.py:1740 HTTP Request: POST https://weaviate.cloud-dog.net/v1/objects "HTTP/1.1 200 OK"
INFO     httpx:_client.py:1740 HTTP Request: POST https://weaviate.cloud-dog.net/v1/objects "HTTP/1.1 200 OK"
INFO     httpx:_client.py:1740 HTTP Request: POST https://weaviate.cloud-dog.net/v1/objects "HTTP/1.1 200 OK"
INFO     httpx:_client.py:1740 HTTP Request: POST https://weaviate.cloud-dog.net/v1/objects "HTTP/1.1 200 OK"
INFO     httpx:_client.py:1740 HTTP Request: POST https://weaviate.cloud-dog.net/v1/objects "HTTP/1.1 200 OK"
INFO     httpx:_client.py:1740 HTTP Request: POST https://weaviate.cloud-dog.net/v1/objects "HTTP/1.1 200 OK"
INFO     httpx:_client.py:1740 HTTP Request: POST https://weaviate.cloud-dog.net/v1/objects "HTTP/1.1 200 OK"
INFO     httpx:_client.py:1740 HTTP Request: POST https://weaviate.cloud-dog.net/v1/objects "HTTP/1.1 200 OK"
INFO     httpx:_client.py:1740 HTTP Request: POST https://weaviate.cloud-dog.net/v1/objects "HTTP/1.1 200 OK"
INFO     httpx:_client.py:1740 HTTP Request: POST https://weaviate.cloud-dog.net/v1/objects "HTTP/1.1 200 OK"
INFO     httpx:_client.py:1740 HTTP Request: POST https://weaviate.cloud-dog.net/v1/objects "HTTP/1.1 200 OK"
INFO     httpx:_client.py:1740 HTTP Request: POST https://weaviate.cloud-dog.net/v1/objects "HTTP/1.1 200 OK"
INFO     httpx:_client.py:1740 HTTP Request: POST https://weaviate.cloud-dog.net/v1/objects "HTTP/1.1 200 OK"
INFO     httpx:_client.py:1740 HTTP Request: POST https://weaviate.cloud-dog.net/v1/objects "HTTP/1.1 200 OK"
INFO     httpx:_client.py:1740 HTTP Request: POST https://weaviate.cloud-dog.net/v1/objects "HTTP/1.1 200 OK"
INFO     httpx:_client.py:1740 HTTP Request: POST https://weaviate.cloud-dog.net/v1/objects "HTTP/1.1 200 OK"
INFO     httpx:_client.py:1740 HTTP Request: POST https://weaviate.cloud-dog.net/v1/objects "HTTP/1.1 200 OK"
INFO     httpx:_client.py:1740 HTTP Request: POST https://weaviate.cloud-dog.net/v1/objects "HTTP/1.1 200 OK"
INFO     httpx:_client.py:1740 HTTP Request: POST https://weaviate.cloud-dog.net/v1/objects "HTTP/1.1 200 OK"
INFO     httpx:_client.py:1740 HTTP Request: POST https://weaviate.cloud-dog.net/v1/objects "HTTP/1.1 200 OK"
INFO     httpx:_client.py:1740 HTTP Request: POST https://weaviate.cloud-dog.net/v1/objects "HTTP/1.1 200 OK"
INFO     httpx:_client.py:1740 HTTP Request: POST https://weaviate.cloud-dog.net/v1/objects "HTTP/1.1 200 OK"
INFO     httpx:_client.py:1740 HTTP Request: POST https://weaviate.cloud-dog.net/v1/objects "HTTP/1.1 200 OK"
INFO     httpx:_client.py:1740 HTTP Request: POST https://weaviate.cloud-dog.net/v1/objects "HTTP/1.1 200 OK"
INFO     httpx:_client.py:1740 HTTP Request: POST https://weaviate.cloud-dog.net/v1/objects "HTTP/1.1 200 OK"
INFO     httpx:_client.py:1740 HTTP Request: POST https://weaviate.cloud-dog.net/v1/objects "HTTP/1.1 200 OK"
INFO     httpx:_client.py:1740 HTTP Request: POST https://weaviate.cloud-dog.net/v1/objects "HTTP/1.1 200 OK"
INFO     httpx:_client.py:1740 HTTP Request: POST https://weaviate.cloud-dog.net/v1/objects "HTTP/1.1 200 OK"
INFO     httpx:_client.py:1740 HTTP Request: POST https://weaviate.cloud-dog.net/v1/objects "HTTP/1.1 200 OK"
INFO     httpx:_client.py:1740 HTTP Request: POST https://weaviate.cloud-dog.net/v1/objects "HTTP/1.1 200 OK"
INFO     httpx:_client.py:1740 HTTP Request: POST https://weaviate.cloud-dog.net/v1/objects "HTTP/1.1 200 OK"
INFO     httpx:_client.py:1740 HTTP Request: POST https://weaviate.cloud-dog.net/v1/objects "HTTP/1.1 200 OK"
INFO     httpx:_client.py:1740 HTTP Request: POST https://weaviate.cloud-dog.net/v1/objects "HTTP/1.1 200 OK"
INFO     httpx:_client.py:1740 HTTP Request: POST https://weaviate.cloud-dog.net/v1/objects "HTTP/1.1 200 OK"
INFO     httpx:_client.py:1740 HTTP Request: POST https://weaviate.cloud-dog.net/v1/objects "HTTP/1.1 200 OK"
INFO     httpx:_client.py:1740 HTTP Request: POST https://weaviate.cloud-dog.net/v1/objects "HTTP/1.1 200 OK"
INFO     httpx:_client.py:1740 HTTP Request: POST https://weaviate.cloud-dog.net/v1/objects "HTTP/1.1 200 OK"
INFO     httpx:_client.py:1740 HTTP Request: POST https://weaviate.cloud-dog.net/v1/objects "HTTP/1.1 200 OK"
INFO     httpx:_client.py:1740 HTTP Request: POST https://weaviate.cloud-dog.net/v1/graphql "HTTP/1.1 200 OK"
INFO     cloud_dog_logging.integrity:integrity.py:185 audit_integrity_check
INFO     httpx:_client.py:1740 HTTP Request: DELETE https://weaviate.cloud-dog.net/v1/schema/W23aAt2WeaviatePipeline "HTTP/1.1 200 OK"
INFO     httpx:_client.py:1740 HTTP Request: DELETE http://infinity0.app.vpc0.cloud-dog.net:8080/databases/default_db/tables/w23a_at2_infinity_pipeline "HTTP/1.1 200 OK"
INFO     httpx:_client.py:1740 HTTP Request: POST http://infinity0.app.vpc0.cloud-dog.net:8080/databases/default_db/tables/w23a_at2_infinity_pipeline "HTTP/1.1 200 OK"
INFO     httpx:_client.py:1740 HTTP Request: GET https://minerugui.cloud-dog.net/health "HTTP/1.1 404 Not Found"
INFO     httpx:_client.py:1740 HTTP Request: POST https://minerugui.cloud-dog.net/file_parse "HTTP/1.1 404 Not Found"
INFO     httpx:_client.py:1740 HTTP Request: POST https://minerugui.cloud-dog.net/gradio_api/upload "HTTP/1.1 200 OK"
INFO     httpx:_client.py:1740 HTTP Request: POST https://minerugui.cloud-dog.net/gradio_api/run/to_markdown "HTTP/1.1 200 OK"
INFO     httpx:_client.py:1740 HTTP Request: POST http://infinity0.app.vpc0.cloud-dog.net:8080/databases/default_db/tables/w23a_at2_infinity_pipeline/docs "HTTP/1.1 200 OK"
INFO     httpx:_client.py:1740 HTTP Request: GET http://infinity0.app.vpc0.cloud-dog.net:8080/databases/default_db/tables/w23a_at2_infinity_pipeline/docs "HTTP/1.1 200 OK"
INFO     httpx:_client.py:1740 HTTP Request: DELETE http://infinity0.app.vpc0.cloud-dog.net:8080/databases/default_db/tables/w23a_at2_infinity_pipeline "HTTP/1.1 200 OK"
___________________________ test_at2_6_database_e2e ____________________________
----------------------------- Captured stdout call -----------------------------
{"timestamp": "2026-07-08T17:05:55.636281Z", "level": "INFO", "logger": "cloud_dog_logging.integrity", "message": "audit_integrity_check", "correlation_id": "8a12716271eb4029806d483edd34ec51", "service": "index-retriever-mcp-server", "service_instance": "index-retriever-local", "environment": "dev", "extra": {"integrity_record": {"timestamp": "2026-07-08T17:05:55.636Z", "record_type": "audit_integrity_check", "service": "index-retriever-mcp-server", "service_instance": "index-retriever-local", "audit_log_path": "logs/audit.log.jsonl", "hash_algorithm": "sha256", "hash_value": "ab7fd61c91acaf801661f368b63d0b7e1da2f083fea7dcd74ae54b2dd87cbcba", "file_size_bytes": 682377, "line_count": 769, "last_event_timestamp": "2026-07-08T17:00:10.489Z", "verification_status": "valid", "trigger": "shutdown"}}}
{"timestamp": "2026-07-08T17:05:55.688095Z", "level": "INFO", "logger": "cloud_dog_logging.integrity", "message": "audit_integrity_check", "correlation_id": "8a12716271eb4029806d483edd34ec51", "service": "index-retriever-mcp-server", "service_instance": "index-retriever-local", "environment": "dev", "extra": {"integrity_record": {"timestamp": "2026-07-08T17:05:55.688Z", "record_type": "audit_integrity_check", "service": "index-retriever-mcp-server", "service_instance": "index-retriever-local", "audit_log_path": "logs/audit.log.jsonl", "hash_algorithm": "sha256", "hash_value": "ab7fd61c91acaf801661f368b63d0b7e1da2f083fea7dcd74ae54b2dd87cbcba", "file_size_bytes": 682377, "line_count": 769, "last_event_timestamp": "2026-07-08T17:00:10.489Z", "verification_status": "valid", "trigger": "startup"}}}
{"timestamp": "2026-07-08T17:05:56.356303Z", "level": "INFO", "logger": "cloud_dog_api_kit.request_logging", "message": "Request started", "correlation_id": "8a12716271eb4029806d483edd34ec51", "service": "index-retriever-mcp-server", "service_instance": "index-retriever-local", "environment": "dev", "extra": {"request_id": "5706f24f45764cf5a405212bb676e95d", "correlation_id": null, "user": null, "method": "GET", "path": "/api/v1/health", "client_ip": "testclient"}}
{"timestamp": "2026-07-08T17:05:56.403251Z", "level": "INFO", "logger": "httpx", "message": "HTTP Request: GET https://chroma.cloud-dog.net/api/v2/heartbeat \"HTTP/1.1 200 OK\"", "correlation_id": "8a12716271eb4029806d483edd34ec51", "service": "index-retriever-mcp-server", "service_instance": "index-retriever-local", "environment": "dev"}
{"timestamp": "2026-07-08T17:05:56.418287Z", "level": "INFO", "logger": "cloud_dog_api_kit.request_logging", "message": "Request completed", "correlation_id": "8a12716271eb4029806d483edd34ec51", "service": "index-retriever-mcp-server", "service_instance": "index-retriever-local", "environment": "dev", "extra": {"request_id": "5706f24f45764cf5a405212bb676e95d", "correlation_id": null, "user": null, "method": "GET", "path": "/api/v1/health", "status_code": 200, "duration_ms": 53.17, "client_ip": "testclient"}}
{"timestamp": "2026-07-08T17:05:56.429Z", "event_type": "http.read", "actor": {"type": "system", "id": "anonymous", "roles": [], "ip": "testclient", "user_agent": "testclient"}, "action": "read", "outcome": "success", "severity": "INFO", "correlation_id": "8a12716271eb4029806d483edd34ec51", "trace_id": "8a12716271eb4029806d483edd34ec51", "request_id": "8a12716271eb4029806d483edd34ec51", "service": "index-retriever-mcp-server", "service_instance": "index-retriever-local", "component": "http", "source_host": "index-retriever-local", "source_process": "3925332", "source_application": "testclient", "process_id": "3925332", "environment": "dev", "source_address": "testclient:50000", "destination_address": "testserver:80", "target": {"type": "endpoint", "id": "/api/v1/health", "name": "GET /api/v1/health"}, "details": {"status_code": 200, "method": "GET", "client_ip": "testclient"}, "duration_ms": 73}
{"timestamp": "2026-07-08T17:05:56.440063Z", "level": "INFO", "logger": "httpx", "message": "HTTP Request: GET http://testserver/api/v1/health \"HTTP/1.1 200 OK\"", "correlation_id": "8a12716271eb4029806d483edd34ec51", "service": "index-retriever-mcp-server", "service_instance": "index-retriever-local", "environment": "dev"}
{"timestamp": "2026-07-08T17:05:56.529157Z", "level": "INFO", "logger": "cloud_dog_logging.integrity", "message": "audit_integrity_check", "correlation_id": "8a12716271eb4029806d483edd34ec51", "service": "index-retriever-mcp-server", "service_instance": "index-retriever-local", "environment": "dev", "extra": {"integrity_record": {"timestamp": "2026-07-08T17:05:56.529Z", "record_type": "audit_integrity_check", "service": "index-retriever-mcp-server", "service_instance": "index-retriever-local", "audit_log_path": "logs/audit.log.jsonl", "hash_algorithm": "sha256", "hash_value": "65da4e1160d494694c627e2402bd68f543194f7ca18308cbb7a1ab4465c72472", "file_size_bytes": 683286, "line_count": 770, "last_event_timestamp": "2026-07-08T17:05:56.429Z", "verification_status": "valid", "trigger": "shutdown"}}}
------------------------------ Captured log call -------------------------------
INFO     cloud_dog_logging.integrity:integrity.py:185 audit_integrity_check
=========================== short test summary info ============================
PASSED tests/application/AT1_1/test_at1_1.py::test_full_workflow_upload_search_retrieve
PASSED tests/application/AT1_2/test_at1_2.py::test_full_workflow_deduplicate_skip
PASSED tests/application/AT1_2/test_at1_2.py::test_full_workflow_reindex_replace_on_change_or_stale
PASSED tests/application/AT1_3/test_at1_3.py::test_full_workflow_profile_collection_lifecycle
PASSED tests/application/AT1_4/test_at1_4.py::test_full_workflow_retention_enforcement
PASSED tests/application/AT1_5/test_at1_5.py::test_full_workflow_multi_backend_switch
PASSED tests/application/AT1_6/test_at1_6.py::test_runtime_matrix_api_and_mcp_transport
PASSED tests/application/AT1_7/test_at1_7.py::test_multi_profile_cross_backend_metadata_parity
PASSED tests/application/AT1_8/test_at1_8_a2a_flow.py::test_a2a_namespace_and_shared_auth_flow
PASSED tests/application/AT1_8/test_at1_8_cross_backend_parity_fixture.py::test_cross_backend_parity_fixture_and_contract
PASSED tests/application/AT1_9/test_at1_9_no_fallback_backend_identity.py::test_no_fallback_backend_identity_at
PASSED tests/application/AT2_1/test_at2_1_multi_backend_consistency_chroma_qdrant.py::test_at2_1_chroma_qdrant_consistency
PASSED tests/application/AT2_2/test_at2_2_multi_backend_consistency_pgvector_opensearch.py::test_at2_2_pgvector_opensearch_consistency
PASSED tests/application/AT2_3/test_at2_3_multi_parser_quality_comparison.py::test_at2_3_multi_parser_quality_matrix
PASSED tests/application/AT2_4/test_at2_4_multi_embedding_models.py::test_at2_4_embedding_model_matrix
PASSED tests/application/AT2_5/test_at2_5_full_pipeline_e2e_per_backend.py::test_at2_5_full_pipeline_e2e_per_available_backend
PASSED tests/application/AT2_6_DatabaseE2E/test_at2_6_database_e2e.py::test_at2_6_database_e2e
17 passed in 391.81s (0:06:31)
