.................................s............ss..................       [100%]
==================================== PASSES ====================================
___________________________ test_api_health_endpoint ___________________________
---------------------------- Captured stdout setup -----------------------------
[live-runtime] embedding_base_url=https://llm2.cloud-dog.net
[live-runtime] chroma_url=https://chroma.cloud-dog.net
[live-runtime] qdrant_url=https://qdrant.cloud-dog.net
[live-runtime] opensearch_url=http://opensearch0.app.vpc0.cloud-dog.net:1201
[live-runtime] pgvector_database_uri=[configured]
[live-runtime] weaviate_url=https://weaviate.cloud-dog.net
[live-runtime] infinity_url=http://infinity0.app.vpc0.cloud-dog.net:8080
{"timestamp": "2026-07-08T16:49:41.685527Z", "level": "INFO", "logger": "httpx", "message": "HTTP Request: GET https://llm2.cloud-dog.net/api/tags \"HTTP/1.1 200 OK\"", "correlation_id": "3bccbd1704a14be38ca68355430d8428", "service": "unknown", "service_instance": "unknown", "environment": "unknown"}
{"timestamp": "2026-07-08T16:49:41.718889Z", "level": "INFO", "logger": "httpx", "message": "HTTP Request: GET https://chroma.cloud-dog.net/api/v2/heartbeat \"HTTP/1.1 200 OK\"", "correlation_id": "3bccbd1704a14be38ca68355430d8428", "service": "unknown", "service_instance": "unknown", "environment": "unknown"}
[live-runtime] provider=chroma health=True
{"timestamp": "2026-07-08T16:49:41.819084Z", "level": "INFO", "logger": "httpx", "message": "HTTP Request: POST https://llm2.cloud-dog.net/api/embeddings \"HTTP/1.1 200 OK\"", "correlation_id": "3bccbd1704a14be38ca68355430d8428", "service": "unknown", "service_instance": "unknown", "environment": "unknown"}
{"timestamp": "2026-07-08T16:49:41.840055Z", "level": "INFO", "logger": "httpx", "message": "HTTP Request: POST https://chroma.cloud-dog.net/api/v2/tenants/default_tenant/databases/default_database/collections \"HTTP/1.1 200 OK\"", "correlation_id": "3bccbd1704a14be38ca68355430d8428", "service": "unknown", "service_instance": "unknown", "environment": "unknown"}
{"timestamp": "2026-07-08T16:49:42.462561Z", "level": "INFO", "logger": "httpx", "message": "HTTP Request: GET https://chroma.cloud-dog.net/api/v2/tenants/default_tenant/databases/default_database/collections \"HTTP/1.1 200 OK\"", "correlation_id": "3bccbd1704a14be38ca68355430d8428", "service": "unknown", "service_instance": "unknown", "environment": "unknown"}
{"timestamp": "2026-07-08T16:49:43.190811Z", "level": "INFO", "logger": "httpx", "message": "HTTP Request: POST https://chroma.cloud-dog.net/api/v2/tenants/default_tenant/databases/default_database/collections/340eb185-34bb-453e-903a-1530e27ac973/upsert \"HTTP/1.1 200 OK\"", "correlation_id": "3bccbd1704a14be38ca68355430d8428", "service": "unknown", "service_instance": "unknown", "environment": "unknown"}
{"timestamp": "2026-07-08T16:49:43.247921Z", "level": "INFO", "logger": "httpx", "message": "HTTP Request: DELETE https://chroma.cloud-dog.net/api/v2/tenants/default_tenant/databases/default_database/collections/rc866ec0a_6a1d_preflight_chroma_1a3528 \"HTTP/1.1 200 OK\"", "correlation_id": "3bccbd1704a14be38ca68355430d8428", "service": "unknown", "service_instance": "unknown", "environment": "unknown"}
[live-runtime] provider=chroma write_probe=True detail=ok
{"timestamp": "2026-07-08T16:49:43.290672Z", "level": "INFO", "logger": "httpx", "message": "HTTP Request: GET https://qdrant.cloud-dog.net/collections \"HTTP/1.1 200 OK\"", "correlation_id": "3bccbd1704a14be38ca68355430d8428", "service": "unknown", "service_instance": "unknown", "environment": "unknown"}
[live-runtime] provider=qdrant health=True
{"timestamp": "2026-07-08T16:49:43.377710Z", "level": "INFO", "logger": "httpx", "message": "HTTP Request: PUT https://qdrant.cloud-dog.net/collections/rc866ec0a_6a1d_preflight_qdrant_7d2d88 \"HTTP/1.1 200 OK\"", "correlation_id": "3bccbd1704a14be38ca68355430d8428", "service": "unknown", "service_instance": "unknown", "environment": "unknown"}
{"timestamp": "2026-07-08T16:49:43.389380Z", "level": "INFO", "logger": "httpx", "message": "HTTP Request: GET https://qdrant.cloud-dog.net/collections/rc866ec0a_6a1d_preflight_qdrant_7d2d88 \"HTTP/1.1 200 OK\"", "correlation_id": "3bccbd1704a14be38ca68355430d8428", "service": "unknown", "service_instance": "unknown", "environment": "unknown"}
{"timestamp": "2026-07-08T16:49:43.427034Z", "level": "INFO", "logger": "httpx", "message": "HTTP Request: PUT https://qdrant.cloud-dog.net/collections/rc866ec0a_6a1d_preflight_qdrant_7d2d88/points?wait=true \"HTTP/1.1 200 OK\"", "correlation_id": "3bccbd1704a14be38ca68355430d8428", "service": "unknown", "service_instance": "unknown", "environment": "unknown"}
{"timestamp": "2026-07-08T16:49:43.440627Z", "level": "INFO", "logger": "httpx", "message": "HTTP Request: DELETE https://qdrant.cloud-dog.net/collections/rc866ec0a_6a1d_preflight_qdrant_7d2d88 \"HTTP/1.1 200 OK\"", "correlation_id": "3bccbd1704a14be38ca68355430d8428", "service": "unknown", "service_instance": "unknown", "environment": "unknown"}
[live-runtime] provider=qdrant write_probe=True detail=ok
------------------------------ Captured log setup ------------------------------
INFO     httpx:_client.py:1740 HTTP Request: GET https://llm2.cloud-dog.net/api/tags "HTTP/1.1 200 OK"
INFO     httpx:_client.py:1740 HTTP Request: GET https://chroma.cloud-dog.net/api/v2/heartbeat "HTTP/1.1 200 OK"
INFO     httpx:_client.py:1740 HTTP Request: POST https://llm2.cloud-dog.net/api/embeddings "HTTP/1.1 200 OK"
INFO     httpx:_client.py:1740 HTTP Request: POST https://chroma.cloud-dog.net/api/v2/tenants/default_tenant/databases/default_database/collections "HTTP/1.1 200 OK"
INFO     httpx:_client.py:1740 HTTP Request: GET https://chroma.cloud-dog.net/api/v2/tenants/default_tenant/databases/default_database/collections "HTTP/1.1 200 OK"
INFO     httpx:_client.py:1740 HTTP Request: POST https://chroma.cloud-dog.net/api/v2/tenants/default_tenant/databases/default_database/collections/340eb185-34bb-453e-903a-1530e27ac973/upsert "HTTP/1.1 200 OK"
INFO     httpx:_client.py:1740 HTTP Request: DELETE https://chroma.cloud-dog.net/api/v2/tenants/default_tenant/databases/default_database/collections/rc866ec0a_6a1d_preflight_chroma_1a3528 "HTTP/1.1 200 OK"
INFO     httpx:_client.py:1740 HTTP Request: GET https://qdrant.cloud-dog.net/collections "HTTP/1.1 200 OK"
INFO     httpx:_client.py:1740 HTTP Request: PUT https://qdrant.cloud-dog.net/collections/rc866ec0a_6a1d_preflight_qdrant_7d2d88 "HTTP/1.1 200 OK"
INFO     httpx:_client.py:1740 HTTP Request: GET https://qdrant.cloud-dog.net/collections/rc866ec0a_6a1d_preflight_qdrant_7d2d88 "HTTP/1.1 200 OK"
INFO     httpx:_client.py:1740 HTTP Request: PUT https://qdrant.cloud-dog.net/collections/rc866ec0a_6a1d_preflight_qdrant_7d2d88/points?wait=true "HTTP/1.1 200 OK"
INFO     httpx:_client.py:1740 HTTP Request: DELETE https://qdrant.cloud-dog.net/collections/rc866ec0a_6a1d_preflight_qdrant_7d2d88 "HTTP/1.1 200 OK"
----------------------------- Captured stdout call -----------------------------
{"timestamp": "2026-07-08T16:49:43.864594Z", "level": "INFO", "logger": "httpx", "message": "HTTP Request: GET https://chroma.cloud-dog.net/api/v2/heartbeat \"HTTP/1.1 200 OK\"", "correlation_id": "3bccbd1704a14be38ca68355430d8428", "service": "unknown", "service_instance": "unknown", "environment": "unknown"}
{"timestamp": "2026-07-08T16:49:43.908437Z", "level": "INFO", "logger": "httpx", "message": "HTTP Request: GET https://llm2.cloud-dog.net/api/tags \"HTTP/1.1 200 OK\"", "correlation_id": "3bccbd1704a14be38ca68355430d8428", "service": "unknown", "service_instance": "unknown", "environment": "unknown"}
{"timestamp": "2026-07-08T16:49:43.915798Z", "level": "INFO", "logger": "httpx", "message": "HTTP Request: GET https://chroma.cloud-dog.net/api/v2/heartbeat \"HTTP/1.1 200 OK\"", "correlation_id": "3bccbd1704a14be38ca68355430d8428", "service": "unknown", "service_instance": "unknown", "environment": "unknown"}
{"timestamp": "2026-07-08T16:49:43.925194Z", "level": "INFO", "logger": "httpx", "message": "HTTP Request: GET https://llm2.cloud-dog.net/api/tags \"HTTP/1.1 200 OK\"", "correlation_id": "3bccbd1704a14be38ca68355430d8428", "service": "unknown", "service_instance": "unknown", "environment": "unknown"}
------------------------------ Captured log call -------------------------------
INFO     httpx:_client.py:1740 HTTP Request: GET https://chroma.cloud-dog.net/api/v2/heartbeat "HTTP/1.1 200 OK"
INFO     httpx:_client.py:1740 HTTP Request: GET https://llm2.cloud-dog.net/api/tags "HTTP/1.1 200 OK"
INFO     httpx:_client.py:1740 HTTP Request: GET https://chroma.cloud-dog.net/api/v2/heartbeat "HTTP/1.1 200 OK"
INFO     httpx:_client.py:1740 HTTP Request: GET https://llm2.cloud-dog.net/api/tags "HTTP/1.1 200 OK"
__________________________ test_qdrant_contract_test ___________________________
----------------------------- Captured stdout call -----------------------------
{"timestamp": "2026-07-08T16:49:44.483363Z", "level": "INFO", "logger": "httpx", "message": "HTTP Request: POST https://llm2.cloud-dog.net/api/embeddings \"HTTP/1.1 200 OK\"", "correlation_id": "3bccbd1704a14be38ca68355430d8428", "service": "unknown", "service_instance": "unknown", "environment": "unknown"}
{"timestamp": "2026-07-08T16:49:44.596486Z", "level": "INFO", "logger": "httpx", "message": "HTTP Request: PUT https://qdrant.cloud-dog.net/collections/rc866ec0a_4cf1_default_it_qdrant \"HTTP/1.1 200 OK\"", "correlation_id": "3bccbd1704a14be38ca68355430d8428", "service": "unknown", "service_instance": "unknown", "environment": "unknown"}
{"timestamp": "2026-07-08T16:49:44.606952Z", "level": "INFO", "logger": "httpx", "message": "HTTP Request: GET https://qdrant.cloud-dog.net/collections/rc866ec0a_4cf1_default_it_qdrant \"HTTP/1.1 200 OK\"", "correlation_id": "3bccbd1704a14be38ca68355430d8428", "service": "unknown", "service_instance": "unknown", "environment": "unknown"}
{"timestamp": "2026-07-08T16:49:44.688156Z", "level": "INFO", "logger": "httpx", "message": "HTTP Request: POST https://llm2.cloud-dog.net/api/embeddings \"HTTP/1.1 200 OK\"", "correlation_id": "3bccbd1704a14be38ca68355430d8428", "service": "unknown", "service_instance": "unknown", "environment": "unknown"}
{"timestamp": "2026-07-08T16:49:44.746627Z", "level": "INFO", "logger": "httpx", "message": "HTTP Request: PUT https://qdrant.cloud-dog.net/collections/rc866ec0a_4cf1_default_it_qdrant/points?wait=true \"HTTP/1.1 200 OK\"", "correlation_id": "3bccbd1704a14be38ca68355430d8428", "service": "unknown", "service_instance": "unknown", "environment": "unknown"}
{"timestamp": "2026-07-08T16:49:44.766453Z", "level": "INFO", "logger": "httpx", "message": "HTTP Request: POST https://qdrant.cloud-dog.net/collections/rc866ec0a_4cf1_default_it_qdrant/points/search \"HTTP/1.1 200 OK\"", "correlation_id": "3bccbd1704a14be38ca68355430d8428", "service": "unknown", "service_instance": "unknown", "environment": "unknown"}
{"timestamp": "2026-07-08T16:49:44.779319Z", "level": "INFO", "logger": "httpx", "message": "HTTP Request: PUT https://qdrant.cloud-dog.net/collections/rc866ec0a_4cf1_default_it_qdrant/points?wait=true \"HTTP/1.1 200 OK\"", "correlation_id": "3bccbd1704a14be38ca68355430d8428", "service": "unknown", "service_instance": "unknown", "environment": "unknown"}
------------------------------ Captured log call -------------------------------
INFO     httpx:_client.py:1740 HTTP Request: POST https://llm2.cloud-dog.net/api/embeddings "HTTP/1.1 200 OK"
INFO     httpx:_client.py:1740 HTTP Request: PUT https://qdrant.cloud-dog.net/collections/rc866ec0a_4cf1_default_it_qdrant "HTTP/1.1 200 OK"
INFO     httpx:_client.py:1740 HTTP Request: GET https://qdrant.cloud-dog.net/collections/rc866ec0a_4cf1_default_it_qdrant "HTTP/1.1 200 OK"
INFO     httpx:_client.py:1740 HTTP Request: POST https://llm2.cloud-dog.net/api/embeddings "HTTP/1.1 200 OK"
INFO     httpx:_client.py:1740 HTTP Request: PUT https://qdrant.cloud-dog.net/collections/rc866ec0a_4cf1_default_it_qdrant/points?wait=true "HTTP/1.1 200 OK"
INFO     httpx:_client.py:1740 HTTP Request: POST https://qdrant.cloud-dog.net/collections/rc866ec0a_4cf1_default_it_qdrant/points/search "HTTP/1.1 200 OK"
INFO     httpx:_client.py:1740 HTTP Request: PUT https://qdrant.cloud-dog.net/collections/rc866ec0a_4cf1_default_it_qdrant/points?wait=true "HTTP/1.1 200 OK"
--------------------------- Captured stdout teardown ---------------------------
{"timestamp": "2026-07-08T16:49:44.815472Z", "level": "INFO", "logger": "httpx", "message": "HTTP Request: DELETE https://qdrant.cloud-dog.net/collections/rc866ec0a_4cf1_default_it_qdrant \"HTTP/1.1 200 OK\"", "correlation_id": "3bccbd1704a14be38ca68355430d8428", "service": "unknown", "service_instance": "unknown", "environment": "unknown"}
{"timestamp": "2026-07-08T16:49:44.823911Z", "level": "INFO", "logger": "httpx", "message": "HTTP Request: DELETE https://qdrant.cloud-dog.net/collections/rc866ec0a_4cf1_default_it_qdrant \"HTTP/1.1 200 OK\"", "correlation_id": "3bccbd1704a14be38ca68355430d8428", "service": "unknown", "service_instance": "unknown", "environment": "unknown"}
---------------------------- Captured log teardown -----------------------------
INFO     httpx:_client.py:1740 HTTP Request: DELETE https://qdrant.cloud-dog.net/collections/rc866ec0a_4cf1_default_it_qdrant "HTTP/1.1 200 OK"
INFO     httpx:_client.py:1740 HTTP Request: DELETE https://qdrant.cloud-dog.net/collections/rc866ec0a_4cf1_default_it_qdrant "HTTP/1.1 200 OK"
________________________ test_embedding_provider_ollama ________________________
----------------------------- Captured stdout call -----------------------------
{"timestamp": "2026-07-08T16:49:45.367465Z", "level": "INFO", "logger": "httpx", "message": "HTTP Request: POST https://llm2.cloud-dog.net/api/embeddings \"HTTP/1.1 200 OK\"", "correlation_id": "3bccbd1704a14be38ca68355430d8428", "service": "unknown", "service_instance": "unknown", "environment": "unknown"}
------------------------------ Captured log call -------------------------------
INFO     httpx:_client.py:1740 HTTP Request: POST https://llm2.cloud-dog.net/api/embeddings "HTTP/1.1 200 OK"
__________________________ test_streaming_ingest_sse ___________________________
----------------------------- Captured stdout call -----------------------------
{"timestamp": "2026-07-08T16:49:45.901595Z", "level": "INFO", "logger": "httpx", "message": "HTTP Request: POST https://llm2.cloud-dog.net/api/embeddings \"HTTP/1.1 200 OK\"", "correlation_id": "3bccbd1704a14be38ca68355430d8428", "service": "unknown", "service_instance": "unknown", "environment": "unknown"}
{"timestamp": "2026-07-08T16:49:45.950426Z", "level": "INFO", "logger": "httpx", "message": "HTTP Request: POST https://chroma.cloud-dog.net/api/v2/tenants/default_tenant/databases/default_database/collections \"HTTP/1.1 200 OK\"", "correlation_id": "3bccbd1704a14be38ca68355430d8428", "service": "unknown", "service_instance": "unknown", "environment": "unknown"}
{"timestamp": "2026-07-08T16:49:46.032737Z", "level": "INFO", "logger": "httpx", "message": "HTTP Request: POST https://llm2.cloud-dog.net/api/embeddings \"HTTP/1.1 200 OK\"", "correlation_id": "3bccbd1704a14be38ca68355430d8428", "service": "unknown", "service_instance": "unknown", "environment": "unknown"}
{"timestamp": "2026-07-08T16:49:46.694506Z", "level": "INFO", "logger": "httpx", "message": "HTTP Request: GET https://chroma.cloud-dog.net/api/v2/tenants/default_tenant/databases/default_database/collections \"HTTP/1.1 200 OK\"", "correlation_id": "3bccbd1704a14be38ca68355430d8428", "service": "unknown", "service_instance": "unknown", "environment": "unknown"}
{"timestamp": "2026-07-08T16:49:47.378547Z", "level": "INFO", "logger": "httpx", "message": "HTTP Request: POST https://chroma.cloud-dog.net/api/v2/tenants/default_tenant/databases/default_database/collections/2a3e4af5-714c-4fd4-8b8d-be8a8525b557/upsert \"HTTP/1.1 200 OK\"", "correlation_id": "3bccbd1704a14be38ca68355430d8428", "service": "unknown", "service_instance": "unknown", "environment": "unknown"}
{"timestamp": "2026-07-08T16:49:48.065535Z", "level": "INFO", "logger": "httpx", "message": "HTTP Request: GET https://chroma.cloud-dog.net/api/v2/tenants/default_tenant/databases/default_database/collections \"HTTP/1.1 200 OK\"", "correlation_id": "3bccbd1704a14be38ca68355430d8428", "service": "unknown", "service_instance": "unknown", "environment": "unknown"}
{"timestamp": "2026-07-08T16:49:48.815737Z", "level": "INFO", "logger": "httpx", "message": "HTTP Request: POST https://chroma.cloud-dog.net/api/v2/tenants/default_tenant/databases/default_database/collections/2a3e4af5-714c-4fd4-8b8d-be8a8525b557/upsert \"HTTP/1.1 200 OK\"", "correlation_id": "3bccbd1704a14be38ca68355430d8428", "service": "unknown", "service_instance": "unknown", "environment": "unknown"}
{"timestamp": "2026-07-08T16:49:48.898436Z", "level": "INFO", "logger": "httpx", "message": "HTTP Request: POST https://llm2.cloud-dog.net/api/embeddings \"HTTP/1.1 200 OK\"", "correlation_id": "3bccbd1704a14be38ca68355430d8428", "service": "unknown", "service_instance": "unknown", "environment": "unknown"}
{"timestamp": "2026-07-08T16:49:49.587798Z", "level": "INFO", "logger": "httpx", "message": "HTTP Request: GET https://chroma.cloud-dog.net/api/v2/tenants/default_tenant/databases/default_database/collections \"HTTP/1.1 200 OK\"", "correlation_id": "3bccbd1704a14be38ca68355430d8428", "service": "unknown", "service_instance": "unknown", "environment": "unknown"}
{"timestamp": "2026-07-08T16:49:50.257038Z", "level": "INFO", "logger": "httpx", "message": "HTTP Request: POST https://chroma.cloud-dog.net/api/v2/tenants/default_tenant/databases/default_database/collections/2a3e4af5-714c-4fd4-8b8d-be8a8525b557/upsert \"HTTP/1.1 200 OK\"", "correlation_id": "3bccbd1704a14be38ca68355430d8428", "service": "unknown", "service_instance": "unknown", "environment": "unknown"}
------------------------------ Captured log call -------------------------------
INFO     httpx:_client.py:1740 HTTP Request: POST https://llm2.cloud-dog.net/api/embeddings "HTTP/1.1 200 OK"
INFO     httpx:_client.py:1740 HTTP Request: POST https://chroma.cloud-dog.net/api/v2/tenants/default_tenant/databases/default_database/collections "HTTP/1.1 200 OK"
INFO     httpx:_client.py:1740 HTTP Request: POST https://llm2.cloud-dog.net/api/embeddings "HTTP/1.1 200 OK"
INFO     httpx:_client.py:1740 HTTP Request: GET https://chroma.cloud-dog.net/api/v2/tenants/default_tenant/databases/default_database/collections "HTTP/1.1 200 OK"
INFO     httpx:_client.py:1740 HTTP Request: POST https://chroma.cloud-dog.net/api/v2/tenants/default_tenant/databases/default_database/collections/2a3e4af5-714c-4fd4-8b8d-be8a8525b557/upsert "HTTP/1.1 200 OK"
INFO     httpx:_client.py:1740 HTTP Request: GET https://chroma.cloud-dog.net/api/v2/tenants/default_tenant/databases/default_database/collections "HTTP/1.1 200 OK"
INFO     httpx:_client.py:1740 HTTP Request: POST https://chroma.cloud-dog.net/api/v2/tenants/default_tenant/databases/default_database/collections/2a3e4af5-714c-4fd4-8b8d-be8a8525b557/upsert "HTTP/1.1 200 OK"
INFO     httpx:_client.py:1740 HTTP Request: POST https://llm2.cloud-dog.net/api/embeddings "HTTP/1.1 200 OK"
INFO     httpx:_client.py:1740 HTTP Request: GET https://chroma.cloud-dog.net/api/v2/tenants/default_tenant/databases/default_database/collections "HTTP/1.1 200 OK"
INFO     httpx:_client.py:1740 HTTP Request: POST https://chroma.cloud-dog.net/api/v2/tenants/default_tenant/databases/default_database/collections/2a3e4af5-714c-4fd4-8b8d-be8a8525b557/upsert "HTTP/1.1 200 OK"
--------------------------- Captured stdout teardown ---------------------------
{"timestamp": "2026-07-08T16:49:50.339363Z", "level": "INFO", "logger": "httpx", "message": "HTTP Request: DELETE https://chroma.cloud-dog.net/api/v2/tenants/default_tenant/databases/default_database/collections/rc866ec0a_a0cf_default_it_stream \"HTTP/1.1 200 OK\"", "correlation_id": "3bccbd1704a14be38ca68355430d8428", "service": "unknown", "service_instance": "unknown", "environment": "unknown"}
{"timestamp": "2026-07-08T16:49:50.348912Z", "level": "INFO", "logger": "httpx", "message": "HTTP Request: DELETE https://chroma.cloud-dog.net/api/v2/tenants/default_tenant/databases/default_database/collections/rc866ec0a_a0cf_default_it_stream \"HTTP/1.1 404 Not Found\"", "correlation_id": "3bccbd1704a14be38ca68355430d8428", "service": "unknown", "service_instance": "unknown", "environment": "unknown"}
---------------------------- Captured log teardown -----------------------------
INFO     httpx:_client.py:1740 HTTP Request: DELETE https://chroma.cloud-dog.net/api/v2/tenants/default_tenant/databases/default_database/collections/rc866ec0a_a0cf_default_it_stream "HTTP/1.1 200 OK"
INFO     httpx:_client.py:1740 HTTP Request: DELETE https://chroma.cloud-dog.net/api/v2/tenants/default_tenant/databases/default_database/collections/rc866ec0a_a0cf_default_it_stream "HTTP/1.1 404 Not Found"
_______________________ test_source_metadata_round_trip ________________________
----------------------------- Captured stdout call -----------------------------
{"timestamp": "2026-07-08T16:49:50.886268Z", "level": "INFO", "logger": "httpx", "message": "HTTP Request: POST https://llm2.cloud-dog.net/api/embeddings \"HTTP/1.1 200 OK\"", "correlation_id": "3bccbd1704a14be38ca68355430d8428", "service": "unknown", "service_instance": "unknown", "environment": "unknown"}
{"timestamp": "2026-07-08T16:49:50.934771Z", "level": "INFO", "logger": "httpx", "message": "HTTP Request: POST https://chroma.cloud-dog.net/api/v2/tenants/default_tenant/databases/default_database/collections \"HTTP/1.1 200 OK\"", "correlation_id": "3bccbd1704a14be38ca68355430d8428", "service": "unknown", "service_instance": "unknown", "environment": "unknown"}
{"timestamp": "2026-07-08T16:49:51.016203Z", "level": "INFO", "logger": "httpx", "message": "HTTP Request: POST https://llm2.cloud-dog.net/api/embeddings \"HTTP/1.1 200 OK\"", "correlation_id": "3bccbd1704a14be38ca68355430d8428", "service": "unknown", "service_instance": "unknown", "environment": "unknown"}
{"timestamp": "2026-07-08T16:49:51.690742Z", "level": "INFO", "logger": "httpx", "message": "HTTP Request: GET https://chroma.cloud-dog.net/api/v2/tenants/default_tenant/databases/default_database/collections \"HTTP/1.1 200 OK\"", "correlation_id": "3bccbd1704a14be38ca68355430d8428", "service": "unknown", "service_instance": "unknown", "environment": "unknown"}
{"timestamp": "2026-07-08T16:49:52.406208Z", "level": "INFO", "logger": "httpx", "message": "HTTP Request: POST https://chroma.cloud-dog.net/api/v2/tenants/default_tenant/databases/default_database/collections/3d946d0f-e172-4913-86d5-19b5358f9a8d/upsert \"HTTP/1.1 200 OK\"", "correlation_id": "3bccbd1704a14be38ca68355430d8428", "service": "unknown", "service_instance": "unknown", "environment": "unknown"}
{"timestamp": "2026-07-08T16:49:53.003200Z", "level": "INFO", "logger": "httpx", "message": "HTTP Request: GET https://chroma.cloud-dog.net/api/v2/tenants/default_tenant/databases/default_database/collections \"HTTP/1.1 200 OK\"", "correlation_id": "3bccbd1704a14be38ca68355430d8428", "service": "unknown", "service_instance": "unknown", "environment": "unknown"}
{"timestamp": "2026-07-08T16:49:53.700523Z", "level": "INFO", "logger": "httpx", "message": "HTTP Request: POST https://chroma.cloud-dog.net/api/v2/tenants/default_tenant/databases/default_database/collections/3d946d0f-e172-4913-86d5-19b5358f9a8d/query \"HTTP/1.1 200 OK\"", "correlation_id": "3bccbd1704a14be38ca68355430d8428", "service": "unknown", "service_instance": "unknown", "environment": "unknown"}
------------------------------ Captured log call -------------------------------
INFO     httpx:_client.py:1740 HTTP Request: POST https://llm2.cloud-dog.net/api/embeddings "HTTP/1.1 200 OK"
INFO     httpx:_client.py:1740 HTTP Request: POST https://chroma.cloud-dog.net/api/v2/tenants/default_tenant/databases/default_database/collections "HTTP/1.1 200 OK"
INFO     httpx:_client.py:1740 HTTP Request: POST https://llm2.cloud-dog.net/api/embeddings "HTTP/1.1 200 OK"
INFO     httpx:_client.py:1740 HTTP Request: GET https://chroma.cloud-dog.net/api/v2/tenants/default_tenant/databases/default_database/collections "HTTP/1.1 200 OK"
INFO     httpx:_client.py:1740 HTTP Request: POST https://chroma.cloud-dog.net/api/v2/tenants/default_tenant/databases/default_database/collections/3d946d0f-e172-4913-86d5-19b5358f9a8d/upsert "HTTP/1.1 200 OK"
INFO     httpx:_client.py:1740 HTTP Request: GET https://chroma.cloud-dog.net/api/v2/tenants/default_tenant/databases/default_database/collections "HTTP/1.1 200 OK"
INFO     httpx:_client.py:1740 HTTP Request: POST https://chroma.cloud-dog.net/api/v2/tenants/default_tenant/databases/default_database/collections/3d946d0f-e172-4913-86d5-19b5358f9a8d/query "HTTP/1.1 200 OK"
--------------------------- Captured stdout teardown ---------------------------
{"timestamp": "2026-07-08T16:49:53.783970Z", "level": "INFO", "logger": "httpx", "message": "HTTP Request: DELETE https://chroma.cloud-dog.net/api/v2/tenants/default_tenant/databases/default_database/collections/rc866ec0a_3950_default_it_meta_roundtrip \"HTTP/1.1 200 OK\"", "correlation_id": "3bccbd1704a14be38ca68355430d8428", "service": "unknown", "service_instance": "unknown", "environment": "unknown"}
{"timestamp": "2026-07-08T16:49:53.791601Z", "level": "INFO", "logger": "httpx", "message": "HTTP Request: DELETE https://chroma.cloud-dog.net/api/v2/tenants/default_tenant/databases/default_database/collections/rc866ec0a_3950_default_it_meta_roundtrip \"HTTP/1.1 404 Not Found\"", "correlation_id": "3bccbd1704a14be38ca68355430d8428", "service": "unknown", "service_instance": "unknown", "environment": "unknown"}
---------------------------- Captured log teardown -----------------------------
INFO     httpx:_client.py:1740 HTTP Request: DELETE https://chroma.cloud-dog.net/api/v2/tenants/default_tenant/databases/default_database/collections/rc866ec0a_3950_default_it_meta_roundtrip "HTTP/1.1 200 OK"
INFO     httpx:_client.py:1740 HTTP Request: DELETE https://chroma.cloud-dog.net/api/v2/tenants/default_tenant/databases/default_database/collections/rc866ec0a_3950_default_it_meta_roundtrip "HTTP/1.1 404 Not Found"
_____________________ test_infinity_adapter_contract_path ______________________
----------------------------- Captured stdout call -----------------------------
{"timestamp": "2026-07-08T16:49:54.600803Z", "level": "INFO", "logger": "httpx", "message": "HTTP Request: GET http://infinity0.app.vpc0.cloud-dog.net:8080/databases \"HTTP/1.1 200 OK\"", "correlation_id": "3bccbd1704a14be38ca68355430d8428", "service": "unknown", "service_instance": "unknown", "environment": "unknown"}
{"timestamp": "2026-07-08T16:49:54.724672Z", "level": "INFO", "logger": "httpx", "message": "HTTP Request: POST https://llm2.cloud-dog.net/api/embeddings \"HTTP/1.1 200 OK\"", "correlation_id": "3bccbd1704a14be38ca68355430d8428", "service": "unknown", "service_instance": "unknown", "environment": "unknown"}
{"timestamp": "2026-07-08T16:49:54.736395Z", "level": "INFO", "logger": "httpx", "message": "HTTP Request: POST http://infinity0.app.vpc0.cloud-dog.net:8080/databases/default_db/tables/idxinf_13f42be2aec9ed3c32 \"HTTP/1.1 200 OK\"", "correlation_id": "3bccbd1704a14be38ca68355430d8428", "service": "unknown", "service_instance": "unknown", "environment": "unknown"}
{"timestamp": "2026-07-08T16:49:54.819712Z", "level": "INFO", "logger": "httpx", "message": "HTTP Request: POST https://llm2.cloud-dog.net/api/embeddings \"HTTP/1.1 200 OK\"", "correlation_id": "3bccbd1704a14be38ca68355430d8428", "service": "unknown", "service_instance": "unknown", "environment": "unknown"}
{"timestamp": "2026-07-08T16:49:54.877066Z", "level": "INFO", "logger": "httpx", "message": "HTTP Request: POST http://infinity0.app.vpc0.cloud-dog.net:8080/databases/default_db/tables/idxinf_13f42be2aec9ed3c32/docs \"HTTP/1.1 200 OK\"", "correlation_id": "3bccbd1704a14be38ca68355430d8428", "service": "unknown", "service_instance": "unknown", "environment": "unknown"}
{"timestamp": "2026-07-08T16:49:54.886862Z", "level": "INFO", "logger": "httpx", "message": "HTTP Request: GET http://infinity0.app.vpc0.cloud-dog.net:8080/databases/default_db/tables/idxinf_13f42be2aec9ed3c32/docs \"HTTP/1.1 200 OK\"", "correlation_id": "3bccbd1704a14be38ca68355430d8428", "service": "unknown", "service_instance": "unknown", "environment": "unknown"}
{"timestamp": "2026-07-08T16:49:54.894526Z", "level": "INFO", "logger": "httpx", "message": "HTTP Request: DELETE http://infinity0.app.vpc0.cloud-dog.net:8080/databases/default_db/tables/idxinf_13f42be2aec9ed3c32/docs \"HTTP/1.1 200 OK\"", "correlation_id": "3bccbd1704a14be38ca68355430d8428", "service": "unknown", "service_instance": "unknown", "environment": "unknown"}
{"timestamp": "2026-07-08T16:49:54.902720Z", "level": "INFO", "logger": "httpx", "message": "HTTP Request: POST http://infinity0.app.vpc0.cloud-dog.net:8080/databases/default_db/tables/idxinf_13f42be2aec9ed3c32/docs \"HTTP/1.1 200 OK\"", "correlation_id": "3bccbd1704a14be38ca68355430d8428", "service": "unknown", "service_instance": "unknown", "environment": "unknown"}
------------------------------ Captured log call -------------------------------
INFO     httpx:_client.py:1740 HTTP Request: GET http://infinity0.app.vpc0.cloud-dog.net:8080/databases "HTTP/1.1 200 OK"
INFO     httpx:_client.py:1740 HTTP Request: POST https://llm2.cloud-dog.net/api/embeddings "HTTP/1.1 200 OK"
INFO     httpx:_client.py:1740 HTTP Request: POST http://infinity0.app.vpc0.cloud-dog.net:8080/databases/default_db/tables/idxinf_13f42be2aec9ed3c32 "HTTP/1.1 200 OK"
INFO     httpx:_client.py:1740 HTTP Request: POST https://llm2.cloud-dog.net/api/embeddings "HTTP/1.1 200 OK"
INFO     httpx:_client.py:1740 HTTP Request: POST http://infinity0.app.vpc0.cloud-dog.net:8080/databases/default_db/tables/idxinf_13f42be2aec9ed3c32/docs "HTTP/1.1 200 OK"
INFO     httpx:_client.py:1740 HTTP Request: GET http://infinity0.app.vpc0.cloud-dog.net:8080/databases/default_db/tables/idxinf_13f42be2aec9ed3c32/docs "HTTP/1.1 200 OK"
INFO     httpx:_client.py:1740 HTTP Request: DELETE http://infinity0.app.vpc0.cloud-dog.net:8080/databases/default_db/tables/idxinf_13f42be2aec9ed3c32/docs "HTTP/1.1 200 OK"
INFO     httpx:_client.py:1740 HTTP Request: POST http://infinity0.app.vpc0.cloud-dog.net:8080/databases/default_db/tables/idxinf_13f42be2aec9ed3c32/docs "HTTP/1.1 200 OK"
--------------------------- Captured stdout teardown ---------------------------
{"timestamp": "2026-07-08T16:49:54.927511Z", "level": "INFO", "logger": "httpx", "message": "HTTP Request: DELETE http://infinity0.app.vpc0.cloud-dog.net:8080/databases/default_db/tables/idxinf_13f42be2aec9ed3c32 \"HTTP/1.1 200 OK\"", "correlation_id": "3bccbd1704a14be38ca68355430d8428", "service": "unknown", "service_instance": "unknown", "environment": "unknown"}
---------------------------- Captured log teardown -----------------------------
INFO     httpx:_client.py:1740 HTTP Request: DELETE http://infinity0.app.vpc0.cloud-dog.net:8080/databases/default_db/tables/idxinf_13f42be2aec9ed3c32 "HTTP/1.1 200 OK"
_____________________ test_tool_catalogue_wrappers_execute _____________________
----------------------------- Captured stdout call -----------------------------
{"timestamp": "2026-07-08T16:49:55.837072Z", "level": "INFO", "logger": "cloud_dog_logging.integrity", "message": "audit_integrity_check", "correlation_id": "3bccbd1704a14be38ca68355430d8428", "service": "unknown", "service_instance": "unknown", "environment": "unknown", "extra": {"integrity_record": {"timestamp": "2026-07-08T16:49:55.836Z", "record_type": "audit_integrity_check", "service": "unknown", "service_instance": "unknown", "audit_log_path": "logs/audit.log.jsonl", "hash_algorithm": "sha256", "hash_value": "56db8fcc4cd14a4138e6abfd443bbabb7d6d6c2f86eb8a9fa81826e6eb0bf6b6", "file_size_bytes": 460082, "line_count": 522, "last_event_timestamp": "2026-07-08T16:48:50.624Z", "verification_status": "valid", "trigger": "shutdown"}}}
{"timestamp": "2026-07-08T16:49:55.874834Z", "level": "INFO", "logger": "cloud_dog_logging.integrity", "message": "audit_integrity_check", "correlation_id": "3bccbd1704a14be38ca68355430d8428", "service": "index-retriever-mcp-server", "service_instance": "index-retriever-local", "environment": "dev", "extra": {"integrity_record": {"timestamp": "2026-07-08T16:49:55.874Z", "record_type": "audit_integrity_check", "service": "index-retriever-mcp-server", "service_instance": "index-retriever-local", "audit_log_path": "logs/audit.log.jsonl", "hash_algorithm": "sha256", "hash_value": "56db8fcc4cd14a4138e6abfd443bbabb7d6d6c2f86eb8a9fa81826e6eb0bf6b6", "file_size_bytes": 460082, "line_count": 522, "last_event_timestamp": "2026-07-08T16:48:50.624Z", "verification_status": "valid", "trigger": "startup"}}}
{"timestamp": "2026-07-08T16:49:55.959499Z", "level": "INFO", "logger": "alembic.runtime.migration", "message": "Context impl SQLiteImpl.", "correlation_id": "3bccbd1704a14be38ca68355430d8428", "service": "index-retriever-mcp-server", "service_instance": "index-retriever-local", "environment": "dev"}
{"timestamp": "2026-07-08T16:49:55.972806Z", "level": "INFO", "logger": "alembic.runtime.migration", "message": "Will assume non-transactional DDL.", "correlation_id": "3bccbd1704a14be38ca68355430d8428", "service": "index-retriever-mcp-server", "service_instance": "index-retriever-local", "environment": "dev"}
{"timestamp": "2026-07-08T16:49:56.688457Z", "level": "INFO", "logger": "cloud_dog_api_kit.request_logging", "message": "Request started", "correlation_id": "3bccbd1704a14be38ca68355430d8428", "service": "index-retriever-mcp-server", "service_instance": "index-retriever-local", "environment": "dev", "extra": {"request_id": "c3395fd508dd422893a39a002971d347", "correlation_id": null, "user": null, "method": "POST", "path": "/api/v1/tools/parsers_list", "client_ip": "testclient"}}
{"timestamp": "2026-07-08T16:49:56.702Z", "event_type": "mcp_tool.mcp.tool.parsers_list", "actor": {"type": "service", "id": "configured:55ac848af50d", "roles": [], "ip": "unknown"}, "action": "mcp.tool.parsers_list", "outcome": "success", "severity": "INFO", "correlation_id": "3bccbd1704a14be38ca68355430d8428", "trace_id": "3bccbd1704a14be38ca68355430d8428", "request_id": "3bccbd1704a14be38ca68355430d8428", "service": "unknown", "service_instance": "index-retriever-local", "component": "unknown", "source_host": "index-retriever-local", "source_process": "3733358", "source_application": "unknown", "process_id": "3733358", "environment": "dev", "target": {"type": "mcp_tool", "id": "parsers_list"}, "details": {"details": {"phase": "invoke", "profile": null, "collection": null}}}
{"timestamp": "2026-07-08T16:49:56.713242Z", "level": "INFO", "logger": "cloud_dog_api_kit.request_logging", "message": "Request completed", "correlation_id": "3bccbd1704a14be38ca68355430d8428", "service": "index-retriever-mcp-server", "service_instance": "index-retriever-local", "environment": "dev", "extra": {"request_id": "c3395fd508dd422893a39a002971d347", "correlation_id": null, "user": null, "method": "POST", "path": "/api/v1/tools/parsers_list", "status_code": 200, "duration_ms": 16.18, "client_ip": "testclient"}}
{"timestamp": "2026-07-08T16:49:56.721Z", "event_type": "http.create", "actor": {"type": "system", "id": "anonymous", "roles": [], "ip": "testclient", "user_agent": "testclient"}, "action": "create", "outcome": "success", "severity": "INFO", "correlation_id": "3bccbd1704a14be38ca68355430d8428", "trace_id": "3bccbd1704a14be38ca68355430d8428", "request_id": "3bccbd1704a14be38ca68355430d8428", "service": "index-retriever-mcp-server", "service_instance": "index-retriever-local", "component": "http", "source_host": "index-retriever-local", "source_process": "3733358", "source_application": "testclient", "process_id": "3733358", "environment": "dev", "source_address": "testclient:50000", "destination_address": "testserver:80", "target": {"type": "endpoint", "id": "/api/v1/tools/parsers_list", "name": "POST /api/v1/tools/parsers_list"}, "details": {"status_code": 200, "method": "POST", "client_ip": "testclient"}, "duration_ms": 33}
{"timestamp": "2026-07-08T16:49:56.730294Z", "level": "INFO", "logger": "httpx", "message": "HTTP Request: POST http://testserver/api/v1/tools/parsers_list \"HTTP/1.1 200 OK\"", "correlation_id": "3bccbd1704a14be38ca68355430d8428", "service": "index-retriever-mcp-server", "service_instance": "index-retriever-local", "environment": "dev"}
{"timestamp": "2026-07-08T16:49:56.739682Z", "level": "INFO", "logger": "cloud_dog_api_kit.request_logging", "message": "Request started", "correlation_id": "3bccbd1704a14be38ca68355430d8428", "service": "index-retriever-mcp-server", "service_instance": "index-retriever-local", "environment": "dev", "extra": {"request_id": "7ffcd36f7d36474099963f547be21ebf", "correlation_id": null, "user": null, "method": "POST", "path": "/api/v1/tools/ingest_preview", "client_ip": "testclient"}}
{"timestamp": "2026-07-08T16:49:56.750Z", "event_type": "mcp_tool.mcp.tool.ingest_preview", "actor": {"type": "service", "id": "configured:2530b9bc4759", "roles": [], "ip": "unknown"}, "action": "mcp.tool.ingest_preview", "outcome": "success", "severity": "INFO", "correlation_id": "3bccbd1704a14be38ca68355430d8428", "trace_id": "3bccbd1704a14be38ca68355430d8428", "request_id": "3bccbd1704a14be38ca68355430d8428", "service": "unknown", "service_instance": "index-retriever-local", "component": "unknown", "source_host": "index-retriever-local", "source_process": "3733358", "source_application": "unknown", "process_id": "3733358", "environment": "dev", "target": {"type": "mcp_tool", "id": "ingest_preview"}, "details": {"details": {"phase": "invoke", "profile": null, "collection": null}}}
{"timestamp": "2026-07-08T16:49:56.760935Z", "level": "INFO", "logger": "cloud_dog_api_kit.request_logging", "message": "Request completed", "correlation_id": "3bccbd1704a14be38ca68355430d8428", "service": "index-retriever-mcp-server", "service_instance": "index-retriever-local", "environment": "dev", "extra": {"request_id": "7ffcd36f7d36474099963f547be21ebf", "correlation_id": null, "user": null, "method": "POST", "path": "/api/v1/tools/ingest_preview", "status_code": 200, "duration_ms": 14.16, "client_ip": "testclient"}}
{"timestamp": "2026-07-08T16:49:56.769Z", "event_type": "http.create", "actor": {"type": "system", "id": "anonymous", "roles": [], "ip": "testclient", "user_agent": "testclient"}, "action": "create", "outcome": "success", "severity": "INFO", "correlation_id": "3bccbd1704a14be38ca68355430d8428", "trace_id": "3bccbd1704a14be38ca68355430d8428", "request_id": "3bccbd1704a14be38ca68355430d8428", "service": "index-retriever-mcp-server", "service_instance": "index-retriever-local", "component": "http", "source_host": "index-retriever-local", "source_process": "3733358", "source_application": "testclient", "process_id": "3733358", "environment": "dev", "source_address": "testclient:50000", "destination_address": "testserver:80", "target": {"type": "endpoint", "id": "/api/v1/tools/ingest_preview", "name": "POST /api/v1/tools/ingest_preview"}, "details": {"status_code": 200, "method": "POST", "client_ip": "testclient"}, "duration_ms": 29}
{"timestamp": "2026-07-08T16:49:56.777258Z", "level": "INFO", "logger": "httpx", "message": "HTTP Request: POST http://testserver/api/v1/tools/ingest_preview \"HTTP/1.1 200 OK\"", "correlation_id": "3bccbd1704a14be38ca68355430d8428", "service": "index-retriever-mcp-server", "service_instance": "index-retriever-local", "environment": "dev"}
{"timestamp": "2026-07-08T16:49:56.786043Z", "level": "INFO", "logger": "cloud_dog_api_kit.request_logging", "message": "Request started", "correlation_id": "3bccbd1704a14be38ca68355430d8428", "service": "index-retriever-mcp-server", "service_instance": "index-retriever-local", "environment": "dev", "extra": {"request_id": "ac8566e3c1e24e97b734dcab87fb609f", "correlation_id": null, "user": null, "method": "POST", "path": "/api/v1/tools/extract_only", "client_ip": "testclient"}}
{"timestamp": "2026-07-08T16:49:56.796Z", "event_type": "mcp_tool.mcp.tool.extract_only", "actor": {"type": "service", "id": "configured:2530b9bc4759", "roles": [], "ip": "unknown"}, "action": "mcp.tool.extract_only", "outcome": "success", "severity": "INFO", "correlation_id": "3bccbd1704a14be38ca68355430d8428", "trace_id": "3bccbd1704a14be38ca68355430d8428", "request_id": "3bccbd1704a14be38ca68355430d8428", "service": "unknown", "service_instance": "index-retriever-local", "component": "unknown", "source_host": "index-retriever-local", "source_process": "3733358", "source_application": "unknown", "process_id": "3733358", "environment": "dev", "target": {"type": "mcp_tool", "id": "extract_only"}, "details": {"details": {"phase": "invoke", "profile": null, "collection": null}}}
{"timestamp": "2026-07-08T16:49:56.806247Z", "level": "INFO", "logger": "cloud_dog_api_kit.request_logging", "message": "Request completed", "correlation_id": "3bccbd1704a14be38ca68355430d8428", "service": "index-retriever-mcp-server", "service_instance": "index-retriever-local", "environment": "dev", "extra": {"request_id": "ac8566e3c1e24e97b734dcab87fb609f", "correlation_id": null, "user": null, "method": "POST", "path": "/api/v1/tools/extract_only", "status_code": 200, "duration_ms": 13.38, "client_ip": "testclient"}}
{"timestamp": "2026-07-08T16:49:56.816Z", "event_type": "http.create", "actor": {"type": "system", "id": "anonymous", "roles": [], "ip": "testclient", "user_agent": "testclient"}, "action": "create", "outcome": "success", "severity": "INFO", "correlation_id": "3bccbd1704a14be38ca68355430d8428", "trace_id": "3bccbd1704a14be38ca68355430d8428", "request_id": "3bccbd1704a14be38ca68355430d8428", "service": "index-retriever-mcp-server", "service_instance": "index-retriever-local", "component": "http", "source_host": "index-retriever-local", "source_process": "3733358", "source_application": "testclient", "process_id": "3733358", "environment": "dev", "source_address": "testclient:50000", "destination_address": "testserver:80", "target": {"type": "endpoint", "id": "/api/v1/tools/extract_only", "name": "POST /api/v1/tools/extract_only"}, "details": {"status_code": 200, "method": "POST", "client_ip": "testclient"}, "duration_ms": 31}
{"timestamp": "2026-07-08T16:49:56.825197Z", "level": "INFO", "logger": "httpx", "message": "HTTP Request: POST http://testserver/api/v1/tools/extract_only \"HTTP/1.1 200 OK\"", "correlation_id": "3bccbd1704a14be38ca68355430d8428", "service": "index-retriever-mcp-server", "service_instance": "index-retriever-local", "environment": "dev"}
{"timestamp": "2026-07-08T16:49:56.834366Z", "level": "INFO", "logger": "cloud_dog_api_kit.request_logging", "message": "Request started", "correlation_id": "3bccbd1704a14be38ca68355430d8428", "service": "index-retriever-mcp-server", "service_instance": "index-retriever-local", "environment": "dev", "extra": {"request_id": "7d5bb61c602c4214a1aef6d37274bb3a", "correlation_id": null, "user": null, "method": "POST", "path": "/api/v1/tools/parser_test", "client_ip": "testclient"}}
{"timestamp": "2026-07-08T16:49:56.845Z", "event_type": "mcp_tool.mcp.tool.parser_test", "actor": {"type": "service", "id": "configured:ac6fc16fd23f", "roles": [], "ip": "unknown"}, "action": "mcp.tool.parser_test", "outcome": "success", "severity": "INFO", "correlation_id": "3bccbd1704a14be38ca68355430d8428", "trace_id": "3bccbd1704a14be38ca68355430d8428", "request_id": "3bccbd1704a14be38ca68355430d8428", "service": "unknown", "service_instance": "index-retriever-local", "component": "unknown", "source_host": "index-retriever-local", "source_process": "3733358", "source_application": "unknown", "process_id": "3733358", "environment": "dev", "target": {"type": "mcp_tool", "id": "parser_test"}, "details": {"details": {"phase": "invoke", "profile": null, "collection": null}}}
{"timestamp": "2026-07-08T16:49:56.854760Z", "level": "INFO", "logger": "cloud_dog_api_kit.request_logging", "message": "Request completed", "correlation_id": "3bccbd1704a14be38ca68355430d8428", "service": "index-retriever-mcp-server", "service_instance": "index-retriever-local", "environment": "dev", "extra": {"request_id": "7d5bb61c602c4214a1aef6d37274bb3a", "correlation_id": null, "user": null, "method": "POST", "path": "/api/v1/tools/parser_test", "status_code": 200, "duration_ms": 13.2, "client_ip": "testclient"}}
{"timestamp": "2026-07-08T16:49:56.865Z", "event_type": "http.create", "actor": {"type": "system", "id": "anonymous", "roles": [], "ip": "testclient", "user_agent": "testclient"}, "action": "create", "outcome": "success", "severity": "INFO", "correlation_id": "3bccbd1704a14be38ca68355430d8428", "trace_id": "3bccbd1704a14be38ca68355430d8428", "request_id": "3bccbd1704a14be38ca68355430d8428", "service": "index-retriever-mcp-server", "service_instance": "index-retriever-local", "component": "http", "source_host": "index-retriever-local", "source_process": "3733358", "source_application": "testclient", "process_id": "3733358", "environment": "dev", "source_address": "testclient:50000", "destination_address": "testserver:80", "target": {"type": "endpoint", "id": "/api/v1/tools/parser_test", "name": "POST /api/v1/tools/parser_test"}, "details": {"status_code": 200, "method": "POST", "client_ip": "testclient"}, "duration_ms": 31}
{"timestamp": "2026-07-08T16:49:56.876023Z", "level": "INFO", "logger": "httpx", "message": "HTTP Request: POST http://testserver/api/v1/tools/parser_test \"HTTP/1.1 200 OK\"", "correlation_id": "3bccbd1704a14be38ca68355430d8428", "service": "index-retriever-mcp-server", "service_instance": "index-retriever-local", "environment": "dev"}
{"timestamp": "2026-07-08T16:49:56.885425Z", "level": "INFO", "logger": "cloud_dog_api_kit.request_logging", "message": "Request started", "correlation_id": "3bccbd1704a14be38ca68355430d8428", "service": "index-retriever-mcp-server", "service_instance": "index-retriever-local", "environment": "dev", "extra": {"request_id": "e6633a7491cb498a80aac18e5352fb6b", "correlation_id": null, "user": null, "method": "POST", "path": "/api/v1/tools/ocr_run", "client_ip": "testclient"}}
{"timestamp": "2026-07-08T16:49:56.895Z", "event_type": "mcp_tool.mcp.tool.ocr_run", "actor": {"type": "service", "id": "configured:ac6fc16fd23f", "roles": [], "ip": "unknown"}, "action": "mcp.tool.ocr_run", "outcome": "success", "severity": "INFO", "correlation_id": "3bccbd1704a14be38ca68355430d8428", "trace_id": "3bccbd1704a14be38ca68355430d8428", "request_id": "3bccbd1704a14be38ca68355430d8428", "service": "unknown", "service_instance": "index-retriever-local", "component": "unknown", "source_host": "index-retriever-local", "source_process": "3733358", "source_application": "unknown", "process_id": "3733358", "environment": "dev", "target": {"type": "mcp_tool", "id": "ocr_run"}, "details": {"details": {"phase": "invoke", "profile": null, "collection": null}}}
{"timestamp": "2026-07-08T16:49:56.905424Z", "level": "INFO", "logger": "cloud_dog_api_kit.request_logging", "message": "Request completed", "correlation_id": "3bccbd1704a14be38ca68355430d8428", "service": "index-retriever-mcp-server", "service_instance": "index-retriever-local", "environment": "dev", "extra": {"request_id": "e6633a7491cb498a80aac18e5352fb6b", "correlation_id": null, "user": null, "method": "POST", "path": "/api/v1/tools/ocr_run", "status_code": 200, "duration_ms": 12.81, "client_ip": "testclient"}}
{"timestamp": "2026-07-08T16:49:56.914Z", "event_type": "http.create", "actor": {"type": "system", "id": "anonymous", "roles": [], "ip": "testclient", "user_agent": "testclient"}, "action": "create", "outcome": "success", "severity": "INFO", "correlation_id": "3bccbd1704a14be38ca68355430d8428", "trace_id": "3bccbd1704a14be38ca68355430d8428", "request_id": "3bccbd1704a14be38ca68355430d8428", "service": "index-retriever-mcp-server", "service_instance": "index-retriever-local", "component": "http", "source_host": "index-retriever-local", "source_process": "3733358", "source_application": "testclient", "process_id": "3733358", "environment": "dev", "source_address": "testclient:50000", "destination_address": "testserver:80", "target": {"type": "endpoint", "id": "/api/v1/tools/ocr_run", "name": "POST /api/v1/tools/ocr_run"}, "details": {"status_code": 200, "method": "POST", "client_ip": "testclient"}, "duration_ms": 29}
{"timestamp": "2026-07-08T16:49:56.923979Z", "level": "INFO", "logger": "httpx", "message": "HTTP Request: POST http://testserver/api/v1/tools/ocr_run \"HTTP/1.1 200 OK\"", "correlation_id": "3bccbd1704a14be38ca68355430d8428", "service": "index-retriever-mcp-server", "service_instance": "index-retriever-local", "environment": "dev"}
{"timestamp": "2026-07-08T16:49:56.933694Z", "level": "INFO", "logger": "cloud_dog_api_kit.request_logging", "message": "Request started", "correlation_id": "3bccbd1704a14be38ca68355430d8428", "service": "index-retriever-mcp-server", "service_instance": "index-retriever-local", "environment": "dev", "extra": {"request_id": "83685b3b48a94e47ac6e477f42c77535", "correlation_id": null, "user": null, "method": "POST", "path": "/api/v1/tools/table_extract", "client_ip": "testclient"}}
{"timestamp": "2026-07-08T16:49:56.944Z", "event_type": "mcp_tool.mcp.tool.table_extract", "actor": {"type": "service", "id": "configured:ac6fc16fd23f", "roles": [], "ip": "unknown"}, "action": "mcp.tool.table_extract", "outcome": "success", "severity": "INFO", "correlation_id": "3bccbd1704a14be38ca68355430d8428", "trace_id": "3bccbd1704a14be38ca68355430d8428", "request_id": "3bccbd1704a14be38ca68355430d8428", "service": "unknown", "service_instance": "index-retriever-local", "component": "unknown", "source_host": "index-retriever-local", "source_process": "3733358", "source_application": "unknown", "process_id": "3733358", "environment": "dev", "target": {"type": "mcp_tool", "id": "table_extract"}, "details": {"details": {"phase": "invoke", "profile": null, "collection": null}}}
{"timestamp": "2026-07-08T16:49:56.954813Z", "level": "INFO", "logger": "cloud_dog_api_kit.request_logging", "message": "Request completed", "correlation_id": "3bccbd1704a14be38ca68355430d8428", "service": "index-retriever-mcp-server", "service_instance": "index-retriever-local", "environment": "dev", "extra": {"request_id": "83685b3b48a94e47ac6e477f42c77535", "correlation_id": null, "user": null, "method": "POST", "path": "/api/v1/tools/table_extract", "status_code": 200, "duration_ms": 14.02, "client_ip": "testclient"}}
{"timestamp": "2026-07-08T16:49:56.964Z", "event_type": "http.create", "actor": {"type": "system", "id": "anonymous", "roles": [], "ip": "testclient", "user_agent": "testclient"}, "action": "create", "outcome": "success", "severity": "INFO", "correlation_id": "3bccbd1704a14be38ca68355430d8428", "trace_id": "3bccbd1704a14be38ca68355430d8428", "request_id": "3bccbd1704a14be38ca68355430d8428", "service": "index-retriever-mcp-server", "service_instance": "index-retriever-local", "component": "http", "source_host": "index-retriever-local", "source_process": "3733358", "source_application": "testclient", "process_id": "3733358", "environment": "dev", "source_address": "testclient:50000", "destination_address": "testserver:80", "target": {"type": "endpoint", "id": "/api/v1/tools/table_extract", "name": "POST /api/v1/tools/table_extract"}, "details": {"status_code": 200, "method": "POST", "client_ip": "testclient"}, "duration_ms": 31}
{"timestamp": "2026-07-08T16:49:56.973657Z", "level": "INFO", "logger": "httpx", "message": "HTTP Request: POST http://testserver/api/v1/tools/table_extract \"HTTP/1.1 200 OK\"", "correlation_id": "3bccbd1704a14be38ca68355430d8428", "service": "index-retriever-mcp-server", "service_instance": "index-retriever-local", "environment": "dev"}
------------------------------ Captured log call -------------------------------
INFO     cloud_dog_logging.integrity:integrity.py:185 audit_integrity_check
_________________________ test_a2a_health_auth_matrix __________________________
----------------------------- Captured stdout call -----------------------------
{"timestamp": "2026-07-08T16:49:57.430719Z", "level": "INFO", "logger": "cloud_dog_logging.integrity", "message": "audit_integrity_check", "correlation_id": "3bccbd1704a14be38ca68355430d8428", "service": "index-retriever-mcp-server", "service_instance": "index-retriever-local", "environment": "dev", "extra": {"integrity_record": {"timestamp": "2026-07-08T16:49:57.430Z", "record_type": "audit_integrity_check", "service": "index-retriever-mcp-server", "service_instance": "index-retriever-local", "audit_log_path": "logs/audit.log.jsonl", "hash_algorithm": "sha256", "hash_value": "4583d562b4d5adcd2a5fc5012010987a3c808de58f801bc402b343aea19010cc", "file_size_bytes": 470429, "line_count": 534, "last_event_timestamp": "2026-07-08T16:49:56.964Z", "verification_status": "valid", "trigger": "shutdown"}}}
{"timestamp": "2026-07-08T16:49:57.476850Z", "level": "INFO", "logger": "cloud_dog_logging.integrity", "message": "audit_integrity_check", "correlation_id": "3bccbd1704a14be38ca68355430d8428", "service": "index-retriever-mcp-server", "service_instance": "index-retriever-local", "environment": "dev", "extra": {"integrity_record": {"timestamp": "2026-07-08T16:49:57.476Z", "record_type": "audit_integrity_check", "service": "index-retriever-mcp-server", "service_instance": "index-retriever-local", "audit_log_path": "logs/audit.log.jsonl", "hash_algorithm": "sha256", "hash_value": "4583d562b4d5adcd2a5fc5012010987a3c808de58f801bc402b343aea19010cc", "file_size_bytes": 470429, "line_count": 534, "last_event_timestamp": "2026-07-08T16:49:56.964Z", "verification_status": "valid", "trigger": "startup"}}}
{"timestamp": "2026-07-08T16:49:58.283349Z", "level": "INFO", "logger": "cloud_dog_api_kit.request_logging", "message": "Request started", "correlation_id": "3bccbd1704a14be38ca68355430d8428", "service": "index-retriever-mcp-server", "service_instance": "index-retriever-local", "environment": "dev", "extra": {"request_id": "53dc3fdda557477b95b9b17a4e4f6f2d", "correlation_id": null, "user": null, "method": "GET", "path": "/a2a/health", "client_ip": "testclient"}}
{"timestamp": "2026-07-08T16:49:58.292650Z", "level": "INFO", "logger": "cloud_dog_api_kit.request_logging", "message": "Request completed", "correlation_id": "3bccbd1704a14be38ca68355430d8428", "service": "index-retriever-mcp-server", "service_instance": "index-retriever-local", "environment": "dev", "extra": {"request_id": "53dc3fdda557477b95b9b17a4e4f6f2d", "correlation_id": null, "user": null, "method": "GET", "path": "/a2a/health", "status_code": 401, "duration_ms": 1.82, "client_ip": "testclient"}}
{"timestamp": "2026-07-08T16:49:58.300Z", "event_type": "http.read", "actor": {"type": "system", "id": "anonymous", "roles": [], "ip": "testclient", "user_agent": "testclient"}, "action": "read", "outcome": "denied", "severity": "ERROR", "correlation_id": "3bccbd1704a14be38ca68355430d8428", "trace_id": "3bccbd1704a14be38ca68355430d8428", "request_id": "3bccbd1704a14be38ca68355430d8428", "service": "index-retriever-mcp-server", "service_instance": "index-retriever-local", "component": "http", "source_host": "index-retriever-local", "source_process": "3733358", "source_application": "testclient", "process_id": "3733358", "environment": "dev", "source_address": "testclient:50000", "destination_address": "testserver:80", "target": {"type": "endpoint", "id": "/a2a/health", "name": "GET /a2a/health"}, "details": {"status_code": 401, "method": "GET", "client_ip": "testclient"}, "duration_ms": 17}
{"timestamp": "2026-07-08T16:49:58.308976Z", "level": "INFO", "logger": "httpx", "message": "HTTP Request: GET http://testserver/a2a/health \"HTTP/1.1 401 Unauthorized\"", "correlation_id": "3bccbd1704a14be38ca68355430d8428", "service": "index-retriever-mcp-server", "service_instance": "index-retriever-local", "environment": "dev"}
{"timestamp": "2026-07-08T16:49:58.319608Z", "level": "INFO", "logger": "cloud_dog_api_kit.request_logging", "message": "Request started", "correlation_id": "3bccbd1704a14be38ca68355430d8428", "service": "index-retriever-mcp-server", "service_instance": "index-retriever-local", "environment": "dev", "extra": {"request_id": "81aadcb9d3f44c5bbcfd1c9b026915d5", "correlation_id": null, "user": null, "method": "GET", "path": "/a2a/health", "client_ip": "testclient"}}
{"timestamp": "2026-07-08T16:49:58.331012Z", "level": "INFO", "logger": "cloud_dog_api_kit.request_logging", "message": "Request completed", "correlation_id": "3bccbd1704a14be38ca68355430d8428", "service": "index-retriever-mcp-server", "service_instance": "index-retriever-local", "environment": "dev", "extra": {"request_id": "81aadcb9d3f44c5bbcfd1c9b026915d5", "correlation_id": null, "user": null, "method": "GET", "path": "/a2a/health", "status_code": 401, "duration_ms": 1.99, "client_ip": "testclient"}}
{"timestamp": "2026-07-08T16:49:58.339Z", "event_type": "http.read", "actor": {"type": "system", "id": "anonymous", "roles": [], "ip": "testclient", "user_agent": "testclient"}, "action": "read", "outcome": "denied", "severity": "ERROR", "correlation_id": "3bccbd1704a14be38ca68355430d8428", "trace_id": "3bccbd1704a14be38ca68355430d8428", "request_id": "3bccbd1704a14be38ca68355430d8428", "service": "index-retriever-mcp-server", "service_instance": "index-retriever-local", "component": "http", "source_host": "index-retriever-local", "source_process": "3733358", "source_application": "testclient", "process_id": "3733358", "environment": "dev", "source_address": "testclient:50000", "destination_address": "testserver:80", "target": {"type": "endpoint", "id": "/a2a/health", "name": "GET /a2a/health"}, "details": {"status_code": 401, "method": "GET", "client_ip": "testclient"}, "duration_ms": 20}
{"timestamp": "2026-07-08T16:49:58.347477Z", "level": "INFO", "logger": "httpx", "message": "HTTP Request: GET http://testserver/a2a/health \"HTTP/1.1 401 Unauthorized\"", "correlation_id": "3bccbd1704a14be38ca68355430d8428", "service": "index-retriever-mcp-server", "service_instance": "index-retriever-local", "environment": "dev"}
{"timestamp": "2026-07-08T16:49:58.357574Z", "level": "INFO", "logger": "cloud_dog_api_kit.request_logging", "message": "Request started", "correlation_id": "3bccbd1704a14be38ca68355430d8428", "service": "index-retriever-mcp-server", "service_instance": "index-retriever-local", "environment": "dev", "extra": {"request_id": "bcc39eb1486649848eb332886c6e5153", "correlation_id": null, "user": null, "method": "GET", "path": "/a2a/health", "client_ip": "testclient"}}
{"timestamp": "2026-07-08T16:49:58.394913Z", "level": "INFO", "logger": "httpx", "message": "HTTP Request: GET https://chroma.cloud-dog.net/api/v2/heartbeat \"HTTP/1.1 200 OK\"", "correlation_id": "3bccbd1704a14be38ca68355430d8428", "service": "index-retriever-mcp-server", "service_instance": "index-retriever-local", "environment": "dev"}
{"timestamp": "2026-07-08T16:49:58.449579Z", "level": "INFO", "logger": "httpx", "message": "HTTP Request: GET https://llm2.cloud-dog.net/api/tags \"HTTP/1.1 200 OK\"", "correlation_id": "3bccbd1704a14be38ca68355430d8428", "service": "index-retriever-mcp-server", "service_instance": "index-retriever-local", "environment": "dev"}
{"timestamp": "2026-07-08T16:49:58.461385Z", "level": "INFO", "logger": "cloud_dog_api_kit.request_logging", "message": "Request completed", "correlation_id": "3bccbd1704a14be38ca68355430d8428", "service": "index-retriever-mcp-server", "service_instance": "index-retriever-local", "environment": "dev", "extra": {"request_id": "bcc39eb1486649848eb332886c6e5153", "correlation_id": null, "user": null, "method": "GET", "path": "/a2a/health", "status_code": 200, "duration_ms": 96.4, "client_ip": "testclient"}}
{"timestamp": "2026-07-08T16:49:58.469Z", "event_type": "http.read", "actor": {"type": "system", "id": "anonymous", "roles": [], "ip": "testclient", "user_agent": "testclient"}, "action": "read", "outcome": "success", "severity": "INFO", "correlation_id": "3bccbd1704a14be38ca68355430d8428", "trace_id": "3bccbd1704a14be38ca68355430d8428", "request_id": "3bccbd1704a14be38ca68355430d8428", "service": "index-retriever-mcp-server", "service_instance": "index-retriever-local", "component": "http", "source_host": "index-retriever-local", "source_process": "3733358", "source_application": "testclient", "process_id": "3733358", "environment": "dev", "source_address": "testclient:50000", "destination_address": "testserver:80", "target": {"type": "endpoint", "id": "/a2a/health", "name": "GET /a2a/health"}, "details": {"status_code": 200, "method": "GET", "client_ip": "testclient"}, "duration_ms": 112}
{"timestamp": "2026-07-08T16:49:58.478047Z", "level": "INFO", "logger": "httpx", "message": "HTTP Request: GET http://testserver/a2a/health \"HTTP/1.1 200 OK\"", "correlation_id": "3bccbd1704a14be38ca68355430d8428", "service": "index-retriever-mcp-server", "service_instance": "index-retriever-local", "environment": "dev"}
------------------------------ Captured log call -------------------------------
INFO     cloud_dog_logging.integrity:integrity.py:185 audit_integrity_check
_____________________ test_no_fallback_backend_identity_it _____________________
----------------------------- Captured stdout call -----------------------------
{"timestamp": "2026-07-08T16:49:59.263528Z", "level": "INFO", "logger": "httpx", "message": "HTTP Request: GET https://chroma.cloud-dog.net/api/v2/heartbeat \"HTTP/1.1 200 OK\"", "correlation_id": "3bccbd1704a14be38ca68355430d8428", "service": "index-retriever-mcp-server", "service_instance": "index-retriever-local", "environment": "dev"}
{"timestamp": "2026-07-08T16:49:59.312722Z", "level": "INFO", "logger": "httpx", "message": "HTTP Request: GET https://qdrant.cloud-dog.net/collections \"HTTP/1.1 200 OK\"", "correlation_id": "3bccbd1704a14be38ca68355430d8428", "service": "index-retriever-mcp-server", "service_instance": "index-retriever-local", "environment": "dev"}
------------------------------ Captured log call -------------------------------
INFO     httpx:_client.py:1740 HTTP Request: GET https://chroma.cloud-dog.net/api/v2/heartbeat "HTTP/1.1 200 OK"
INFO     httpx:_client.py:1740 HTTP Request: GET https://qdrant.cloud-dog.net/collections "HTTP/1.1 200 OK"
_____________________________ test_api_auth_reject _____________________________
----------------------------- Captured stdout call -----------------------------
{"timestamp": "2026-07-08T16:50:00.021108Z", "level": "INFO", "logger": "httpx", "message": "HTTP Request: GET https://chroma.cloud-dog.net/api/v2/heartbeat \"HTTP/1.1 200 OK\"", "correlation_id": "3bccbd1704a14be38ca68355430d8428", "service": "index-retriever-mcp-server", "service_instance": "index-retriever-local", "environment": "dev"}
------------------------------ Captured log call -------------------------------
INFO     httpx:_client.py:1740 HTTP Request: GET https://chroma.cloud-dog.net/api/v2/heartbeat "HTTP/1.1 200 OK"
______________________ test_job_management_tools_contract ______________________
----------------------------- Captured stdout call -----------------------------
{"timestamp": "2026-07-08T16:50:00.535406Z", "level": "INFO", "logger": "cloud_dog_logging.integrity", "message": "audit_integrity_check", "correlation_id": "3bccbd1704a14be38ca68355430d8428", "service": "index-retriever-mcp-server", "service_instance": "index-retriever-local", "environment": "dev", "extra": {"integrity_record": {"timestamp": "2026-07-08T16:50:00.535Z", "record_type": "audit_integrity_check", "service": "index-retriever-mcp-server", "service_instance": "index-retriever-local", "audit_log_path": "logs/audit.log.jsonl", "hash_algorithm": "sha256", "hash_value": "ff3ae5471ed1a20001d14ec472bbb718dc5594b1975afbd9182a1b9c9ea7ea73", "file_size_bytes": 473139, "line_count": 537, "last_event_timestamp": "2026-07-08T16:49:58.469Z", "verification_status": "valid", "trigger": "shutdown"}}}
{"timestamp": "2026-07-08T16:50:00.584013Z", "level": "INFO", "logger": "cloud_dog_logging.integrity", "message": "audit_integrity_check", "correlation_id": "3bccbd1704a14be38ca68355430d8428", "service": "index-retriever-mcp-server", "service_instance": "index-retriever-local", "environment": "dev", "extra": {"integrity_record": {"timestamp": "2026-07-08T16:50:00.583Z", "record_type": "audit_integrity_check", "service": "index-retriever-mcp-server", "service_instance": "index-retriever-local", "audit_log_path": "logs/audit.log.jsonl", "hash_algorithm": "sha256", "hash_value": "ff3ae5471ed1a20001d14ec472bbb718dc5594b1975afbd9182a1b9c9ea7ea73", "file_size_bytes": 473139, "line_count": 537, "last_event_timestamp": "2026-07-08T16:49:58.469Z", "verification_status": "valid", "trigger": "startup"}}}
{"timestamp": "2026-07-08T16:50:01.362337Z", "level": "INFO", "logger": "cloud_dog_api_kit.request_logging", "message": "Request started", "correlation_id": "3bccbd1704a14be38ca68355430d8428", "service": "index-retriever-mcp-server", "service_instance": "index-retriever-local", "environment": "dev", "extra": {"request_id": "2a89080e6c194411a4ec7e4942fa6070", "correlation_id": null, "user": null, "method": "GET", "path": "/auth/me", "client_ip": "testclient"}}
{"timestamp": "2026-07-08T16:50:01.382921Z", "level": "INFO", "logger": "cloud_dog_api_kit.request_logging", "message": "Request completed", "correlation_id": "3bccbd1704a14be38ca68355430d8428", "service": "index-retriever-mcp-server", "service_instance": "index-retriever-local", "environment": "dev", "extra": {"request_id": "2a89080e6c194411a4ec7e4942fa6070", "correlation_id": null, "user": null, "method": "GET", "path": "/auth/me", "status_code": 200, "duration_ms": 12.36, "client_ip": "testclient"}}
{"timestamp": "2026-07-08T16:50:01.392Z", "event_type": "http.read", "actor": {"type": "system", "id": "anonymous", "roles": [], "ip": "testclient", "user_agent": "testclient"}, "action": "read", "outcome": "success", "severity": "INFO", "correlation_id": "3bccbd1704a14be38ca68355430d8428", "trace_id": "3bccbd1704a14be38ca68355430d8428", "request_id": "3bccbd1704a14be38ca68355430d8428", "service": "index-retriever-mcp-server", "service_instance": "index-retriever-local", "component": "http", "source_host": "index-retriever-local", "source_process": "3733358", "source_application": "testclient", "process_id": "3733358", "environment": "dev", "source_address": "testclient:50000", "destination_address": "testserver:80", "target": {"type": "endpoint", "id": "/auth/me", "name": "GET /auth/me"}, "details": {"status_code": 200, "method": "GET", "client_ip": "testclient"}, "duration_ms": 30}
{"timestamp": "2026-07-08T16:50:01.401290Z", "level": "INFO", "logger": "httpx", "message": "HTTP Request: GET http://testserver/auth/me \"HTTP/1.1 200 OK\"", "correlation_id": "3bccbd1704a14be38ca68355430d8428", "service": "index-retriever-mcp-server", "service_instance": "index-retriever-local", "environment": "dev"}
{"timestamp": "2026-07-08T16:50:01.411203Z", "level": "INFO", "logger": "cloud_dog_api_kit.request_logging", "message": "Request started", "correlation_id": "3bccbd1704a14be38ca68355430d8428", "service": "index-retriever-mcp-server", "service_instance": "index-retriever-local", "environment": "dev", "extra": {"request_id": "614df5d741594a93b662dac1a4b9c035", "correlation_id": null, "user": null, "method": "POST", "path": "/api/v1/tools/admin_collection_create", "client_ip": "testclient"}}
{"timestamp": "2026-07-08T16:50:01.431Z", "event_type": "mcp_tool.mcp.tool.admin_collection_create", "actor": {"type": "service", "id": "configured:ac6fc16fd23f", "roles": [], "ip": "unknown"}, "action": "mcp.tool.admin_collection_create", "outcome": "success", "severity": "INFO", "correlation_id": "3bccbd1704a14be38ca68355430d8428", "trace_id": "3bccbd1704a14be38ca68355430d8428", "request_id": "3bccbd1704a14be38ca68355430d8428", "service": "unknown", "service_instance": "server0.viewdeck.com", "component": "unknown", "source_host": "server0.viewdeck.com", "source_process": "3733358", "source_application": "unknown", "process_id": "3733358", "environment": "dev", "target": {"type": "mcp_tool", "id": "admin_collection_create"}, "details": {"details": {"phase": "invoke", "profile": "default", "collection": "it1_20_jobs"}}}
{"timestamp": "2026-07-08T16:50:02.071751Z", "level": "INFO", "logger": "httpx", "message": "HTTP Request: GET https://chroma.cloud-dog.net/api/v2/tenants/default_tenant/databases/default_database/collections \"HTTP/1.1 200 OK\"", "correlation_id": "3bccbd1704a14be38ca68355430d8428", "service": "index-retriever-mcp-server", "service_instance": "server0.viewdeck.com", "environment": "dev"}
{"timestamp": "2026-07-08T16:50:02.895768Z", "level": "INFO", "logger": "httpx", "message": "HTTP Request: POST https://llm2.cloud-dog.net/api/embeddings \"HTTP/1.1 200 OK\"", "correlation_id": "3bccbd1704a14be38ca68355430d8428", "service": "index-retriever-mcp-server", "service_instance": "server0.viewdeck.com", "environment": "dev"}
{"timestamp": "2026-07-08T16:50:02.923524Z", "level": "INFO", "logger": "httpx", "message": "HTTP Request: POST https://chroma.cloud-dog.net/api/v2/tenants/default_tenant/databases/default_database/collections \"HTTP/1.1 200 OK\"", "correlation_id": "3bccbd1704a14be38ca68355430d8428", "service": "index-retriever-mcp-server", "service_instance": "server0.viewdeck.com", "environment": "dev"}
{"timestamp": "2026-07-08T16:50:02.946276Z", "level": "INFO", "logger": "cloud_dog_api_kit.request_logging", "message": "Request completed", "correlation_id": "3bccbd1704a14be38ca68355430d8428", "service": "index-retriever-mcp-server", "service_instance": "index-retriever-local", "environment": "dev", "extra": {"request_id": "614df5d741594a93b662dac1a4b9c035", "correlation_id": null, "user": null, "method": "POST", "path": "/api/v1/tools/admin_collection_create", "status_code": 200, "duration_ms": 1528.17, "client_ip": "testclient"}}
{"timestamp": "2026-07-08T16:50:02.956Z", "event_type": "http.create", "actor": {"type": "system", "id": "anonymous", "roles": [], "ip": "testclient", "user_agent": "testclient"}, "action": "create", "outcome": "success", "severity": "INFO", "correlation_id": "3bccbd1704a14be38ca68355430d8428", "trace_id": "3bccbd1704a14be38ca68355430d8428", "request_id": "3bccbd1704a14be38ca68355430d8428", "service": "index-retriever-mcp-server", "service_instance": "index-retriever-local", "component": "http", "source_host": "index-retriever-local", "source_process": "3733358", "source_application": "testclient", "process_id": "3733358", "environment": "dev", "source_address": "testclient:50000", "destination_address": "testserver:80", "target": {"type": "endpoint", "id": "/api/v1/tools/admin_collection_create", "name": "POST /api/v1/tools/admin_collection_create"}, "details": {"status_code": 200, "method": "POST", "client_ip": "testclient"}, "duration_ms": 1545}
{"timestamp": "2026-07-08T16:50:02.966651Z", "level": "INFO", "logger": "httpx", "message": "HTTP Request: POST http://testserver/api/v1/tools/admin_collection_create \"HTTP/1.1 200 OK\"", "correlation_id": "3bccbd1704a14be38ca68355430d8428", "service": "index-retriever-mcp-server", "service_instance": "index-retriever-local", "environment": "dev"}
{"timestamp": "2026-07-08T16:50:02.978091Z", "level": "INFO", "logger": "cloud_dog_api_kit.request_logging", "message": "Request started", "correlation_id": "3bccbd1704a14be38ca68355430d8428", "service": "index-retriever-mcp-server", "service_instance": "index-retriever-local", "environment": "dev", "extra": {"request_id": "20b9293ea3f04e5c8aa23a509cfed21c", "correlation_id": null, "user": null, "method": "POST", "path": "/api/v1/tools/ingest_text", "client_ip": "testclient"}}
{"timestamp": "2026-07-08T16:50:02.999Z", "event_type": "mcp_tool.mcp.tool.ingest_text", "actor": {"type": "service", "id": "configured:2530b9bc4759", "roles": [], "ip": "unknown"}, "action": "mcp.tool.ingest_text", "outcome": "success", "severity": "INFO", "correlation_id": "3bccbd1704a14be38ca68355430d8428", "trace_id": "3bccbd1704a14be38ca68355430d8428", "request_id": "3bccbd1704a14be38ca68355430d8428", "service": "unknown", "service_instance": "server0.viewdeck.com", "component": "unknown", "source_host": "server0.viewdeck.com", "source_process": "3733358", "source_application": "unknown", "process_id": "3733358", "environment": "dev", "target": {"type": "mcp_tool", "id": "ingest_text"}, "details": {"details": {"phase": "invoke", "profile": "default", "collection": "it1_20_jobs"}}}
{"timestamp": "2026-07-08T16:50:03.475736Z", "level": "INFO", "logger": "httpx", "message": "HTTP Request: POST https://llm2.cloud-dog.net/api/embeddings \"HTTP/1.1 200 OK\"", "correlation_id": "3bccbd1704a14be38ca68355430d8428", "service": "index-retriever-mcp-server", "service_instance": "server0.viewdeck.com", "environment": "dev"}
{"timestamp": "2026-07-08T16:50:04.143888Z", "level": "INFO", "logger": "httpx", "message": "HTTP Request: GET https://chroma.cloud-dog.net/api/v2/tenants/default_tenant/databases/default_database/collections \"HTTP/1.1 200 OK\"", "correlation_id": "3bccbd1704a14be38ca68355430d8428", "service": "index-retriever-mcp-server", "service_instance": "server0.viewdeck.com", "environment": "dev"}
{"timestamp": "2026-07-08T16:50:05.028748Z", "level": "INFO", "logger": "httpx", "message": "HTTP Request: POST https://chroma.cloud-dog.net/api/v2/tenants/default_tenant/databases/default_database/collections/d9e4bb73-1553-4146-ae6d-b034992d3f43/upsert \"HTTP/1.1 200 OK\"", "correlation_id": "3bccbd1704a14be38ca68355430d8428", "service": "index-retriever-mcp-server", "service_instance": "server0.viewdeck.com", "environment": "dev"}
{"timestamp": "2026-07-08T16:50:05.140210Z", "level": "INFO", "logger": "cloud_dog_api_kit.request_logging", "message": "Request completed", "correlation_id": "3bccbd1704a14be38ca68355430d8428", "service": "index-retriever-mcp-server", "service_instance": "index-retriever-local", "environment": "dev", "extra": {"request_id": "20b9293ea3f04e5c8aa23a509cfed21c", "correlation_id": null, "user": null, "method": "POST", "path": "/api/v1/tools/ingest_text", "status_code": 200, "duration_ms": 2153.83, "client_ip": "testclient"}}
{"timestamp": "2026-07-08T16:50:05.148Z", "event_type": "http.create", "actor": {"type": "system", "id": "anonymous", "roles": [], "ip": "testclient", "user_agent": "testclient"}, "action": "create", "outcome": "success", "severity": "INFO", "correlation_id": "3bccbd1704a14be38ca68355430d8428", "trace_id": "3bccbd1704a14be38ca68355430d8428", "request_id": "3bccbd1704a14be38ca68355430d8428", "service": "index-retriever-mcp-server", "service_instance": "index-retriever-local", "component": "http", "source_host": "index-retriever-local", "source_process": "3733358", "source_application": "testclient", "process_id": "3733358", "environment": "dev", "source_address": "testclient:50000", "destination_address": "testserver:80", "target": {"type": "endpoint", "id": "/api/v1/tools/ingest_text", "name": "POST /api/v1/tools/ingest_text"}, "details": {"status_code": 200, "method": "POST", "client_ip": "testclient"}, "duration_ms": 2171}
{"timestamp": "2026-07-08T16:50:05.160546Z", "level": "INFO", "logger": "httpx", "message": "HTTP Request: POST http://testserver/api/v1/tools/ingest_text \"HTTP/1.1 200 OK\"", "correlation_id": "3bccbd1704a14be38ca68355430d8428", "service": "index-retriever-mcp-server", "service_instance": "index-retriever-local", "environment": "dev"}
{"timestamp": "2026-07-08T16:50:05.172663Z", "level": "INFO", "logger": "cloud_dog_api_kit.request_logging", "message": "Request started", "correlation_id": "3bccbd1704a14be38ca68355430d8428", "service": "index-retriever-mcp-server", "service_instance": "index-retriever-local", "environment": "dev", "extra": {"request_id": "82ce8ecdfc2949f58b0b509b5e34c759", "correlation_id": null, "user": null, "method": "POST", "path": "/api/v1/tools/ingest_text", "client_ip": "testclient"}}
{"timestamp": "2026-07-08T16:50:05.190Z", "event_type": "mcp_tool.mcp.tool.ingest_text", "actor": {"type": "service", "id": "configured:ac6fc16fd23f", "roles": [], "ip": "unknown"}, "action": "mcp.tool.ingest_text", "outcome": "success", "severity": "INFO", "correlation_id": "3bccbd1704a14be38ca68355430d8428", "trace_id": "3bccbd1704a14be38ca68355430d8428", "request_id": "3bccbd1704a14be38ca68355430d8428", "service": "unknown", "service_instance": "server0.viewdeck.com", "component": "unknown", "source_host": "server0.viewdeck.com", "source_process": "3733358", "source_application": "unknown", "process_id": "3733358", "environment": "dev", "target": {"type": "mcp_tool", "id": "ingest_text"}, "details": {"details": {"phase": "invoke", "profile": "default", "collection": "it1_20_jobs"}}}
{"timestamp": "2026-07-08T16:50:05.624873Z", "level": "INFO", "logger": "httpx", "message": "HTTP Request: POST https://llm2.cloud-dog.net/api/embeddings \"HTTP/1.1 200 OK\"", "correlation_id": "3bccbd1704a14be38ca68355430d8428", "service": "index-retriever-mcp-server", "service_instance": "server0.viewdeck.com", "environment": "dev"}
{"timestamp": "2026-07-08T16:50:06.228451Z", "level": "INFO", "logger": "httpx", "message": "HTTP Request: GET https://chroma.cloud-dog.net/api/v2/tenants/default_tenant/databases/default_database/collections \"HTTP/1.1 200 OK\"", "correlation_id": "3bccbd1704a14be38ca68355430d8428", "service": "index-retriever-mcp-server", "service_instance": "server0.viewdeck.com", "environment": "dev"}
{"timestamp": "2026-07-08T16:50:06.998988Z", "level": "INFO", "logger": "httpx", "message": "HTTP Request: POST https://chroma.cloud-dog.net/api/v2/tenants/default_tenant/databases/default_database/collections/d9e4bb73-1553-4146-ae6d-b034992d3f43/upsert \"HTTP/1.1 200 OK\"", "correlation_id": "3bccbd1704a14be38ca68355430d8428", "service": "index-retriever-mcp-server", "service_instance": "server0.viewdeck.com", "environment": "dev"}
{"timestamp": "2026-07-08T16:50:07.103881Z", "level": "INFO", "logger": "cloud_dog_api_kit.request_logging", "message": "Request completed", "correlation_id": "3bccbd1704a14be38ca68355430d8428", "service": "index-retriever-mcp-server", "service_instance": "index-retriever-local", "environment": "dev", "extra": {"request_id": "82ce8ecdfc2949f58b0b509b5e34c759", "correlation_id": null, "user": null, "method": "POST", "path": "/api/v1/tools/ingest_text", "status_code": 200, "duration_ms": 1924.1, "client_ip": "testclient"}}
{"timestamp": "2026-07-08T16:50:07.112Z", "event_type": "http.create", "actor": {"type": "system", "id": "anonymous", "roles": [], "ip": "testclient", "user_agent": "testclient"}, "action": "create", "outcome": "success", "severity": "INFO", "correlation_id": "3bccbd1704a14be38ca68355430d8428", "trace_id": "3bccbd1704a14be38ca68355430d8428", "request_id": "3bccbd1704a14be38ca68355430d8428", "service": "index-retriever-mcp-server", "service_instance": "index-retriever-local", "component": "http", "source_host": "index-retriever-local", "source_process": "3733358", "source_application": "testclient", "process_id": "3733358", "environment": "dev", "source_address": "testclient:50000", "destination_address": "testserver:80", "target": {"type": "endpoint", "id": "/api/v1/tools/ingest_text", "name": "POST /api/v1/tools/ingest_text"}, "details": {"status_code": 200, "method": "POST", "client_ip": "testclient"}, "duration_ms": 1939}
{"timestamp": "2026-07-08T16:50:07.120525Z", "level": "INFO", "logger": "httpx", "message": "HTTP Request: POST http://testserver/api/v1/tools/ingest_text \"HTTP/1.1 200 OK\"", "correlation_id": "3bccbd1704a14be38ca68355430d8428", "service": "index-retriever-mcp-server", "service_instance": "index-retriever-local", "environment": "dev"}
{"timestamp": "2026-07-08T16:50:07.130558Z", "level": "INFO", "logger": "cloud_dog_api_kit.request_logging", "message": "Request started", "correlation_id": "3bccbd1704a14be38ca68355430d8428", "service": "index-retriever-mcp-server", "service_instance": "index-retriever-local", "environment": "dev", "extra": {"request_id": "d533384d5c824802b173e335b5944e5f", "correlation_id": null, "user": null, "method": "POST", "path": "/api/v1/tools/job_list", "client_ip": "testclient"}}
{"timestamp": "2026-07-08T16:50:07.151Z", "event_type": "mcp_tool.mcp.tool.job_list", "actor": {"type": "service", "id": "configured:ac6fc16fd23f", "roles": [], "ip": "unknown"}, "action": "mcp.tool.job_list", "outcome": "success", "severity": "INFO", "correlation_id": "3bccbd1704a14be38ca68355430d8428", "trace_id": "3bccbd1704a14be38ca68355430d8428", "request_id": "3bccbd1704a14be38ca68355430d8428", "service": "unknown", "service_instance": "server0.viewdeck.com", "component": "unknown", "source_host": "server0.viewdeck.com", "source_process": "3733358", "source_application": "unknown", "process_id": "3733358", "environment": "dev", "target": {"type": "mcp_tool", "id": "job_list"}, "details": {"details": {"phase": "invoke", "profile": null, "collection": null}}}
{"timestamp": "2026-07-08T16:50:07.211054Z", "level": "INFO", "logger": "cloud_dog_api_kit.request_logging", "message": "Request completed", "correlation_id": "3bccbd1704a14be38ca68355430d8428", "service": "index-retriever-mcp-server", "service_instance": "index-retriever-local", "environment": "dev", "extra": {"request_id": "d533384d5c824802b173e335b5944e5f", "correlation_id": null, "user": null, "method": "POST", "path": "/api/v1/tools/job_list", "status_code": 200, "duration_ms": 70.77, "client_ip": "testclient"}}
{"timestamp": "2026-07-08T16:50:07.219Z", "event_type": "http.create", "actor": {"type": "system", "id": "anonymous", "roles": [], "ip": "testclient", "user_agent": "testclient"}, "action": "create", "outcome": "success", "severity": "INFO", "correlation_id": "3bccbd1704a14be38ca68355430d8428", "trace_id": "3bccbd1704a14be38ca68355430d8428", "request_id": "3bccbd1704a14be38ca68355430d8428", "service": "index-retriever-mcp-server", "service_instance": "index-retriever-local", "component": "http", "source_host": "index-retriever-local", "source_process": "3733358", "source_application": "testclient", "process_id": "3733358", "environment": "dev", "source_address": "testclient:50000", "destination_address": "testserver:80", "target": {"type": "endpoint", "id": "/api/v1/tools/job_list", "name": "POST /api/v1/tools/job_list"}, "details": {"status_code": 200, "method": "POST", "client_ip": "testclient"}, "duration_ms": 89}
{"timestamp": "2026-07-08T16:50:07.227876Z", "level": "INFO", "logger": "httpx", "message": "HTTP Request: POST http://testserver/api/v1/tools/job_list \"HTTP/1.1 200 OK\"", "correlation_id": "3bccbd1704a14be38ca68355430d8428", "service": "index-retriever-mcp-server", "service_instance": "index-retriever-local", "environment": "dev"}
{"timestamp": "2026-07-08T16:50:07.240760Z", "level": "INFO", "logger": "cloud_dog_api_kit.request_logging", "message": "Request started", "correlation_id": "3bccbd1704a14be38ca68355430d8428", "service": "index-retriever-mcp-server", "service_instance": "index-retriever-local", "environment": "dev", "extra": {"request_id": "4444793b4d734e9c8e5b7e17b3067a2e", "correlation_id": null, "user": null, "method": "POST", "path": "/api/v1/tools/job_list", "client_ip": "testclient"}}
{"timestamp": "2026-07-08T16:50:07.258Z", "event_type": "mcp_tool.mcp.tool.job_list", "actor": {"type": "service", "id": "configured:2530b9bc4759", "roles": [], "ip": "unknown"}, "action": "mcp.tool.job_list", "outcome": "success", "severity": "INFO", "correlation_id": "3bccbd1704a14be38ca68355430d8428", "trace_id": "3bccbd1704a14be38ca68355430d8428", "request_id": "3bccbd1704a14be38ca68355430d8428", "service": "unknown", "service_instance": "server0.viewdeck.com", "component": "unknown", "source_host": "server0.viewdeck.com", "source_process": "3733358", "source_application": "unknown", "process_id": "3733358", "environment": "dev", "target": {"type": "mcp_tool", "id": "job_list"}, "details": {"details": {"phase": "invoke", "profile": null, "collection": null}}}
{"timestamp": "2026-07-08T16:50:07.302225Z", "level": "INFO", "logger": "cloud_dog_api_kit.request_logging", "message": "Request completed", "correlation_id": "3bccbd1704a14be38ca68355430d8428", "service": "index-retriever-mcp-server", "service_instance": "index-retriever-local", "environment": "dev", "extra": {"request_id": "4444793b4d734e9c8e5b7e17b3067a2e", "correlation_id": null, "user": null, "method": "POST", "path": "/api/v1/tools/job_list", "status_code": 200, "duration_ms": 53.13, "client_ip": "testclient"}}
{"timestamp": "2026-07-08T16:50:07.310Z", "event_type": "http.create", "actor": {"type": "system", "id": "anonymous", "roles": [], "ip": "testclient", "user_agent": "testclient"}, "action": "create", "outcome": "success", "severity": "INFO", "correlation_id": "3bccbd1704a14be38ca68355430d8428", "trace_id": "3bccbd1704a14be38ca68355430d8428", "request_id": "3bccbd1704a14be38ca68355430d8428", "service": "index-retriever-mcp-server", "service_instance": "index-retriever-local", "component": "http", "source_host": "index-retriever-local", "source_process": "3733358", "source_application": "testclient", "process_id": "3733358", "environment": "dev", "source_address": "testclient:50000", "destination_address": "testserver:80", "target": {"type": "endpoint", "id": "/api/v1/tools/job_list", "name": "POST /api/v1/tools/job_list"}, "details": {"status_code": 200, "method": "POST", "client_ip": "testclient"}, "duration_ms": 70}
{"timestamp": "2026-07-08T16:50:07.320288Z", "level": "INFO", "logger": "httpx", "message": "HTTP Request: POST http://testserver/api/v1/tools/job_list \"HTTP/1.1 200 OK\"", "correlation_id": "3bccbd1704a14be38ca68355430d8428", "service": "index-retriever-mcp-server", "service_instance": "index-retriever-local", "environment": "dev"}
{"timestamp": "2026-07-08T16:50:07.332534Z", "level": "INFO", "logger": "cloud_dog_api_kit.request_logging", "message": "Request started", "correlation_id": "3bccbd1704a14be38ca68355430d8428", "service": "index-retriever-mcp-server", "service_instance": "index-retriever-local", "environment": "dev", "extra": {"request_id": "5b511ba317d4492185a301cf97cf85a0", "correlation_id": null, "user": null, "method": "POST", "path": "/api/v1/tools/job_get", "client_ip": "testclient"}}
{"timestamp": "2026-07-08T16:50:07.352Z", "event_type": "mcp_tool.mcp.tool.job_get", "actor": {"type": "service", "id": "configured:2530b9bc4759", "roles": [], "ip": "unknown"}, "action": "mcp.tool.job_get", "outcome": "success", "severity": "INFO", "correlation_id": "3bccbd1704a14be38ca68355430d8428", "trace_id": "3bccbd1704a14be38ca68355430d8428", "request_id": "3bccbd1704a14be38ca68355430d8428", "service": "unknown", "service_instance": "server0.viewdeck.com", "component": "unknown", "source_host": "server0.viewdeck.com", "source_process": "3733358", "source_application": "unknown", "process_id": "3733358", "environment": "dev", "target": {"type": "mcp_tool", "id": "job_get"}, "details": {"details": {"phase": "invoke", "profile": null, "collection": null}}}
{"timestamp": "2026-07-08T16:50:07.365713Z", "level": "INFO", "logger": "cloud_dog_api_kit.request_logging", "message": "Request completed", "correlation_id": "3bccbd1704a14be38ca68355430d8428", "service": "index-retriever-mcp-server", "service_instance": "index-retriever-local", "environment": "dev", "extra": {"request_id": "5b511ba317d4492185a301cf97cf85a0", "correlation_id": null, "user": null, "method": "POST", "path": "/api/v1/tools/job_get", "status_code": 403, "duration_ms": 25.46, "client_ip": "testclient"}}
{"timestamp": "2026-07-08T16:50:07.375Z", "event_type": "http.create", "actor": {"type": "system", "id": "anonymous", "roles": [], "ip": "testclient", "user_agent": "testclient"}, "action": "create", "outcome": "denied", "severity": "ERROR", "correlation_id": "3bccbd1704a14be38ca68355430d8428", "trace_id": "3bccbd1704a14be38ca68355430d8428", "request_id": "3bccbd1704a14be38ca68355430d8428", "service": "index-retriever-mcp-server", "service_instance": "index-retriever-local", "component": "http", "source_host": "index-retriever-local", "source_process": "3733358", "source_application": "testclient", "process_id": "3733358", "environment": "dev", "source_address": "testclient:50000", "destination_address": "testserver:80", "target": {"type": "endpoint", "id": "/api/v1/tools/job_get", "name": "POST /api/v1/tools/job_get"}, "details": {"status_code": 403, "method": "POST", "client_ip": "testclient"}, "duration_ms": 43}
{"timestamp": "2026-07-08T16:50:07.387770Z", "level": "INFO", "logger": "httpx", "message": "HTTP Request: POST http://testserver/api/v1/tools/job_get \"HTTP/1.1 403 Forbidden\"", "correlation_id": "3bccbd1704a14be38ca68355430d8428", "service": "index-retriever-mcp-server", "service_instance": "index-retriever-local", "environment": "dev"}
{"timestamp": "2026-07-08T16:50:07.397696Z", "level": "INFO", "logger": "cloud_dog_api_kit.request_logging", "message": "Request started", "correlation_id": "3bccbd1704a14be38ca68355430d8428", "service": "index-retriever-mcp-server", "service_instance": "index-retriever-local", "environment": "dev", "extra": {"request_id": "33ac28ef13674c7cb09a9d6a938107fd", "correlation_id": null, "user": null, "method": "POST", "path": "/api/v1/tools/job_cancel", "client_ip": "testclient"}}
{"timestamp": "2026-07-08T16:50:07.415Z", "event_type": "mcp_tool.mcp.tool.job_cancel", "actor": {"type": "service", "id": "configured:2530b9bc4759", "roles": [], "ip": "unknown"}, "action": "mcp.tool.job_cancel", "outcome": "success", "severity": "INFO", "correlation_id": "3bccbd1704a14be38ca68355430d8428", "trace_id": "3bccbd1704a14be38ca68355430d8428", "request_id": "3bccbd1704a14be38ca68355430d8428", "service": "unknown", "service_instance": "server0.viewdeck.com", "component": "unknown", "source_host": "server0.viewdeck.com", "source_process": "3733358", "source_application": "unknown", "process_id": "3733358", "environment": "dev", "target": {"type": "mcp_tool", "id": "job_cancel"}, "details": {"details": {"phase": "invoke", "profile": null, "collection": null}}}
{"timestamp": "2026-07-08T16:50:07.428010Z", "level": "INFO", "logger": "cloud_dog_api_kit.request_logging", "message": "Request completed", "correlation_id": "3bccbd1704a14be38ca68355430d8428", "service": "index-retriever-mcp-server", "service_instance": "index-retriever-local", "environment": "dev", "extra": {"request_id": "33ac28ef13674c7cb09a9d6a938107fd", "correlation_id": null, "user": null, "method": "POST", "path": "/api/v1/tools/job_cancel", "status_code": 403, "duration_ms": 23.3, "client_ip": "testclient"}}
{"timestamp": "2026-07-08T16:50:07.438Z", "event_type": "http.create", "actor": {"type": "system", "id": "anonymous", "roles": [], "ip": "testclient", "user_agent": "testclient"}, "action": "create", "outcome": "denied", "severity": "ERROR", "correlation_id": "3bccbd1704a14be38ca68355430d8428", "trace_id": "3bccbd1704a14be38ca68355430d8428", "request_id": "3bccbd1704a14be38ca68355430d8428", "service": "index-retriever-mcp-server", "service_instance": "index-retriever-local", "component": "http", "source_host": "index-retriever-local", "source_process": "3733358", "source_application": "testclient", "process_id": "3733358", "environment": "dev", "source_address": "testclient:50000", "destination_address": "testserver:80", "target": {"type": "endpoint", "id": "/api/v1/tools/job_cancel", "name": "POST /api/v1/tools/job_cancel"}, "details": {"status_code": 403, "method": "POST", "client_ip": "testclient"}, "duration_ms": 41}
{"timestamp": "2026-07-08T16:50:07.449027Z", "level": "INFO", "logger": "httpx", "message": "HTTP Request: POST http://testserver/api/v1/tools/job_cancel \"HTTP/1.1 403 Forbidden\"", "correlation_id": "3bccbd1704a14be38ca68355430d8428", "service": "index-retriever-mcp-server", "service_instance": "index-retriever-local", "environment": "dev"}
{"timestamp": "2026-07-08T16:50:07.460843Z", "level": "INFO", "logger": "cloud_dog_api_kit.request_logging", "message": "Request started", "correlation_id": "3bccbd1704a14be38ca68355430d8428", "service": "index-retriever-mcp-server", "service_instance": "index-retriever-local", "environment": "dev", "extra": {"request_id": "691b51be31364199aa845a07a9fab401", "correlation_id": null, "user": null, "method": "POST", "path": "/api/v1/tools/job_list", "client_ip": "testclient"}}
{"timestamp": "2026-07-08T16:50:07.478Z", "event_type": "mcp_tool.mcp.tool.job_list", "actor": {"type": "service", "id": "configured:ac6fc16fd23f", "roles": [], "ip": "unknown"}, "action": "mcp.tool.job_list", "outcome": "success", "severity": "INFO", "correlation_id": "3bccbd1704a14be38ca68355430d8428", "trace_id": "3bccbd1704a14be38ca68355430d8428", "request_id": "3bccbd1704a14be38ca68355430d8428", "service": "unknown", "service_instance": "server0.viewdeck.com", "component": "unknown", "source_host": "server0.viewdeck.com", "source_process": "3733358", "source_application": "unknown", "process_id": "3733358", "environment": "dev", "target": {"type": "mcp_tool", "id": "job_list"}, "details": {"details": {"phase": "invoke", "profile": null, "collection": null}}}
{"timestamp": "2026-07-08T16:50:07.525700Z", "level": "INFO", "logger": "cloud_dog_api_kit.request_logging", "message": "Request completed", "correlation_id": "3bccbd1704a14be38ca68355430d8428", "service": "index-retriever-mcp-server", "service_instance": "index-retriever-local", "environment": "dev", "extra": {"request_id": "691b51be31364199aa845a07a9fab401", "correlation_id": null, "user": null, "method": "POST", "path": "/api/v1/tools/job_list", "status_code": 200, "duration_ms": 58.2, "client_ip": "testclient"}}
{"timestamp": "2026-07-08T16:50:07.535Z", "event_type": "http.create", "actor": {"type": "system", "id": "anonymous", "roles": [], "ip": "testclient", "user_agent": "testclient"}, "action": "create", "outcome": "success", "severity": "INFO", "correlation_id": "3bccbd1704a14be38ca68355430d8428", "trace_id": "3bccbd1704a14be38ca68355430d8428", "request_id": "3bccbd1704a14be38ca68355430d8428", "service": "index-retriever-mcp-server", "service_instance": "index-retriever-local", "component": "http", "source_host": "index-retriever-local", "source_process": "3733358", "source_application": "testclient", "process_id": "3733358", "environment": "dev", "source_address": "testclient:50000", "destination_address": "testserver:80", "target": {"type": "endpoint", "id": "/api/v1/tools/job_list", "name": "POST /api/v1/tools/job_list"}, "details": {"status_code": 200, "method": "POST", "client_ip": "testclient"}, "duration_ms": 75}
{"timestamp": "2026-07-08T16:50:07.544690Z", "level": "INFO", "logger": "httpx", "message": "HTTP Request: POST http://testserver/api/v1/tools/job_list \"HTTP/1.1 200 OK\"", "correlation_id": "3bccbd1704a14be38ca68355430d8428", "service": "index-retriever-mcp-server", "service_instance": "index-retriever-local", "environment": "dev"}
{"timestamp": "2026-07-08T16:50:07.554504Z", "level": "INFO", "logger": "cloud_dog_api_kit.request_logging", "message": "Request started", "correlation_id": "3bccbd1704a14be38ca68355430d8428", "service": "index-retriever-mcp-server", "service_instance": "index-retriever-local", "environment": "dev", "extra": {"request_id": "34b6545f066541ed8a1fdb0042688be4", "correlation_id": null, "user": null, "method": "POST", "path": "/api/v1/tools/job_cancel", "client_ip": "testclient"}}
{"timestamp": "2026-07-08T16:50:07.571Z", "event_type": "mcp_tool.mcp.tool.job_cancel", "actor": {"type": "service", "id": "configured:ac6fc16fd23f", "roles": [], "ip": "unknown"}, "action": "mcp.tool.job_cancel", "outcome": "success", "severity": "INFO", "correlation_id": "3bccbd1704a14be38ca68355430d8428", "trace_id": "3bccbd1704a14be38ca68355430d8428", "request_id": "3bccbd1704a14be38ca68355430d8428", "service": "unknown", "service_instance": "server0.viewdeck.com", "component": "unknown", "source_host": "server0.viewdeck.com", "source_process": "3733358", "source_application": "unknown", "process_id": "3733358", "environment": "dev", "target": {"type": "mcp_tool", "id": "job_cancel"}, "details": {"details": {"phase": "invoke", "profile": null, "collection": null}}}
{"timestamp": "2026-07-08T16:50:07.598612Z", "level": "INFO", "logger": "cloud_dog_api_kit.request_logging", "message": "Request completed", "correlation_id": "3bccbd1704a14be38ca68355430d8428", "service": "index-retriever-mcp-server", "service_instance": "index-retriever-local", "environment": "dev", "extra": {"request_id": "34b6545f066541ed8a1fdb0042688be4", "correlation_id": null, "user": null, "method": "POST", "path": "/api/v1/tools/job_cancel", "status_code": 200, "duration_ms": 37.75, "client_ip": "testclient"}}
{"timestamp": "2026-07-08T16:50:07.606Z", "event_type": "http.create", "actor": {"type": "system", "id": "anonymous", "roles": [], "ip": "testclient", "user_agent": "testclient"}, "action": "create", "outcome": "success", "severity": "INFO", "correlation_id": "3bccbd1704a14be38ca68355430d8428", "trace_id": "3bccbd1704a14be38ca68355430d8428", "request_id": "3bccbd1704a14be38ca68355430d8428", "service": "index-retriever-mcp-server", "service_instance": "index-retriever-local", "component": "http", "source_host": "index-retriever-local", "source_process": "3733358", "source_application": "testclient", "process_id": "3733358", "environment": "dev", "source_address": "testclient:50000", "destination_address": "testserver:80", "target": {"type": "endpoint", "id": "/api/v1/tools/job_cancel", "name": "POST /api/v1/tools/job_cancel"}, "details": {"status_code": 200, "method": "POST", "client_ip": "testclient"}, "duration_ms": 52}
{"timestamp": "2026-07-08T16:50:07.614814Z", "level": "INFO", "logger": "httpx", "message": "HTTP Request: POST http://testserver/api/v1/tools/job_cancel \"HTTP/1.1 200 OK\"", "correlation_id": "3bccbd1704a14be38ca68355430d8428", "service": "index-retriever-mcp-server", "service_instance": "index-retriever-local", "environment": "dev"}
{"timestamp": "2026-07-08T16:50:07.623503Z", "level": "INFO", "logger": "cloud_dog_api_kit.request_logging", "message": "Request started", "correlation_id": "3bccbd1704a14be38ca68355430d8428", "service": "index-retriever-mcp-server", "service_instance": "index-retriever-local", "environment": "dev", "extra": {"request_id": "1b7cfc7742e34f859d785aaedfc66fe4", "correlation_id": null, "user": null, "method": "POST", "path": "/api/v1/tools/job_get", "client_ip": "testclient"}}
{"timestamp": "2026-07-08T16:50:07.643Z", "event_type": "mcp_tool.mcp.tool.job_get", "actor": {"type": "service", "id": "configured:ac6fc16fd23f", "roles": [], "ip": "unknown"}, "action": "mcp.tool.job_get", "outcome": "success", "severity": "INFO", "correlation_id": "3bccbd1704a14be38ca68355430d8428", "trace_id": "3bccbd1704a14be38ca68355430d8428", "request_id": "3bccbd1704a14be38ca68355430d8428", "service": "unknown", "service_instance": "server0.viewdeck.com", "component": "unknown", "source_host": "server0.viewdeck.com", "source_process": "3733358", "source_application": "unknown", "process_id": "3733358", "environment": "dev", "target": {"type": "mcp_tool", "id": "job_get"}, "details": {"details": {"phase": "invoke", "profile": null, "collection": null}}}
{"timestamp": "2026-07-08T16:50:07.656711Z", "level": "INFO", "logger": "cloud_dog_api_kit.request_logging", "message": "Request completed", "correlation_id": "3bccbd1704a14be38ca68355430d8428", "service": "index-retriever-mcp-server", "service_instance": "index-retriever-local", "environment": "dev", "extra": {"request_id": "1b7cfc7742e34f859d785aaedfc66fe4", "correlation_id": null, "user": null, "method": "POST", "path": "/api/v1/tools/job_get", "status_code": 200, "duration_ms": 26.7, "client_ip": "testclient"}}
{"timestamp": "2026-07-08T16:50:07.664Z", "event_type": "http.create", "actor": {"type": "system", "id": "anonymous", "roles": [], "ip": "testclient", "user_agent": "testclient"}, "action": "create", "outcome": "success", "severity": "INFO", "correlation_id": "3bccbd1704a14be38ca68355430d8428", "trace_id": "3bccbd1704a14be38ca68355430d8428", "request_id": "3bccbd1704a14be38ca68355430d8428", "service": "index-retriever-mcp-server", "service_instance": "index-retriever-local", "component": "http", "source_host": "index-retriever-local", "source_process": "3733358", "source_application": "testclient", "process_id": "3733358", "environment": "dev", "source_address": "testclient:50000", "destination_address": "testserver:80", "target": {"type": "endpoint", "id": "/api/v1/tools/job_get", "name": "POST /api/v1/tools/job_get"}, "details": {"status_code": 200, "method": "POST", "client_ip": "testclient"}, "duration_ms": 41}
{"timestamp": "2026-07-08T16:50:07.672391Z", "level": "INFO", "logger": "httpx", "message": "HTTP Request: POST http://testserver/api/v1/tools/job_get \"HTTP/1.1 200 OK\"", "correlation_id": "3bccbd1704a14be38ca68355430d8428", "service": "index-retriever-mcp-server", "service_instance": "index-retriever-local", "environment": "dev"}
{"timestamp": "2026-07-08T16:50:07.681096Z", "level": "INFO", "logger": "cloud_dog_api_kit.request_logging", "message": "Request started", "correlation_id": "3bccbd1704a14be38ca68355430d8428", "service": "index-retriever-mcp-server", "service_instance": "index-retriever-local", "environment": "dev", "extra": {"request_id": "80c4063ad1d64ef98dd3c2d670bf5101", "correlation_id": null, "user": null, "method": "POST", "path": "/api/v1/tools/job_delete", "client_ip": "testclient"}}
{"timestamp": "2026-07-08T16:50:07.703Z", "event_type": "mcp_tool.mcp.tool.job_delete", "actor": {"type": "service", "id": "configured:ac6fc16fd23f", "roles": [], "ip": "unknown"}, "action": "mcp.tool.job_delete", "outcome": "success", "severity": "INFO", "correlation_id": "3bccbd1704a14be38ca68355430d8428", "trace_id": "3bccbd1704a14be38ca68355430d8428", "request_id": "3bccbd1704a14be38ca68355430d8428", "service": "unknown", "service_instance": "server0.viewdeck.com", "component": "unknown", "source_host": "server0.viewdeck.com", "source_process": "3733358", "source_application": "unknown", "process_id": "3733358", "environment": "dev", "target": {"type": "mcp_tool", "id": "job_delete"}, "details": {"details": {"phase": "invoke", "profile": null, "collection": null}}}
{"timestamp": "2026-07-08T16:50:07.737566Z", "level": "INFO", "logger": "cloud_dog_api_kit.request_logging", "message": "Request completed", "correlation_id": "3bccbd1704a14be38ca68355430d8428", "service": "index-retriever-mcp-server", "service_instance": "index-retriever-local", "environment": "dev", "extra": {"request_id": "80c4063ad1d64ef98dd3c2d670bf5101", "correlation_id": null, "user": null, "method": "POST", "path": "/api/v1/tools/job_delete", "status_code": 200, "duration_ms": 47.94, "client_ip": "testclient"}}
{"timestamp": "2026-07-08T16:50:07.748Z", "event_type": "http.create", "actor": {"type": "system", "id": "anonymous", "roles": [], "ip": "testclient", "user_agent": "testclient"}, "action": "create", "outcome": "success", "severity": "INFO", "correlation_id": "3bccbd1704a14be38ca68355430d8428", "trace_id": "3bccbd1704a14be38ca68355430d8428", "request_id": "3bccbd1704a14be38ca68355430d8428", "service": "index-retriever-mcp-server", "service_instance": "index-retriever-local", "component": "http", "source_host": "index-retriever-local", "source_process": "3733358", "source_application": "testclient", "process_id": "3733358", "environment": "dev", "source_address": "testclient:50000", "destination_address": "testserver:80", "target": {"type": "endpoint", "id": "/api/v1/tools/job_delete", "name": "POST /api/v1/tools/job_delete"}, "details": {"status_code": 200, "method": "POST", "client_ip": "testclient"}, "duration_ms": 67}
{"timestamp": "2026-07-08T16:50:07.757800Z", "level": "INFO", "logger": "httpx", "message": "HTTP Request: POST http://testserver/api/v1/tools/job_delete \"HTTP/1.1 200 OK\"", "correlation_id": "3bccbd1704a14be38ca68355430d8428", "service": "index-retriever-mcp-server", "service_instance": "index-retriever-local", "environment": "dev"}
{"timestamp": "2026-07-08T16:50:07.766665Z", "level": "INFO", "logger": "cloud_dog_api_kit.request_logging", "message": "Request started", "correlation_id": "3bccbd1704a14be38ca68355430d8428", "service": "index-retriever-mcp-server", "service_instance": "index-retriever-local", "environment": "dev", "extra": {"request_id": "97bccf1f2cac4ba5a98a4b8ca64b8a42", "correlation_id": null, "user": null, "method": "POST", "path": "/api/v1/tools/job_list", "client_ip": "testclient"}}
{"timestamp": "2026-07-08T16:50:07.784Z", "event_type": "mcp_tool.mcp.tool.job_list", "actor": {"type": "service", "id": "configured:ac6fc16fd23f", "roles": [], "ip": "unknown"}, "action": "mcp.tool.job_list", "outcome": "success", "severity": "INFO", "correlation_id": "3bccbd1704a14be38ca68355430d8428", "trace_id": "3bccbd1704a14be38ca68355430d8428", "request_id": "3bccbd1704a14be38ca68355430d8428", "service": "unknown", "service_instance": "server0.viewdeck.com", "component": "unknown", "source_host": "server0.viewdeck.com", "source_process": "3733358", "source_application": "unknown", "process_id": "3733358", "environment": "dev", "target": {"type": "mcp_tool", "id": "job_list"}, "details": {"details": {"phase": "invoke", "profile": null, "collection": null}}}
{"timestamp": "2026-07-08T16:50:07.829206Z", "level": "INFO", "logger": "cloud_dog_api_kit.request_logging", "message": "Request completed", "correlation_id": "3bccbd1704a14be38ca68355430d8428", "service": "index-retriever-mcp-server", "service_instance": "index-retriever-local", "environment": "dev", "extra": {"request_id": "97bccf1f2cac4ba5a98a4b8ca64b8a42", "correlation_id": null, "user": null, "method": "POST", "path": "/api/v1/tools/job_list", "status_code": 200, "duration_ms": 55.93, "client_ip": "testclient"}}
{"timestamp": "2026-07-08T16:50:07.838Z", "event_type": "http.create", "actor": {"type": "system", "id": "anonymous", "roles": [], "ip": "testclient", "user_agent": "testclient"}, "action": "create", "outcome": "success", "severity": "INFO", "correlation_id": "3bccbd1704a14be38ca68355430d8428", "trace_id": "3bccbd1704a14be38ca68355430d8428", "request_id": "3bccbd1704a14be38ca68355430d8428", "service": "index-retriever-mcp-server", "service_instance": "index-retriever-local", "component": "http", "source_host": "index-retriever-local", "source_process": "3733358", "source_application": "testclient", "process_id": "3733358", "environment": "dev", "source_address": "testclient:50000", "destination_address": "testserver:80", "target": {"type": "endpoint", "id": "/api/v1/tools/job_list", "name": "POST /api/v1/tools/job_list"}, "details": {"status_code": 200, "method": "POST", "client_ip": "testclient"}, "duration_ms": 72}
{"timestamp": "2026-07-08T16:50:07.848037Z", "level": "INFO", "logger": "httpx", "message": "HTTP Request: POST http://testserver/api/v1/tools/job_list \"HTTP/1.1 200 OK\"", "correlation_id": "3bccbd1704a14be38ca68355430d8428", "service": "index-retriever-mcp-server", "service_instance": "index-retriever-local", "environment": "dev"}
{"timestamp": "2026-07-08T16:50:18.788852Z", "level": "INFO", "logger": "cloud_dog_api_kit.request_logging", "message": "Request started", "correlation_id": "3bccbd1704a14be38ca68355430d8428", "service": "index-retriever-mcp-server", "service_instance": "server0.viewdeck.com", "environment": "dev", "extra": {"request_id": "6239f1ed5187416191a38d8dbf2fa649", "correlation_id": null, "user": null, "method": "POST", "path": "/api/v1/tools/job_list", "client_ip": "testclient"}}
{"timestamp": "2026-07-08T16:50:18.805Z", "event_type": "mcp_tool.mcp.tool.job_list", "actor": {"type": "service", "id": "configured:ac6fc16fd23f", "roles": [], "ip": "unknown"}, "action": "mcp.tool.job_list", "outcome": "success", "severity": "INFO", "correlation_id": "3bccbd1704a14be38ca68355430d8428", "trace_id": "3bccbd1704a14be38ca68355430d8428", "request_id": "3bccbd1704a14be38ca68355430d8428", "service": "unknown", "service_instance": "server0.viewdeck.com", "component": "unknown", "source_host": "server0.viewdeck.com", "source_process": "3733358", "source_application": "unknown", "process_id": "3733358", "environment": "dev", "target": {"type": "mcp_tool", "id": "job_list"}, "details": {"details": {"phase": "invoke", "profile": null, "collection": null}}}
{"timestamp": "2026-07-08T16:50:18.852293Z", "level": "INFO", "logger": "cloud_dog_api_kit.request_logging", "message": "Request completed", "correlation_id": "3bccbd1704a14be38ca68355430d8428", "service": "index-retriever-mcp-server", "service_instance": "server0.viewdeck.com", "environment": "dev", "extra": {"request_id": "6239f1ed5187416191a38d8dbf2fa649", "correlation_id": null, "user": null, "method": "POST", "path": "/api/v1/tools/job_list", "status_code": 200, "duration_ms": 56.88, "client_ip": "testclient"}}
{"timestamp": "2026-07-08T16:50:18.861Z", "event_type": "http.create", "actor": {"type": "system", "id": "anonymous", "roles": [], "ip": "testclient", "user_agent": "testclient"}, "action": "create", "outcome": "success", "severity": "INFO", "correlation_id": "3bccbd1704a14be38ca68355430d8428", "trace_id": "3bccbd1704a14be38ca68355430d8428", "request_id": "3bccbd1704a14be38ca68355430d8428", "service": "index-retriever-mcp-server", "service_instance": "server0.viewdeck.com", "component": "http", "source_host": "server0.viewdeck.com", "source_process": "3733358", "source_application": "testclient", "process_id": "3733358", "environment": "dev", "source_address": "testclient:50000", "destination_address": "testserver:80", "target": {"type": "endpoint", "id": "/api/v1/tools/job_list", "name": "POST /api/v1/tools/job_list"}, "details": {"status_code": 200, "method": "POST", "client_ip": "testclient"}, "duration_ms": 72}
{"timestamp": "2026-07-08T16:50:18.871349Z", "level": "INFO", "logger": "httpx", "message": "HTTP Request: POST http://testserver/api/v1/tools/job_list \"HTTP/1.1 200 OK\"", "correlation_id": "3bccbd1704a14be38ca68355430d8428", "service": "index-retriever-mcp-server", "service_instance": "server0.viewdeck.com", "environment": "dev"}
{"timestamp": "2026-07-08T16:50:18.880652Z", "level": "INFO", "logger": "cloud_dog_api_kit.request_logging", "message": "Request started", "correlation_id": "3bccbd1704a14be38ca68355430d8428", "service": "index-retriever-mcp-server", "service_instance": "server0.viewdeck.com", "environment": "dev", "extra": {"request_id": "51860e4fd4da4ac88859116b73a12bdd", "correlation_id": null, "user": null, "method": "POST", "path": "/api/v1/tools/job_retry", "client_ip": "testclient"}}
{"timestamp": "2026-07-08T16:50:18.897Z", "event_type": "mcp_tool.mcp.tool.job_retry", "actor": {"type": "service", "id": "configured:ac6fc16fd23f", "roles": [], "ip": "unknown"}, "action": "mcp.tool.job_retry", "outcome": "success", "severity": "INFO", "correlation_id": "3bccbd1704a14be38ca68355430d8428", "trace_id": "3bccbd1704a14be38ca68355430d8428", "request_id": "3bccbd1704a14be38ca68355430d8428", "service": "unknown", "service_instance": "server0.viewdeck.com", "component": "unknown", "source_host": "server0.viewdeck.com", "source_process": "3733358", "source_application": "unknown", "process_id": "3733358", "environment": "dev", "target": {"type": "mcp_tool", "id": "job_retry"}, "details": {"details": {"phase": "invoke", "profile": null, "collection": null}}}
{"timestamp": "2026-07-08T16:50:19.280763Z", "level": "INFO", "logger": "httpx", "message": "HTTP Request: POST https://llm2.cloud-dog.net/api/embeddings \"HTTP/1.1 200 OK\"", "correlation_id": "3bccbd1704a14be38ca68355430d8428", "service": "index-retriever-mcp-server", "service_instance": "server0.viewdeck.com", "environment": "dev"}
{"timestamp": "2026-07-08T16:50:19.968547Z", "level": "INFO", "logger": "httpx", "message": "HTTP Request: GET https://chroma.cloud-dog.net/api/v2/tenants/default_tenant/databases/default_database/collections \"HTTP/1.1 200 OK\"", "correlation_id": "3bccbd1704a14be38ca68355430d8428", "service": "index-retriever-mcp-server", "service_instance": "server0.viewdeck.com", "environment": "dev"}
{"timestamp": "2026-07-08T16:50:20.736178Z", "level": "INFO", "logger": "httpx", "message": "HTTP Request: POST https://chroma.cloud-dog.net/api/v2/tenants/default_tenant/databases/default_database/collections/d9e4bb73-1553-4146-ae6d-b034992d3f43/upsert \"HTTP/1.1 200 OK\"", "correlation_id": "3bccbd1704a14be38ca68355430d8428", "service": "index-retriever-mcp-server", "service_instance": "server0.viewdeck.com", "environment": "dev"}
{"timestamp": "2026-07-08T16:50:20.848397Z", "level": "INFO", "logger": "cloud_dog_api_kit.request_logging", "message": "Request completed", "correlation_id": "3bccbd1704a14be38ca68355430d8428", "service": "index-retriever-mcp-server", "service_instance": "server0.viewdeck.com", "environment": "dev", "extra": {"request_id": "51860e4fd4da4ac88859116b73a12bdd", "correlation_id": null, "user": null, "method": "POST", "path": "/api/v1/tools/job_retry", "status_code": 200, "duration_ms": 1961.45, "client_ip": "testclient"}}
{"timestamp": "2026-07-08T16:50:20.858Z", "event_type": "http.create", "actor": {"type": "system", "id": "anonymous", "roles": [], "ip": "testclient", "user_agent": "testclient"}, "action": "create", "outcome": "success", "severity": "INFO", "correlation_id": "3bccbd1704a14be38ca68355430d8428", "trace_id": "3bccbd1704a14be38ca68355430d8428", "request_id": "3bccbd1704a14be38ca68355430d8428", "service": "index-retriever-mcp-server", "service_instance": "server0.viewdeck.com", "component": "http", "source_host": "server0.viewdeck.com", "source_process": "3733358", "source_application": "testclient", "process_id": "3733358", "environment": "dev", "source_address": "testclient:50000", "destination_address": "testserver:80", "target": {"type": "endpoint", "id": "/api/v1/tools/job_retry", "name": "POST /api/v1/tools/job_retry"}, "details": {"status_code": 200, "method": "POST", "client_ip": "testclient"}, "duration_ms": 1978}
{"timestamp": "2026-07-08T16:50:20.868957Z", "level": "INFO", "logger": "httpx", "message": "HTTP Request: POST http://testserver/api/v1/tools/job_retry \"HTTP/1.1 200 OK\"", "correlation_id": "3bccbd1704a14be38ca68355430d8428", "service": "index-retriever-mcp-server", "service_instance": "server0.viewdeck.com", "environment": "dev"}
{"timestamp": "2026-07-08T16:50:31.772762Z", "level": "INFO", "logger": "cloud_dog_api_kit.request_logging", "message": "Request started", "correlation_id": "3bccbd1704a14be38ca68355430d8428", "service": "index-retriever-mcp-server", "service_instance": "server0.viewdeck.com", "environment": "dev", "extra": {"request_id": "bd9fffb7090e4761a05f1f931aae18fb", "correlation_id": null, "user": null, "method": "POST", "path": "/api/v1/tools/job_retry", "client_ip": "testclient"}}
{"timestamp": "2026-07-08T16:50:31.788Z", "event_type": "mcp_tool.mcp.tool.job_retry", "actor": {"type": "service", "id": "configured:2530b9bc4759", "roles": [], "ip": "unknown"}, "action": "mcp.tool.job_retry", "outcome": "success", "severity": "INFO", "correlation_id": "3bccbd1704a14be38ca68355430d8428", "trace_id": "3bccbd1704a14be38ca68355430d8428", "request_id": "3bccbd1704a14be38ca68355430d8428", "service": "unknown", "service_instance": "server0.viewdeck.com", "component": "unknown", "source_host": "server0.viewdeck.com", "source_process": "3733358", "source_application": "unknown", "process_id": "3733358", "environment": "dev", "target": {"type": "mcp_tool", "id": "job_retry"}, "details": {"details": {"phase": "invoke", "profile": null, "collection": null}}}
{"timestamp": "2026-07-08T16:50:32.151246Z", "level": "INFO", "logger": "httpx", "message": "HTTP Request: POST https://llm2.cloud-dog.net/api/embeddings \"HTTP/1.1 200 OK\"", "correlation_id": "3bccbd1704a14be38ca68355430d8428", "service": "index-retriever-mcp-server", "service_instance": "server0.viewdeck.com", "environment": "dev"}
{"timestamp": "2026-07-08T16:50:32.827716Z", "level": "INFO", "logger": "httpx", "message": "HTTP Request: GET https://chroma.cloud-dog.net/api/v2/tenants/default_tenant/databases/default_database/collections \"HTTP/1.1 200 OK\"", "correlation_id": "3bccbd1704a14be38ca68355430d8428", "service": "index-retriever-mcp-server", "service_instance": "server0.viewdeck.com", "environment": "dev"}
{"timestamp": "2026-07-08T16:50:33.597437Z", "level": "INFO", "logger": "httpx", "message": "HTTP Request: POST https://chroma.cloud-dog.net/api/v2/tenants/default_tenant/databases/default_database/collections/d9e4bb73-1553-4146-ae6d-b034992d3f43/upsert \"HTTP/1.1 200 OK\"", "correlation_id": "3bccbd1704a14be38ca68355430d8428", "service": "index-retriever-mcp-server", "service_instance": "server0.viewdeck.com", "environment": "dev"}
{"timestamp": "2026-07-08T16:50:33.716901Z", "level": "INFO", "logger": "cloud_dog_api_kit.request_logging", "message": "Request completed", "correlation_id": "3bccbd1704a14be38ca68355430d8428", "service": "index-retriever-mcp-server", "service_instance": "server0.viewdeck.com", "environment": "dev", "extra": {"request_id": "bd9fffb7090e4761a05f1f931aae18fb", "correlation_id": null, "user": null, "method": "POST", "path": "/api/v1/tools/job_retry", "status_code": 200, "duration_ms": 1937.5, "client_ip": "testclient"}}
{"timestamp": "2026-07-08T16:50:33.724Z", "event_type": "http.create", "actor": {"type": "system", "id": "anonymous", "roles": [], "ip": "testclient", "user_agent": "testclient"}, "action": "create", "outcome": "success", "severity": "INFO", "correlation_id": "3bccbd1704a14be38ca68355430d8428", "trace_id": "3bccbd1704a14be38ca68355430d8428", "request_id": "3bccbd1704a14be38ca68355430d8428", "service": "index-retriever-mcp-server", "service_instance": "server0.viewdeck.com", "component": "http", "source_host": "server0.viewdeck.com", "source_process": "3733358", "source_application": "testclient", "process_id": "3733358", "environment": "dev", "source_address": "testclient:50000", "destination_address": "testserver:80", "target": {"type": "endpoint", "id": "/api/v1/tools/job_retry", "name": "POST /api/v1/tools/job_retry"}, "details": {"status_code": 200, "method": "POST", "client_ip": "testclient"}, "duration_ms": 1952}
{"timestamp": "2026-07-08T16:50:33.733855Z", "level": "INFO", "logger": "httpx", "message": "HTTP Request: POST http://testserver/api/v1/tools/job_retry \"HTTP/1.1 200 OK\"", "correlation_id": "3bccbd1704a14be38ca68355430d8428", "service": "index-retriever-mcp-server", "service_instance": "server0.viewdeck.com", "environment": "dev"}
{"timestamp": "2026-07-08T16:50:33.747588Z", "level": "INFO", "logger": "cloud_dog_api_kit.request_logging", "message": "Request started", "correlation_id": "3bccbd1704a14be38ca68355430d8428", "service": "index-retriever-mcp-server", "service_instance": "server0.viewdeck.com", "environment": "dev", "extra": {"request_id": "a1911142c34044ac8a53eeb75e8cda31", "correlation_id": null, "user": null, "method": "POST", "path": "/api/v1/tools/queue_status", "client_ip": "testclient"}}
{"timestamp": "2026-07-08T16:50:33.765Z", "event_type": "mcp_tool.mcp.tool.queue_status", "actor": {"type": "service", "id": "configured:ac6fc16fd23f", "roles": [], "ip": "unknown"}, "action": "mcp.tool.queue_status", "outcome": "success", "severity": "INFO", "correlation_id": "3bccbd1704a14be38ca68355430d8428", "trace_id": "3bccbd1704a14be38ca68355430d8428", "request_id": "3bccbd1704a14be38ca68355430d8428", "service": "unknown", "service_instance": "server0.viewdeck.com", "component": "unknown", "source_host": "server0.viewdeck.com", "source_process": "3733358", "source_application": "unknown", "process_id": "3733358", "environment": "dev", "target": {"type": "mcp_tool", "id": "queue_status"}, "details": {"details": {"phase": "invoke", "profile": null, "collection": null}}}
{"timestamp": "2026-07-08T16:50:33.778525Z", "level": "INFO", "logger": "cloud_dog_api_kit.request_logging", "message": "Request completed", "correlation_id": "3bccbd1704a14be38ca68355430d8428", "service": "index-retriever-mcp-server", "service_instance": "server0.viewdeck.com", "environment": "dev", "extra": {"request_id": "a1911142c34044ac8a53eeb75e8cda31", "correlation_id": null, "user": null, "method": "POST", "path": "/api/v1/tools/queue_status", "status_code": 200, "duration_ms": 22.99, "client_ip": "testclient"}}
{"timestamp": "2026-07-08T16:50:33.786Z", "event_type": "http.create", "actor": {"type": "system", "id": "anonymous", "roles": [], "ip": "testclient", "user_agent": "testclient"}, "action": "create", "outcome": "success", "severity": "INFO", "correlation_id": "3bccbd1704a14be38ca68355430d8428", "trace_id": "3bccbd1704a14be38ca68355430d8428", "request_id": "3bccbd1704a14be38ca68355430d8428", "service": "index-retriever-mcp-server", "service_instance": "server0.viewdeck.com", "component": "http", "source_host": "server0.viewdeck.com", "source_process": "3733358", "source_application": "testclient", "process_id": "3733358", "environment": "dev", "source_address": "testclient:50000", "destination_address": "testserver:80", "target": {"type": "endpoint", "id": "/api/v1/tools/queue_status", "name": "POST /api/v1/tools/queue_status"}, "details": {"status_code": 200, "method": "POST", "client_ip": "testclient"}, "duration_ms": 39}
{"timestamp": "2026-07-08T16:50:33.796421Z", "level": "INFO", "logger": "httpx", "message": "HTTP Request: POST http://testserver/api/v1/tools/queue_status \"HTTP/1.1 200 OK\"", "correlation_id": "3bccbd1704a14be38ca68355430d8428", "service": "index-retriever-mcp-server", "service_instance": "server0.viewdeck.com", "environment": "dev"}
------------------------------ Captured log call -------------------------------
INFO     cloud_dog_logging.integrity:integrity.py:185 audit_integrity_check
_____________________ test_collection_level_rbac_enforced ______________________
----------------------------- Captured stdout call -----------------------------
{"timestamp": "2026-07-08T16:50:34.223723Z", "level": "INFO", "logger": "cloud_dog_logging.integrity", "message": "audit_integrity_check", "correlation_id": "3bccbd1704a14be38ca68355430d8428", "service": "index-retriever-mcp-server", "service_instance": "index-retriever-local", "environment": "dev", "extra": {"integrity_record": {"timestamp": "2026-07-08T16:50:34.223Z", "record_type": "audit_integrity_check", "service": "index-retriever-mcp-server", "service_instance": "index-retriever-local", "audit_log_path": "logs/audit.log.jsonl", "hash_algorithm": "sha256", "hash_value": "a1ecb9712b417f5fe29da36f8c5b349668a6490e830a1fc22e94fa5b06eff3d0", "file_size_bytes": 501515, "line_count": 570, "last_event_timestamp": "2026-07-08T16:50:33.786Z", "verification_status": "valid", "trigger": "shutdown"}}}
{"timestamp": "2026-07-08T16:50:34.263916Z", "level": "INFO", "logger": "cloud_dog_logging.integrity", "message": "audit_integrity_check", "correlation_id": "3bccbd1704a14be38ca68355430d8428", "service": "index-retriever-mcp-server", "service_instance": "index-retriever-local", "environment": "dev", "extra": {"integrity_record": {"timestamp": "2026-07-08T16:50:34.263Z", "record_type": "audit_integrity_check", "service": "index-retriever-mcp-server", "service_instance": "index-retriever-local", "audit_log_path": "logs/audit.log.jsonl", "hash_algorithm": "sha256", "hash_value": "a1ecb9712b417f5fe29da36f8c5b349668a6490e830a1fc22e94fa5b06eff3d0", "file_size_bytes": 501515, "line_count": 570, "last_event_timestamp": "2026-07-08T16:50:33.786Z", "verification_status": "valid", "trigger": "startup"}}}
{"timestamp": "2026-07-08T16:50:34.905971Z", "level": "INFO", "logger": "cloud_dog_api_kit.request_logging", "message": "Request started", "correlation_id": "3bccbd1704a14be38ca68355430d8428", "service": "index-retriever-mcp-server", "service_instance": "index-retriever-local", "environment": "dev", "extra": {"request_id": "5d999cf9ba7944149f17ef0b2cf52f69", "correlation_id": null, "user": null, "method": "POST", "path": "/api/v1/tools/admin_collection_create", "client_ip": "testclient"}}
{"timestamp": "2026-07-08T16:50:34.924Z", "event_type": "mcp_tool.mcp.tool.admin_collection_create", "actor": {"type": "service", "id": "configured:ac6fc16fd23f", "roles": [], "ip": "unknown"}, "action": "mcp.tool.admin_collection_create", "outcome": "success", "severity": "INFO", "correlation_id": "3bccbd1704a14be38ca68355430d8428", "trace_id": "3bccbd1704a14be38ca68355430d8428", "request_id": "3bccbd1704a14be38ca68355430d8428", "service": "unknown", "service_instance": "server0.viewdeck.com", "component": "unknown", "source_host": "server0.viewdeck.com", "source_process": "3733358", "source_application": "unknown", "process_id": "3733358", "environment": "dev", "target": {"type": "mcp_tool", "id": "admin_collection_create"}, "details": {"details": {"phase": "invoke", "profile": "default", "collection": "it1_21_restricted"}}}
{"timestamp": "2026-07-08T16:50:35.522996Z", "level": "INFO", "logger": "httpx", "message": "HTTP Request: GET https://chroma.cloud-dog.net/api/v2/tenants/default_tenant/databases/default_database/collections \"HTTP/1.1 200 OK\"", "correlation_id": "3bccbd1704a14be38ca68355430d8428", "service": "index-retriever-mcp-server", "service_instance": "server0.viewdeck.com", "environment": "dev"}
{"timestamp": "2026-07-08T16:50:36.231311Z", "level": "INFO", "logger": "httpx", "message": "HTTP Request: POST https://llm2.cloud-dog.net/api/embeddings \"HTTP/1.1 200 OK\"", "correlation_id": "3bccbd1704a14be38ca68355430d8428", "service": "index-retriever-mcp-server", "service_instance": "server0.viewdeck.com", "environment": "dev"}
{"timestamp": "2026-07-08T16:50:36.514208Z", "level": "INFO", "logger": "httpx", "message": "HTTP Request: POST https://chroma.cloud-dog.net/api/v2/tenants/default_tenant/databases/default_database/collections \"HTTP/1.1 200 OK\"", "correlation_id": "3bccbd1704a14be38ca68355430d8428", "service": "index-retriever-mcp-server", "service_instance": "server0.viewdeck.com", "environment": "dev"}
{"timestamp": "2026-07-08T16:50:36.533237Z", "level": "INFO", "logger": "cloud_dog_api_kit.request_logging", "message": "Request completed", "correlation_id": "3bccbd1704a14be38ca68355430d8428", "service": "index-retriever-mcp-server", "service_instance": "index-retriever-local", "environment": "dev", "extra": {"request_id": "5d999cf9ba7944149f17ef0b2cf52f69", "correlation_id": null, "user": null, "method": "POST", "path": "/api/v1/tools/admin_collection_create", "status_code": 200, "duration_ms": 1619.84, "client_ip": "testclient"}}
{"timestamp": "2026-07-08T16:50:36.542Z", "event_type": "http.create", "actor": {"type": "system", "id": "anonymous", "roles": [], "ip": "testclient", "user_agent": "testclient"}, "action": "create", "outcome": "success", "severity": "INFO", "correlation_id": "3bccbd1704a14be38ca68355430d8428", "trace_id": "3bccbd1704a14be38ca68355430d8428", "request_id": "3bccbd1704a14be38ca68355430d8428", "service": "index-retriever-mcp-server", "service_instance": "index-retriever-local", "component": "http", "source_host": "index-retriever-local", "source_process": "3733358", "source_application": "testclient", "process_id": "3733358", "environment": "dev", "source_address": "testclient:50000", "destination_address": "testserver:80", "target": {"type": "endpoint", "id": "/api/v1/tools/admin_collection_create", "name": "POST /api/v1/tools/admin_collection_create"}, "details": {"status_code": 200, "method": "POST", "client_ip": "testclient"}, "duration_ms": 1637}
{"timestamp": "2026-07-08T16:50:36.551651Z", "level": "INFO", "logger": "httpx", "message": "HTTP Request: POST http://testserver/api/v1/tools/admin_collection_create \"HTTP/1.1 200 OK\"", "correlation_id": "3bccbd1704a14be38ca68355430d8428", "service": "index-retriever-mcp-server", "service_instance": "index-retriever-local", "environment": "dev"}
{"timestamp": "2026-07-08T16:50:36.560252Z", "level": "INFO", "logger": "cloud_dog_api_kit.request_logging", "message": "Request started", "correlation_id": "3bccbd1704a14be38ca68355430d8428", "service": "index-retriever-mcp-server", "service_instance": "index-retriever-local", "environment": "dev", "extra": {"request_id": "f03c4c1b2e83490b9173640d40e70fa1", "correlation_id": null, "user": null, "method": "POST", "path": "/api/v1/tools/ingest_text", "client_ip": "testclient"}}
{"timestamp": "2026-07-08T16:50:36.577Z", "event_type": "mcp_tool.mcp.tool.ingest_text", "actor": {"type": "service", "id": "configured:2530b9bc4759", "roles": [], "ip": "unknown"}, "action": "mcp.tool.ingest_text", "outcome": "success", "severity": "INFO", "correlation_id": "3bccbd1704a14be38ca68355430d8428", "trace_id": "3bccbd1704a14be38ca68355430d8428", "request_id": "3bccbd1704a14be38ca68355430d8428", "service": "unknown", "service_instance": "server0.viewdeck.com", "component": "unknown", "source_host": "server0.viewdeck.com", "source_process": "3733358", "source_application": "unknown", "process_id": "3733358", "environment": "dev", "target": {"type": "mcp_tool", "id": "ingest_text"}, "details": {"details": {"phase": "invoke", "profile": "default", "collection": "it1_21_restricted"}}}
{"timestamp": "2026-07-08T16:50:36.962425Z", "level": "INFO", "logger": "httpx", "message": "HTTP Request: POST https://llm2.cloud-dog.net/api/embeddings \"HTTP/1.1 200 OK\"", "correlation_id": "3bccbd1704a14be38ca68355430d8428", "service": "index-retriever-mcp-server", "service_instance": "server0.viewdeck.com", "environment": "dev"}
{"timestamp": "2026-07-08T16:50:37.605521Z", "level": "INFO", "logger": "httpx", "message": "HTTP Request: GET https://chroma.cloud-dog.net/api/v2/tenants/default_tenant/databases/default_database/collections \"HTTP/1.1 200 OK\"", "correlation_id": "3bccbd1704a14be38ca68355430d8428", "service": "index-retriever-mcp-server", "service_instance": "server0.viewdeck.com", "environment": "dev"}
{"timestamp": "2026-07-08T16:50:38.459717Z", "level": "INFO", "logger": "httpx", "message": "HTTP Request: POST https://chroma.cloud-dog.net/api/v2/tenants/default_tenant/databases/default_database/collections/029d0886-1dbf-43d3-8ef2-0e5930475019/upsert \"HTTP/1.1 200 OK\"", "correlation_id": "3bccbd1704a14be38ca68355430d8428", "service": "index-retriever-mcp-server", "service_instance": "server0.viewdeck.com", "environment": "dev"}
{"timestamp": "2026-07-08T16:50:38.556433Z", "level": "INFO", "logger": "cloud_dog_api_kit.request_logging", "message": "Request completed", "correlation_id": "3bccbd1704a14be38ca68355430d8428", "service": "index-retriever-mcp-server", "service_instance": "index-retriever-local", "environment": "dev", "extra": {"request_id": "f03c4c1b2e83490b9173640d40e70fa1", "correlation_id": null, "user": null, "method": "POST", "path": "/api/v1/tools/ingest_text", "status_code": 200, "duration_ms": 1989.02, "client_ip": "testclient"}}
{"timestamp": "2026-07-08T16:50:38.564Z", "event_type": "http.create", "actor": {"type": "system", "id": "anonymous", "roles": [], "ip": "testclient", "user_agent": "testclient"}, "action": "create", "outcome": "success", "severity": "INFO", "correlation_id": "3bccbd1704a14be38ca68355430d8428", "trace_id": "3bccbd1704a14be38ca68355430d8428", "request_id": "3bccbd1704a14be38ca68355430d8428", "service": "index-retriever-mcp-server", "service_instance": "index-retriever-local", "component": "http", "source_host": "index-retriever-local", "source_process": "3733358", "source_application": "testclient", "process_id": "3733358", "environment": "dev", "source_address": "testclient:50000", "destination_address": "testserver:80", "target": {"type": "endpoint", "id": "/api/v1/tools/ingest_text", "name": "POST /api/v1/tools/ingest_text"}, "details": {"status_code": 200, "method": "POST", "client_ip": "testclient"}, "duration_ms": 2004}
{"timestamp": "2026-07-08T16:50:38.573095Z", "level": "INFO", "logger": "httpx", "message": "HTTP Request: POST http://testserver/api/v1/tools/ingest_text \"HTTP/1.1 200 OK\"", "correlation_id": "3bccbd1704a14be38ca68355430d8428", "service": "index-retriever-mcp-server", "service_instance": "index-retriever-local", "environment": "dev"}
{"timestamp": "2026-07-08T16:50:38.585482Z", "level": "INFO", "logger": "cloud_dog_api_kit.request_logging", "message": "Request started", "correlation_id": "3bccbd1704a14be38ca68355430d8428", "service": "index-retriever-mcp-server", "service_instance": "index-retriever-local", "environment": "dev", "extra": {"request_id": "440e1891a88948c4bb5bd9476033fe47", "correlation_id": null, "user": null, "method": "POST", "path": "/api/v1/tools/search", "client_ip": "testclient"}}
{"timestamp": "2026-07-08T16:50:38.606Z", "event_type": "mcp_tool.mcp.tool.search", "actor": {"type": "service", "id": "configured:55ac848af50d", "roles": [], "ip": "unknown"}, "action": "mcp.tool.search", "outcome": "success", "severity": "INFO", "correlation_id": "3bccbd1704a14be38ca68355430d8428", "trace_id": "3bccbd1704a14be38ca68355430d8428", "request_id": "3bccbd1704a14be38ca68355430d8428", "service": "unknown", "service_instance": "server0.viewdeck.com", "component": "unknown", "source_host": "server0.viewdeck.com", "source_process": "3733358", "source_application": "unknown", "process_id": "3733358", "environment": "dev", "target": {"type": "mcp_tool", "id": "search"}, "details": {"details": {"phase": "invoke", "profile": "default", "collection": "it1_21_restricted"}}}
{"timestamp": "2026-07-08T16:50:38.617586Z", "level": "INFO", "logger": "cloud_dog_api_kit.request_logging", "message": "Request completed", "correlation_id": "3bccbd1704a14be38ca68355430d8428", "service": "index-retriever-mcp-server", "service_instance": "index-retriever-local", "environment": "dev", "extra": {"request_id": "440e1891a88948c4bb5bd9476033fe47", "correlation_id": null, "user": null, "method": "POST", "path": "/api/v1/tools/search", "status_code": 403, "duration_ms": 23.83, "client_ip": "testclient"}}
{"timestamp": "2026-07-08T16:50:38.626Z", "event_type": "http.create", "actor": {"type": "system", "id": "anonymous", "roles": [], "ip": "testclient", "user_agent": "testclient"}, "action": "create", "outcome": "denied", "severity": "ERROR", "correlation_id": "3bccbd1704a14be38ca68355430d8428", "trace_id": "3bccbd1704a14be38ca68355430d8428", "request_id": "3bccbd1704a14be38ca68355430d8428", "service": "index-retriever-mcp-server", "service_instance": "index-retriever-local", "component": "http", "source_host": "index-retriever-local", "source_process": "3733358", "source_application": "testclient", "process_id": "3733358", "environment": "dev", "source_address": "testclient:50000", "destination_address": "testserver:80", "target": {"type": "endpoint", "id": "/api/v1/tools/search", "name": "POST /api/v1/tools/search"}, "details": {"status_code": 403, "method": "POST", "client_ip": "testclient"}, "duration_ms": 41}
{"timestamp": "2026-07-08T16:50:38.637016Z", "level": "INFO", "logger": "httpx", "message": "HTTP Request: POST http://testserver/api/v1/tools/search \"HTTP/1.1 403 Forbidden\"", "correlation_id": "3bccbd1704a14be38ca68355430d8428", "service": "index-retriever-mcp-server", "service_instance": "index-retriever-local", "environment": "dev"}
{"timestamp": "2026-07-08T16:50:38.648707Z", "level": "INFO", "logger": "cloud_dog_api_kit.request_logging", "message": "Request started", "correlation_id": "3bccbd1704a14be38ca68355430d8428", "service": "index-retriever-mcp-server", "service_instance": "index-retriever-local", "environment": "dev", "extra": {"request_id": "7e0d54757625464aa707ad042eb9cfdc", "correlation_id": null, "user": null, "method": "POST", "path": "/api/v1/tools/search", "client_ip": "testclient"}}
{"timestamp": "2026-07-08T16:50:38.665Z", "event_type": "mcp_tool.mcp.tool.search", "actor": {"type": "service", "id": "configured:2530b9bc4759", "roles": [], "ip": "unknown"}, "action": "mcp.tool.search", "outcome": "success", "severity": "INFO", "correlation_id": "3bccbd1704a14be38ca68355430d8428", "trace_id": "3bccbd1704a14be38ca68355430d8428", "request_id": "3bccbd1704a14be38ca68355430d8428", "service": "unknown", "service_instance": "server0.viewdeck.com", "component": "unknown", "source_host": "server0.viewdeck.com", "source_process": "3733358", "source_application": "unknown", "process_id": "3733358", "environment": "dev", "target": {"type": "mcp_tool", "id": "search"}, "details": {"details": {"phase": "invoke", "profile": "default", "collection": "it1_21_restricted"}}}
{"timestamp": "2026-07-08T16:50:39.315725Z", "level": "INFO", "logger": "httpx", "message": "HTTP Request: GET https://chroma.cloud-dog.net/api/v2/tenants/default_tenant/databases/default_database/collections \"HTTP/1.1 200 OK\"", "correlation_id": "3bccbd1704a14be38ca68355430d8428", "service": "index-retriever-mcp-server", "service_instance": "server0.viewdeck.com", "environment": "dev"}
{"timestamp": "2026-07-08T16:50:40.073943Z", "level": "INFO", "logger": "httpx", "message": "HTTP Request: POST https://llm2.cloud-dog.net/api/embeddings \"HTTP/1.1 200 OK\"", "correlation_id": "3bccbd1704a14be38ca68355430d8428", "service": "index-retriever-mcp-server", "service_instance": "server0.viewdeck.com", "environment": "dev"}
{"timestamp": "2026-07-08T16:50:40.196990Z", "level": "INFO", "logger": "httpx", "message": "HTTP Request: POST https://chroma.cloud-dog.net/api/v2/tenants/default_tenant/databases/default_database/collections/029d0886-1dbf-43d3-8ef2-0e5930475019/query \"HTTP/1.1 200 OK\"", "correlation_id": "3bccbd1704a14be38ca68355430d8428", "service": "index-retriever-mcp-server", "service_instance": "server0.viewdeck.com", "environment": "dev"}
{"timestamp": "2026-07-08T16:50:40.212039Z", "level": "INFO", "logger": "cloud_dog_api_kit.request_logging", "message": "Request completed", "correlation_id": "3bccbd1704a14be38ca68355430d8428", "service": "index-retriever-mcp-server", "service_instance": "index-retriever-local", "environment": "dev", "extra": {"request_id": "7e0d54757625464aa707ad042eb9cfdc", "correlation_id": null, "user": null, "method": "POST", "path": "/api/v1/tools/search", "status_code": 200, "duration_ms": 1556.73, "client_ip": "testclient"}}
{"timestamp": "2026-07-08T16:50:40.220Z", "event_type": "http.create", "actor": {"type": "system", "id": "anonymous", "roles": [], "ip": "testclient", "user_agent": "testclient"}, "action": "create", "outcome": "success", "severity": "INFO", "correlation_id": "3bccbd1704a14be38ca68355430d8428", "trace_id": "3bccbd1704a14be38ca68355430d8428", "request_id": "3bccbd1704a14be38ca68355430d8428", "service": "index-retriever-mcp-server", "service_instance": "index-retriever-local", "component": "http", "source_host": "index-retriever-local", "source_process": "3733358", "source_application": "testclient", "process_id": "3733358", "environment": "dev", "source_address": "testclient:50000", "destination_address": "testserver:80", "target": {"type": "endpoint", "id": "/api/v1/tools/search", "name": "POST /api/v1/tools/search"}, "details": {"status_code": 200, "method": "POST", "client_ip": "testclient"}, "duration_ms": 1572}
{"timestamp": "2026-07-08T16:50:40.229673Z", "level": "INFO", "logger": "httpx", "message": "HTTP Request: POST http://testserver/api/v1/tools/search \"HTTP/1.1 200 OK\"", "correlation_id": "3bccbd1704a14be38ca68355430d8428", "service": "index-retriever-mcp-server", "service_instance": "index-retriever-local", "environment": "dev"}
------------------------------ Captured log call -------------------------------
INFO     cloud_dog_logging.integrity:integrity.py:185 audit_integrity_check
_____________ test_admin_rest_profile_user_group_api_key_lifecycle _____________
----------------------------- Captured stdout call -----------------------------
{"timestamp": "2026-07-08T16:50:42.114983Z", "level": "INFO", "logger": "cloud_dog_logging.integrity", "message": "audit_integrity_check", "correlation_id": "3bccbd1704a14be38ca68355430d8428", "service": "index-retriever-mcp-server", "service_instance": "index-retriever-local", "environment": "dev", "extra": {"integrity_record": {"timestamp": "2026-07-08T16:50:42.114Z", "record_type": "audit_integrity_check", "service": "index-retriever-mcp-server", "service_instance": "index-retriever-local", "audit_log_path": "logs/audit.log.jsonl", "hash_algorithm": "sha256", "hash_value": "53f5f428c0326167fbe4e837a9e88bfda1261b2d60a6448e616bccef0169f030", "file_size_bytes": 508491, "line_count": 578, "last_event_timestamp": "2026-07-08T16:50:40.220Z", "verification_status": "valid", "trigger": "shutdown"}}}
{"timestamp": "2026-07-08T16:50:42.155226Z", "level": "INFO", "logger": "cloud_dog_logging.integrity", "message": "audit_integrity_check", "correlation_id": "3bccbd1704a14be38ca68355430d8428", "service": "index-retriever-mcp-server", "service_instance": "index-retriever-local", "environment": "dev", "extra": {"integrity_record": {"timestamp": "2026-07-08T16:50:42.155Z", "record_type": "audit_integrity_check", "service": "index-retriever-mcp-server", "service_instance": "index-retriever-local", "audit_log_path": "logs/audit.log.jsonl", "hash_algorithm": "sha256", "hash_value": "53f5f428c0326167fbe4e837a9e88bfda1261b2d60a6448e616bccef0169f030", "file_size_bytes": 508491, "line_count": 578, "last_event_timestamp": "2026-07-08T16:50:40.220Z", "verification_status": "valid", "trigger": "startup"}}}
{"timestamp": "2026-07-08T16:50:42.882348Z", "level": "INFO", "logger": "cloud_dog_api_kit.request_logging", "message": "Request started", "correlation_id": "3bccbd1704a14be38ca68355430d8428", "service": "index-retriever-mcp-server", "service_instance": "index-retriever-local", "environment": "dev", "extra": {"request_id": "e50513fb911149e4bffaed87fa71afa7", "correlation_id": null, "user": null, "method": "POST", "path": "/admin/profiles", "client_ip": "testclient"}}
{"timestamp": "2026-07-08T16:50:42.915595Z", "level": "INFO", "logger": "cloud_dog_api_kit.request_logging", "message": "Request completed", "correlation_id": "3bccbd1704a14be38ca68355430d8428", "service": "index-retriever-mcp-server", "service_instance": "index-retriever-local", "environment": "dev", "extra": {"request_id": "e50513fb911149e4bffaed87fa71afa7", "correlation_id": null, "user": null, "method": "POST", "path": "/admin/profiles", "status_code": 200, "duration_ms": 23.17, "client_ip": "testclient"}}
{"timestamp": "2026-07-08T16:50:42.925Z", "event_type": "http.create", "actor": {"type": "system", "id": "anonymous", "roles": [], "ip": "testclient", "user_agent": "testclient"}, "action": "create", "outcome": "success", "severity": "INFO", "correlation_id": "3bccbd1704a14be38ca68355430d8428", "trace_id": "3bccbd1704a14be38ca68355430d8428", "request_id": "3bccbd1704a14be38ca68355430d8428", "service": "index-retriever-mcp-server", "service_instance": "index-retriever-local", "component": "http", "source_host": "index-retriever-local", "source_process": "3733358", "source_application": "testclient", "process_id": "3733358", "environment": "dev", "source_address": "testclient:50000", "destination_address": "testserver:80", "target": {"type": "endpoint", "id": "/admin/profiles", "name": "POST /admin/profiles"}, "details": {"status_code": 200, "method": "POST", "client_ip": "testclient"}, "duration_ms": 43}
{"timestamp": "2026-07-08T16:50:42.934785Z", "level": "INFO", "logger": "httpx", "message": "HTTP Request: POST http://testserver/admin/profiles \"HTTP/1.1 200 OK\"", "correlation_id": "3bccbd1704a14be38ca68355430d8428", "service": "index-retriever-mcp-server", "service_instance": "index-retriever-local", "environment": "dev"}
{"timestamp": "2026-07-08T16:50:42.942728Z", "level": "INFO", "logger": "cloud_dog_api_kit.request_logging", "message": "Request started", "correlation_id": "3bccbd1704a14be38ca68355430d8428", "service": "index-retriever-mcp-server", "service_instance": "index-retriever-local", "environment": "dev", "extra": {"request_id": "e7747bd3fc3642acb87e40c3276142d1", "correlation_id": null, "user": null, "method": "GET", "path": "/admin/profiles", "client_ip": "testclient"}}
{"timestamp": "2026-07-08T16:50:42.958420Z", "level": "INFO", "logger": "cloud_dog_api_kit.request_logging", "message": "Request completed", "correlation_id": "3bccbd1704a14be38ca68355430d8428", "service": "index-retriever-mcp-server", "service_instance": "index-retriever-local", "environment": "dev", "extra": {"request_id": "e7747bd3fc3642acb87e40c3276142d1", "correlation_id": null, "user": null, "method": "GET", "path": "/admin/profiles", "status_code": 200, "duration_ms": 9.4, "client_ip": "testclient"}}
{"timestamp": "2026-07-08T16:50:42.967Z", "event_type": "http.read", "actor": {"type": "system", "id": "anonymous", "roles": [], "ip": "testclient", "user_agent": "testclient"}, "action": "read", "outcome": "success", "severity": "INFO", "correlation_id": "3bccbd1704a14be38ca68355430d8428", "trace_id": "3bccbd1704a14be38ca68355430d8428", "request_id": "3bccbd1704a14be38ca68355430d8428", "service": "index-retriever-mcp-server", "service_instance": "index-retriever-local", "component": "http", "source_host": "index-retriever-local", "source_process": "3733358", "source_application": "testclient", "process_id": "3733358", "environment": "dev", "source_address": "testclient:50000", "destination_address": "testserver:80", "target": {"type": "endpoint", "id": "/admin/profiles", "name": "GET /admin/profiles"}, "details": {"status_code": 200, "method": "GET", "client_ip": "testclient"}, "duration_ms": 24}
{"timestamp": "2026-07-08T16:50:42.977467Z", "level": "INFO", "logger": "httpx", "message": "HTTP Request: GET http://testserver/admin/profiles \"HTTP/1.1 200 OK\"", "correlation_id": "3bccbd1704a14be38ca68355430d8428", "service": "index-retriever-mcp-server", "service_instance": "index-retriever-local", "environment": "dev"}
{"timestamp": "2026-07-08T16:50:42.986392Z", "level": "INFO", "logger": "cloud_dog_api_kit.request_logging", "message": "Request started", "correlation_id": "3bccbd1704a14be38ca68355430d8428", "service": "index-retriever-mcp-server", "service_instance": "index-retriever-local", "environment": "dev", "extra": {"request_id": "56fc730f92c04cf39a373bdcc46712fa", "correlation_id": null, "user": null, "method": "PUT", "path": "/admin/profiles/cfg_it", "client_ip": "testclient"}}
{"timestamp": "2026-07-08T16:50:43.011974Z", "level": "INFO", "logger": "cloud_dog_api_kit.request_logging", "message": "Request completed", "correlation_id": "3bccbd1704a14be38ca68355430d8428", "service": "index-retriever-mcp-server", "service_instance": "index-retriever-local", "environment": "dev", "extra": {"request_id": "56fc730f92c04cf39a373bdcc46712fa", "correlation_id": null, "user": null, "method": "PUT", "path": "/admin/profiles/cfg_it", "status_code": 200, "duration_ms": 19.17, "client_ip": "testclient"}}
{"timestamp": "2026-07-08T16:50:43.022Z", "event_type": "http.update", "actor": {"type": "system", "id": "anonymous", "roles": [], "ip": "testclient", "user_agent": "testclient"}, "action": "update", "outcome": "success", "severity": "INFO", "correlation_id": "3bccbd1704a14be38ca68355430d8428", "trace_id": "3bccbd1704a14be38ca68355430d8428", "request_id": "3bccbd1704a14be38ca68355430d8428", "service": "index-retriever-mcp-server", "service_instance": "index-retriever-local", "component": "http", "source_host": "index-retriever-local", "source_process": "3733358", "source_application": "testclient", "process_id": "3733358", "environment": "dev", "source_address": "testclient:50000", "destination_address": "testserver:80", "target": {"type": "endpoint", "id": "/admin/profiles/cfg_it", "name": "PUT /admin/profiles/cfg_it"}, "details": {"status_code": 200, "method": "PUT", "client_ip": "testclient"}, "duration_ms": 36}
{"timestamp": "2026-07-08T16:50:43.031048Z", "level": "INFO", "logger": "httpx", "message": "HTTP Request: PUT http://testserver/admin/profiles/cfg_it \"HTTP/1.1 200 OK\"", "correlation_id": "3bccbd1704a14be38ca68355430d8428", "service": "index-retriever-mcp-server", "service_instance": "index-retriever-local", "environment": "dev"}
{"timestamp": "2026-07-08T16:50:43.040843Z", "level": "INFO", "logger": "cloud_dog_api_kit.request_logging", "message": "Request started", "correlation_id": "3bccbd1704a14be38ca68355430d8428", "service": "index-retriever-mcp-server", "service_instance": "index-retriever-local", "environment": "dev", "extra": {"request_id": "218ba7378f7a48dab457bf1ab9e0de15", "correlation_id": null, "user": null, "method": "POST", "path": "/admin/users", "client_ip": "testclient"}}
{"timestamp": "2026-07-08T16:50:43.065830Z", "level": "INFO", "logger": "cloud_dog_api_kit.request_logging", "message": "Request completed", "correlation_id": "3bccbd1704a14be38ca68355430d8428", "service": "index-retriever-mcp-server", "service_instance": "index-retriever-local", "environment": "dev", "extra": {"request_id": "218ba7378f7a48dab457bf1ab9e0de15", "correlation_id": null, "user": null, "method": "POST", "path": "/admin/users", "status_code": 200, "duration_ms": 18.55, "client_ip": "testclient"}}
{"timestamp": "2026-07-08T16:50:43.075Z", "event_type": "http.create", "actor": {"type": "system", "id": "anonymous", "roles": [], "ip": "testclient", "user_agent": "testclient"}, "action": "create", "outcome": "success", "severity": "INFO", "correlation_id": "3bccbd1704a14be38ca68355430d8428", "trace_id": "3bccbd1704a14be38ca68355430d8428", "request_id": "3bccbd1704a14be38ca68355430d8428", "service": "index-retriever-mcp-server", "service_instance": "index-retriever-local", "component": "http", "source_host": "index-retriever-local", "source_process": "3733358", "source_application": "testclient", "process_id": "3733358", "environment": "dev", "source_address": "testclient:50000", "destination_address": "testserver:80", "target": {"type": "endpoint", "id": "/admin/users", "name": "POST /admin/users"}, "details": {"status_code": 200, "method": "POST", "client_ip": "testclient"}, "duration_ms": 35}
{"timestamp": "2026-07-08T16:50:43.094801Z", "level": "INFO", "logger": "httpx", "message": "HTTP Request: POST http://testserver/admin/users \"HTTP/1.1 200 OK\"", "correlation_id": "3bccbd1704a14be38ca68355430d8428", "service": "index-retriever-mcp-server", "service_instance": "index-retriever-local", "environment": "dev"}
{"timestamp": "2026-07-08T16:50:43.103335Z", "level": "INFO", "logger": "cloud_dog_api_kit.request_logging", "message": "Request started", "correlation_id": "3bccbd1704a14be38ca68355430d8428", "service": "index-retriever-mcp-server", "service_instance": "index-retriever-local", "environment": "dev", "extra": {"request_id": "dd1e6e79362047efa7c72fb30615e654", "correlation_id": null, "user": null, "method": "POST", "path": "/admin/groups", "client_ip": "testclient"}}
{"timestamp": "2026-07-08T16:50:43.130538Z", "level": "INFO", "logger": "cloud_dog_api_kit.request_logging", "message": "Request completed", "correlation_id": "3bccbd1704a14be38ca68355430d8428", "service": "index-retriever-mcp-server", "service_instance": "index-retriever-local", "environment": "dev", "extra": {"request_id": "dd1e6e79362047efa7c72fb30615e654", "correlation_id": null, "user": null, "method": "POST", "path": "/admin/groups", "status_code": 200, "duration_ms": 21.02, "client_ip": "testclient"}}
{"timestamp": "2026-07-08T16:50:43.138Z", "event_type": "http.create", "actor": {"type": "system", "id": "anonymous", "roles": [], "ip": "testclient", "user_agent": "testclient"}, "action": "create", "outcome": "success", "severity": "INFO", "correlation_id": "3bccbd1704a14be38ca68355430d8428", "trace_id": "3bccbd1704a14be38ca68355430d8428", "request_id": "3bccbd1704a14be38ca68355430d8428", "service": "index-retriever-mcp-server", "service_instance": "index-retriever-local", "component": "http", "source_host": "index-retriever-local", "source_process": "3733358", "source_application": "testclient", "process_id": "3733358", "environment": "dev", "source_address": "testclient:50000", "destination_address": "testserver:80", "target": {"type": "endpoint", "id": "/admin/groups", "name": "POST /admin/groups"}, "details": {"status_code": 200, "method": "POST", "client_ip": "testclient"}, "duration_ms": 35}
{"timestamp": "2026-07-08T16:50:43.146733Z", "level": "INFO", "logger": "httpx", "message": "HTTP Request: POST http://testserver/admin/groups \"HTTP/1.1 200 OK\"", "correlation_id": "3bccbd1704a14be38ca68355430d8428", "service": "index-retriever-mcp-server", "service_instance": "index-retriever-local", "environment": "dev"}
{"timestamp": "2026-07-08T16:50:43.155455Z", "level": "INFO", "logger": "cloud_dog_api_kit.request_logging", "message": "Request started", "correlation_id": "3bccbd1704a14be38ca68355430d8428", "service": "index-retriever-mcp-server", "service_instance": "index-retriever-local", "environment": "dev", "extra": {"request_id": "bf3105dd3df245a791116afae98e2aa9", "correlation_id": null, "user": null, "method": "POST", "path": "/admin/api-keys", "client_ip": "testclient"}}
{"timestamp": "2026-07-08T16:50:43.185085Z", "level": "INFO", "logger": "cloud_dog_api_kit.request_logging", "message": "Request completed", "correlation_id": "3bccbd1704a14be38ca68355430d8428", "service": "index-retriever-mcp-server", "service_instance": "index-retriever-local", "environment": "dev", "extra": {"request_id": "bf3105dd3df245a791116afae98e2aa9", "correlation_id": null, "user": null, "method": "POST", "path": "/admin/api-keys", "status_code": 200, "duration_ms": 22.11, "client_ip": "testclient"}}
{"timestamp": "2026-07-08T16:50:43.192Z", "event_type": "http.create", "actor": {"type": "system", "id": "anonymous", "roles": [], "ip": "testclient", "user_agent": "testclient"}, "action": "create", "outcome": "success", "severity": "INFO", "correlation_id": "3bccbd1704a14be38ca68355430d8428", "trace_id": "3bccbd1704a14be38ca68355430d8428", "request_id": "3bccbd1704a14be38ca68355430d8428", "service": "index-retriever-mcp-server", "service_instance": "index-retriever-local", "component": "http", "source_host": "index-retriever-local", "source_process": "3733358", "source_application": "testclient", "process_id": "3733358", "environment": "dev", "source_address": "testclient:50000", "destination_address": "testserver:80", "target": {"type": "endpoint", "id": "/admin/api-keys", "name": "POST /admin/api-keys"}, "details": {"status_code": 200, "method": "POST", "client_ip": "testclient"}, "duration_ms": 38}
{"timestamp": "2026-07-08T16:50:43.203527Z", "level": "INFO", "logger": "httpx", "message": "HTTP Request: POST http://testserver/admin/api-keys \"HTTP/1.1 200 OK\"", "correlation_id": "3bccbd1704a14be38ca68355430d8428", "service": "index-retriever-mcp-server", "service_instance": "index-retriever-local", "environment": "dev"}
{"timestamp": "2026-07-08T16:50:43.211647Z", "level": "INFO", "logger": "cloud_dog_api_kit.request_logging", "message": "Request started", "correlation_id": "3bccbd1704a14be38ca68355430d8428", "service": "index-retriever-mcp-server", "service_instance": "index-retriever-local", "environment": "dev", "extra": {"request_id": "73961fdf000c47d9bd43e64f2a339814", "correlation_id": null, "user": null, "method": "POST", "path": "/api/v1/tools/admin_collection_create", "client_ip": "testclient"}}
{"timestamp": "2026-07-08T16:50:43.236Z", "event_type": "mcp_tool.mcp.tool.admin_collection_create", "actor": {"type": "service", "id": "apikey:cfg-it-key", "roles": [], "ip": "unknown"}, "action": "mcp.tool.admin_collection_create", "outcome": "success", "severity": "INFO", "correlation_id": "3bccbd1704a14be38ca68355430d8428", "trace_id": "3bccbd1704a14be38ca68355430d8428", "request_id": "3bccbd1704a14be38ca68355430d8428", "service": "unknown", "service_instance": "server0.viewdeck.com", "component": "unknown", "source_host": "server0.viewdeck.com", "source_process": "3733358", "source_application": "unknown", "process_id": "3733358", "environment": "dev", "target": {"type": "mcp_tool", "id": "admin_collection_create"}, "details": {"details": {"phase": "invoke", "profile": "cfg_it", "collection": "cfg_docs"}}}
{"timestamp": "2026-07-08T16:50:43.952343Z", "level": "INFO", "logger": "httpx", "message": "HTTP Request: GET https://chroma.cloud-dog.net/api/v2/tenants/default_tenant/databases/default_database/collections \"HTTP/1.1 200 OK\"", "correlation_id": "3bccbd1704a14be38ca68355430d8428", "service": "index-retriever-mcp-server", "service_instance": "server0.viewdeck.com", "environment": "dev"}
{"timestamp": "2026-07-08T16:50:44.765789Z", "level": "INFO", "logger": "httpx", "message": "HTTP Request: POST https://llm2.cloud-dog.net/api/embeddings \"HTTP/1.1 200 OK\"", "correlation_id": "3bccbd1704a14be38ca68355430d8428", "service": "index-retriever-mcp-server", "service_instance": "server0.viewdeck.com", "environment": "dev"}
{"timestamp": "2026-07-08T16:50:44.791955Z", "level": "INFO", "logger": "httpx", "message": "HTTP Request: POST https://chroma.cloud-dog.net/api/v2/tenants/default_tenant/databases/default_database/collections \"HTTP/1.1 200 OK\"", "correlation_id": "3bccbd1704a14be38ca68355430d8428", "service": "index-retriever-mcp-server", "service_instance": "server0.viewdeck.com", "environment": "dev"}
{"timestamp": "2026-07-08T16:50:44.817903Z", "level": "INFO", "logger": "cloud_dog_api_kit.request_logging", "message": "Request completed", "correlation_id": "3bccbd1704a14be38ca68355430d8428", "service": "index-retriever-mcp-server", "service_instance": "index-retriever-local", "environment": "dev", "extra": {"request_id": "73961fdf000c47d9bd43e64f2a339814", "correlation_id": null, "user": null, "method": "POST", "path": "/api/v1/tools/admin_collection_create", "status_code": 200, "duration_ms": 1597.53, "client_ip": "testclient"}}
{"timestamp": "2026-07-08T16:50:44.826Z", "event_type": "http.create", "actor": {"type": "system", "id": "anonymous", "roles": [], "ip": "testclient", "user_agent": "testclient"}, "action": "create", "outcome": "success", "severity": "INFO", "correlation_id": "3bccbd1704a14be38ca68355430d8428", "trace_id": "3bccbd1704a14be38ca68355430d8428", "request_id": "3bccbd1704a14be38ca68355430d8428", "service": "index-retriever-mcp-server", "service_instance": "index-retriever-local", "component": "http", "source_host": "index-retriever-local", "source_process": "3733358", "source_application": "testclient", "process_id": "3733358", "environment": "dev", "source_address": "testclient:50000", "destination_address": "testserver:80", "target": {"type": "endpoint", "id": "/api/v1/tools/admin_collection_create", "name": "POST /api/v1/tools/admin_collection_create"}, "details": {"status_code": 200, "method": "POST", "client_ip": "testclient"}, "duration_ms": 1614}
{"timestamp": "2026-07-08T16:50:44.838103Z", "level": "INFO", "logger": "httpx", "message": "HTTP Request: POST http://testserver/api/v1/tools/admin_collection_create \"HTTP/1.1 200 OK\"", "correlation_id": "3bccbd1704a14be38ca68355430d8428", "service": "index-retriever-mcp-server", "service_instance": "index-retriever-local", "environment": "dev"}
{"timestamp": "2026-07-08T16:50:44.848400Z", "level": "INFO", "logger": "cloud_dog_api_kit.request_logging", "message": "Request started", "correlation_id": "3bccbd1704a14be38ca68355430d8428", "service": "index-retriever-mcp-server", "service_instance": "index-retriever-local", "environment": "dev", "extra": {"request_id": "4b81baabcd4946268261e7afd4eb0f5c", "correlation_id": null, "user": null, "method": "POST", "path": "/api/v1/tools/ingest_text", "client_ip": "testclient"}}
{"timestamp": "2026-07-08T16:50:44.865Z", "event_type": "mcp_tool.mcp.tool.ingest_text", "actor": {"type": "service", "id": "apikey:cfg-it-key", "roles": [], "ip": "unknown"}, "action": "mcp.tool.ingest_text", "outcome": "success", "severity": "INFO", "correlation_id": "3bccbd1704a14be38ca68355430d8428", "trace_id": "3bccbd1704a14be38ca68355430d8428", "request_id": "3bccbd1704a14be38ca68355430d8428", "service": "unknown", "service_instance": "server0.viewdeck.com", "component": "unknown", "source_host": "server0.viewdeck.com", "source_process": "3733358", "source_application": "unknown", "process_id": "3733358", "environment": "dev", "target": {"type": "mcp_tool", "id": "ingest_text"}, "details": {"details": {"phase": "invoke", "profile": "cfg_it", "collection": "cfg_docs"}}}
{"timestamp": "2026-07-08T16:50:45.370453Z", "level": "INFO", "logger": "httpx", "message": "HTTP Request: POST https://llm2.cloud-dog.net/api/embeddings \"HTTP/1.1 200 OK\"", "correlation_id": "3bccbd1704a14be38ca68355430d8428", "service": "index-retriever-mcp-server", "service_instance": "server0.viewdeck.com", "environment": "dev"}
{"timestamp": "2026-07-08T16:50:46.055022Z", "level": "INFO", "logger": "httpx", "message": "HTTP Request: GET https://chroma.cloud-dog.net/api/v2/tenants/default_tenant/databases/default_database/collections \"HTTP/1.1 200 OK\"", "correlation_id": "3bccbd1704a14be38ca68355430d8428", "service": "index-retriever-mcp-server", "service_instance": "server0.viewdeck.com", "environment": "dev"}
{"timestamp": "2026-07-08T16:50:47.079852Z", "level": "INFO", "logger": "httpx", "message": "HTTP Request: POST https://chroma.cloud-dog.net/api/v2/tenants/default_tenant/databases/default_database/collections/b4cab3ea-6071-46dd-b6fb-00723160822c/upsert \"HTTP/1.1 200 OK\"", "correlation_id": "3bccbd1704a14be38ca68355430d8428", "service": "index-retriever-mcp-server", "service_instance": "server0.viewdeck.com", "environment": "dev"}
{"timestamp": "2026-07-08T16:50:47.191401Z", "level": "INFO", "logger": "cloud_dog_api_kit.request_logging", "message": "Request completed", "correlation_id": "3bccbd1704a14be38ca68355430d8428", "service": "index-retriever-mcp-server", "service_instance": "index-retriever-local", "environment": "dev", "extra": {"request_id": "4b81baabcd4946268261e7afd4eb0f5c", "correlation_id": null, "user": null, "method": "POST", "path": "/api/v1/tools/ingest_text", "status_code": 200, "duration_ms": 2336.02, "client_ip": "testclient"}}
{"timestamp": "2026-07-08T16:50:47.199Z", "event_type": "http.create", "actor": {"type": "system", "id": "anonymous", "roles": [], "ip": "testclient", "user_agent": "testclient"}, "action": "create", "outcome": "success", "severity": "INFO", "correlation_id": "3bccbd1704a14be38ca68355430d8428", "trace_id": "3bccbd1704a14be38ca68355430d8428", "request_id": "3bccbd1704a14be38ca68355430d8428", "service": "index-retriever-mcp-server", "service_instance": "index-retriever-local", "component": "http", "source_host": "index-retriever-local", "source_process": "3733358", "source_application": "testclient", "process_id": "3733358", "environment": "dev", "source_address": "testclient:50000", "destination_address": "testserver:80", "target": {"type": "endpoint", "id": "/api/v1/tools/ingest_text", "name": "POST /api/v1/tools/ingest_text"}, "details": {"status_code": 200, "method": "POST", "client_ip": "testclient"}, "duration_ms": 2351}
{"timestamp": "2026-07-08T16:50:47.209014Z", "level": "INFO", "logger": "httpx", "message": "HTTP Request: POST http://testserver/api/v1/tools/ingest_text \"HTTP/1.1 200 OK\"", "correlation_id": "3bccbd1704a14be38ca68355430d8428", "service": "index-retriever-mcp-server", "service_instance": "index-retriever-local", "environment": "dev"}
{"timestamp": "2026-07-08T16:50:47.219599Z", "level": "INFO", "logger": "cloud_dog_api_kit.request_logging", "message": "Request started", "correlation_id": "3bccbd1704a14be38ca68355430d8428", "service": "index-retriever-mcp-server", "service_instance": "index-retriever-local", "environment": "dev", "extra": {"request_id": "b6a7964bdc6e4918b7aa31c73817fb7c", "correlation_id": null, "user": null, "method": "POST", "path": "/api/v1/tools/search", "client_ip": "testclient"}}
{"timestamp": "2026-07-08T16:50:47.239Z", "event_type": "mcp_tool.mcp.tool.search", "actor": {"type": "service", "id": "apikey:cfg-it-key", "roles": [], "ip": "unknown"}, "action": "mcp.tool.search", "outcome": "success", "severity": "INFO", "correlation_id": "3bccbd1704a14be38ca68355430d8428", "trace_id": "3bccbd1704a14be38ca68355430d8428", "request_id": "3bccbd1704a14be38ca68355430d8428", "service": "unknown", "service_instance": "server0.viewdeck.com", "component": "unknown", "source_host": "server0.viewdeck.com", "source_process": "3733358", "source_application": "unknown", "process_id": "3733358", "environment": "dev", "target": {"type": "mcp_tool", "id": "search"}, "details": {"details": {"phase": "invoke", "profile": "cfg_it", "collection": "cfg_docs"}}}
{"timestamp": "2026-07-08T16:50:47.916026Z", "level": "INFO", "logger": "httpx", "message": "HTTP Request: GET https://chroma.cloud-dog.net/api/v2/tenants/default_tenant/databases/default_database/collections \"HTTP/1.1 200 OK\"", "correlation_id": "3bccbd1704a14be38ca68355430d8428", "service": "index-retriever-mcp-server", "service_instance": "server0.viewdeck.com", "environment": "dev"}
{"timestamp": "2026-07-08T16:50:48.610180Z", "level": "INFO", "logger": "httpx", "message": "HTTP Request: POST https://llm2.cloud-dog.net/api/embeddings \"HTTP/1.1 200 OK\"", "correlation_id": "3bccbd1704a14be38ca68355430d8428", "service": "index-retriever-mcp-server", "service_instance": "server0.viewdeck.com", "environment": "dev"}
{"timestamp": "2026-07-08T16:50:48.713381Z", "level": "INFO", "logger": "httpx", "message": "HTTP Request: POST https://chroma.cloud-dog.net/api/v2/tenants/default_tenant/databases/default_database/collections/b4cab3ea-6071-46dd-b6fb-00723160822c/query \"HTTP/1.1 200 OK\"", "correlation_id": "3bccbd1704a14be38ca68355430d8428", "service": "index-retriever-mcp-server", "service_instance": "server0.viewdeck.com", "environment": "dev"}
{"timestamp": "2026-07-08T16:50:48.725653Z", "level": "INFO", "logger": "cloud_dog_api_kit.request_logging", "message": "Request completed", "correlation_id": "3bccbd1704a14be38ca68355430d8428", "service": "index-retriever-mcp-server", "service_instance": "index-retriever-local", "environment": "dev", "extra": {"request_id": "b6a7964bdc6e4918b7aa31c73817fb7c", "correlation_id": null, "user": null, "method": "POST", "path": "/api/v1/tools/search", "status_code": 200, "duration_ms": 1497.08, "client_ip": "testclient"}}
{"timestamp": "2026-07-08T16:50:48.735Z", "event_type": "http.create", "actor": {"type": "system", "id": "anonymous", "roles": [], "ip": "testclient", "user_agent": "testclient"}, "action": "create", "outcome": "success", "severity": "INFO", "correlation_id": "3bccbd1704a14be38ca68355430d8428", "trace_id": "3bccbd1704a14be38ca68355430d8428", "request_id": "3bccbd1704a14be38ca68355430d8428", "service": "index-retriever-mcp-server", "service_instance": "index-retriever-local", "component": "http", "source_host": "index-retriever-local", "source_process": "3733358", "source_application": "testclient", "process_id": "3733358", "environment": "dev", "source_address": "testclient:50000", "destination_address": "testserver:80", "target": {"type": "endpoint", "id": "/api/v1/tools/search", "name": "POST /api/v1/tools/search"}, "details": {"status_code": 200, "method": "POST", "client_ip": "testclient"}, "duration_ms": 1516}
{"timestamp": "2026-07-08T16:50:48.744190Z", "level": "INFO", "logger": "httpx", "message": "HTTP Request: POST http://testserver/api/v1/tools/search \"HTTP/1.1 200 OK\"", "correlation_id": "3bccbd1704a14be38ca68355430d8428", "service": "index-retriever-mcp-server", "service_instance": "index-retriever-local", "environment": "dev"}
{"timestamp": "2026-07-08T16:50:48.754056Z", "level": "INFO", "logger": "cloud_dog_api_kit.request_logging", "message": "Request started", "correlation_id": "3bccbd1704a14be38ca68355430d8428", "service": "index-retriever-mcp-server", "service_instance": "index-retriever-local", "environment": "dev", "extra": {"request_id": "1d937025767644c88dad575a9215872d", "correlation_id": null, "user": null, "method": "GET", "path": "/a2a/events", "client_ip": "testclient"}}
{"timestamp": "2026-07-08T16:50:48.781299Z", "level": "INFO", "logger": "cloud_dog_api_kit.request_logging", "message": "Request completed", "correlation_id": "3bccbd1704a14be38ca68355430d8428", "service": "index-retriever-mcp-server", "service_instance": "index-retriever-local", "environment": "dev", "extra": {"request_id": "1d937025767644c88dad575a9215872d", "correlation_id": null, "user": null, "method": "GET", "path": "/a2a/events", "status_code": 200, "duration_ms": 16.23, "client_ip": "testclient"}}
{"timestamp": "2026-07-08T16:50:48.789Z", "event_type": "http.read", "actor": {"type": "system", "id": "anonymous", "roles": [], "ip": "testclient", "user_agent": "testclient"}, "action": "read", "outcome": "success", "severity": "INFO", "correlation_id": "3bccbd1704a14be38ca68355430d8428", "trace_id": "3bccbd1704a14be38ca68355430d8428", "request_id": "3bccbd1704a14be38ca68355430d8428", "service": "index-retriever-mcp-server", "service_instance": "index-retriever-local", "component": "http", "source_host": "index-retriever-local", "source_process": "3733358", "source_application": "testclient", "process_id": "3733358", "environment": "dev", "source_address": "testclient:50000", "destination_address": "testserver:80", "target": {"type": "endpoint", "id": "/a2a/events", "name": "GET /a2a/events"}, "details": {"status_code": 200, "method": "GET", "client_ip": "testclient"}, "duration_ms": 36}
{"timestamp": "2026-07-08T16:50:48.797742Z", "level": "INFO", "logger": "httpx", "message": "HTTP Request: GET http://testserver/a2a/events \"HTTP/1.1 200 OK\"", "correlation_id": "3bccbd1704a14be38ca68355430d8428", "service": "index-retriever-mcp-server", "service_instance": "index-retriever-local", "environment": "dev"}
{"timestamp": "2026-07-08T16:50:48.806754Z", "level": "INFO", "logger": "cloud_dog_api_kit.request_logging", "message": "Request started", "correlation_id": "3bccbd1704a14be38ca68355430d8428", "service": "index-retriever-mcp-server", "service_instance": "index-retriever-local", "environment": "dev", "extra": {"request_id": "f6dc77e2a084486bbc96db63ea616a31", "correlation_id": null, "user": null, "method": "DELETE", "path": "/admin/api-keys/cfg-it-key", "client_ip": "testclient"}}
{"timestamp": "2026-07-08T16:50:48.837331Z", "level": "INFO", "logger": "cloud_dog_api_kit.request_logging", "message": "Request completed", "correlation_id": "3bccbd1704a14be38ca68355430d8428", "service": "index-retriever-mcp-server", "service_instance": "index-retriever-local", "environment": "dev", "extra": {"request_id": "f6dc77e2a084486bbc96db63ea616a31", "correlation_id": null, "user": null, "method": "DELETE", "path": "/admin/api-keys/cfg-it-key", "status_code": 200, "duration_ms": 20.13, "client_ip": "testclient"}}
{"timestamp": "2026-07-08T16:50:48.845Z", "event_type": "http.delete", "actor": {"type": "system", "id": "anonymous", "roles": [], "ip": "testclient", "user_agent": "testclient"}, "action": "delete", "outcome": "success", "severity": "INFO", "correlation_id": "3bccbd1704a14be38ca68355430d8428", "trace_id": "3bccbd1704a14be38ca68355430d8428", "request_id": "3bccbd1704a14be38ca68355430d8428", "service": "index-retriever-mcp-server", "service_instance": "index-retriever-local", "component": "http", "source_host": "index-retriever-local", "source_process": "3733358", "source_application": "testclient", "process_id": "3733358", "environment": "dev", "source_address": "testclient:50000", "destination_address": "testserver:80", "target": {"type": "endpoint", "id": "/admin/api-keys/cfg-it-key", "name": "DELETE /admin/api-keys/cfg-it-key"}, "details": {"status_code": 200, "method": "DELETE", "client_ip": "testclient"}, "duration_ms": 39}
{"timestamp": "2026-07-08T16:50:48.853897Z", "level": "INFO", "logger": "httpx", "message": "HTTP Request: DELETE http://testserver/admin/api-keys/cfg-it-key \"HTTP/1.1 200 OK\"", "correlation_id": "3bccbd1704a14be38ca68355430d8428", "service": "index-retriever-mcp-server", "service_instance": "index-retriever-local", "environment": "dev"}
{"timestamp": "2026-07-08T16:50:48.865083Z", "level": "INFO", "logger": "cloud_dog_api_kit.request_logging", "message": "Request started", "correlation_id": "3bccbd1704a14be38ca68355430d8428", "service": "index-retriever-mcp-server", "service_instance": "index-retriever-local", "environment": "dev", "extra": {"request_id": "d49285d8ea414c2291b2d617f22e6428", "correlation_id": null, "user": null, "method": "DELETE", "path": "/admin/groups/ops", "client_ip": "testclient"}}
{"timestamp": "2026-07-08T16:50:48.892272Z", "level": "INFO", "logger": "cloud_dog_api_kit.request_logging", "message": "Request completed", "correlation_id": "3bccbd1704a14be38ca68355430d8428", "service": "index-retriever-mcp-server", "service_instance": "index-retriever-local", "environment": "dev", "extra": {"request_id": "d49285d8ea414c2291b2d617f22e6428", "correlation_id": null, "user": null, "method": "DELETE", "path": "/admin/groups/ops", "status_code": 200, "duration_ms": 16.92, "client_ip": "testclient"}}
{"timestamp": "2026-07-08T16:50:48.900Z", "event_type": "http.delete", "actor": {"type": "system", "id": "anonymous", "roles": [], "ip": "testclient", "user_agent": "testclient"}, "action": "delete", "outcome": "success", "severity": "INFO", "correlation_id": "3bccbd1704a14be38ca68355430d8428", "trace_id": "3bccbd1704a14be38ca68355430d8428", "request_id": "3bccbd1704a14be38ca68355430d8428", "service": "index-retriever-mcp-server", "service_instance": "index-retriever-local", "component": "http", "source_host": "index-retriever-local", "source_process": "3733358", "source_application": "testclient", "process_id": "3733358", "environment": "dev", "source_address": "testclient:50000", "destination_address": "testserver:80", "target": {"type": "endpoint", "id": "/admin/groups/ops", "name": "DELETE /admin/groups/ops"}, "details": {"status_code": 200, "method": "DELETE", "client_ip": "testclient"}, "duration_ms": 35}
{"timestamp": "2026-07-08T16:50:48.908837Z", "level": "INFO", "logger": "httpx", "message": "HTTP Request: DELETE http://testserver/admin/groups/ops \"HTTP/1.1 200 OK\"", "correlation_id": "3bccbd1704a14be38ca68355430d8428", "service": "index-retriever-mcp-server", "service_instance": "index-retriever-local", "environment": "dev"}
{"timestamp": "2026-07-08T16:50:48.921272Z", "level": "INFO", "logger": "cloud_dog_api_kit.request_logging", "message": "Request started", "correlation_id": "3bccbd1704a14be38ca68355430d8428", "service": "index-retriever-mcp-server", "service_instance": "index-retriever-local", "environment": "dev", "extra": {"request_id": "1f7e162fa245430ba63da059ec916739", "correlation_id": null, "user": null, "method": "DELETE", "path": "/admin/users/cfg-user", "client_ip": "testclient"}}
{"timestamp": "2026-07-08T16:50:48.946129Z", "level": "INFO", "logger": "cloud_dog_api_kit.request_logging", "message": "Request completed", "correlation_id": "3bccbd1704a14be38ca68355430d8428", "service": "index-retriever-mcp-server", "service_instance": "index-retriever-local", "environment": "dev", "extra": {"request_id": "1f7e162fa245430ba63da059ec916739", "correlation_id": null, "user": null, "method": "DELETE", "path": "/admin/users/cfg-user", "status_code": 200, "duration_ms": 16.44, "client_ip": "testclient"}}
{"timestamp": "2026-07-08T16:50:48.953Z", "event_type": "http.delete", "actor": {"type": "system", "id": "anonymous", "roles": [], "ip": "testclient", "user_agent": "testclient"}, "action": "delete", "outcome": "success", "severity": "INFO", "correlation_id": "3bccbd1704a14be38ca68355430d8428", "trace_id": "3bccbd1704a14be38ca68355430d8428", "request_id": "3bccbd1704a14be38ca68355430d8428", "service": "index-retriever-mcp-server", "service_instance": "index-retriever-local", "component": "http", "source_host": "index-retriever-local", "source_process": "3733358", "source_application": "testclient", "process_id": "3733358", "environment": "dev", "source_address": "testclient:50000", "destination_address": "testserver:80", "target": {"type": "endpoint", "id": "/admin/users/cfg-user", "name": "DELETE /admin/users/cfg-user"}, "details": {"status_code": 200, "method": "DELETE", "client_ip": "testclient"}, "duration_ms": 32}
{"timestamp": "2026-07-08T16:50:48.963982Z", "level": "INFO", "logger": "httpx", "message": "HTTP Request: DELETE http://testserver/admin/users/cfg-user \"HTTP/1.1 200 OK\"", "correlation_id": "3bccbd1704a14be38ca68355430d8428", "service": "index-retriever-mcp-server", "service_instance": "index-retriever-local", "environment": "dev"}
{"timestamp": "2026-07-08T16:50:48.974828Z", "level": "INFO", "logger": "cloud_dog_api_kit.request_logging", "message": "Request started", "correlation_id": "3bccbd1704a14be38ca68355430d8428", "service": "index-retriever-mcp-server", "service_instance": "index-retriever-local", "environment": "dev", "extra": {"request_id": "a8baab4cd5a64fd98d6376bc0ca3b47b", "correlation_id": null, "user": null, "method": "DELETE", "path": "/admin/profiles/cfg_it", "client_ip": "testclient"}}
{"timestamp": "2026-07-08T16:50:48.998677Z", "level": "INFO", "logger": "cloud_dog_api_kit.request_logging", "message": "Request completed", "correlation_id": "3bccbd1704a14be38ca68355430d8428", "service": "index-retriever-mcp-server", "service_instance": "index-retriever-local", "environment": "dev", "extra": {"request_id": "a8baab4cd5a64fd98d6376bc0ca3b47b", "correlation_id": null, "user": null, "method": "DELETE", "path": "/admin/profiles/cfg_it", "status_code": 200, "duration_ms": 16.48, "client_ip": "testclient"}}
{"timestamp": "2026-07-08T16:50:49.007Z", "event_type": "http.delete", "actor": {"type": "system", "id": "anonymous", "roles": [], "ip": "testclient", "user_agent": "testclient"}, "action": "delete", "outcome": "success", "severity": "INFO", "correlation_id": "3bccbd1704a14be38ca68355430d8428", "trace_id": "3bccbd1704a14be38ca68355430d8428", "request_id": "3bccbd1704a14be38ca68355430d8428", "service": "index-retriever-mcp-server", "service_instance": "index-retriever-local", "component": "http", "source_host": "index-retriever-local", "source_process": "3733358", "source_application": "testclient", "process_id": "3733358", "environment": "dev", "source_address": "testclient:50000", "destination_address": "testserver:80", "target": {"type": "endpoint", "id": "/admin/profiles/cfg_it", "name": "DELETE /admin/profiles/cfg_it"}, "details": {"status_code": 200, "method": "DELETE", "client_ip": "testclient"}, "duration_ms": 33}
{"timestamp": "2026-07-08T16:50:49.017916Z", "level": "INFO", "logger": "httpx", "message": "HTTP Request: DELETE http://testserver/admin/profiles/cfg_it \"HTTP/1.1 200 OK\"", "correlation_id": "3bccbd1704a14be38ca68355430d8428", "service": "index-retriever-mcp-server", "service_instance": "index-retriever-local", "environment": "dev"}
------------------------------ Captured log call -------------------------------
INFO     cloud_dog_logging.integrity:integrity.py:185 audit_integrity_check
__________________ test_admin_rest_rejects_non_admin_mutation __________________
----------------------------- Captured stdout call -----------------------------
{"timestamp": "2026-07-08T16:50:49.446515Z", "level": "INFO", "logger": "cloud_dog_logging.integrity", "message": "audit_integrity_check", "correlation_id": "3bccbd1704a14be38ca68355430d8428", "service": "index-retriever-mcp-server", "service_instance": "index-retriever-local", "environment": "dev", "extra": {"integrity_record": {"timestamp": "2026-07-08T16:50:49.446Z", "record_type": "audit_integrity_check", "service": "index-retriever-mcp-server", "service_instance": "index-retriever-local", "audit_log_path": "logs/audit.log.jsonl", "hash_algorithm": "sha256", "hash_value": "6cf7f1e1aaf96df93fcca953e8059b3d799f69a5a842b35dd004f37964cc4d30", "file_size_bytes": 523841, "line_count": 595, "last_event_timestamp": "2026-07-08T16:50:49.007Z", "verification_status": "valid", "trigger": "shutdown"}}}
{"timestamp": "2026-07-08T16:50:49.492914Z", "level": "INFO", "logger": "cloud_dog_logging.integrity", "message": "audit_integrity_check", "correlation_id": "3bccbd1704a14be38ca68355430d8428", "service": "index-retriever-mcp-server", "service_instance": "index-retriever-local", "environment": "dev", "extra": {"integrity_record": {"timestamp": "2026-07-08T16:50:49.492Z", "record_type": "audit_integrity_check", "service": "index-retriever-mcp-server", "service_instance": "index-retriever-local", "audit_log_path": "logs/audit.log.jsonl", "hash_algorithm": "sha256", "hash_value": "6cf7f1e1aaf96df93fcca953e8059b3d799f69a5a842b35dd004f37964cc4d30", "file_size_bytes": 523841, "line_count": 595, "last_event_timestamp": "2026-07-08T16:50:49.007Z", "verification_status": "valid", "trigger": "startup"}}}
{"timestamp": "2026-07-08T16:50:50.273411Z", "level": "INFO", "logger": "cloud_dog_api_kit.request_logging", "message": "Request started", "correlation_id": "3bccbd1704a14be38ca68355430d8428", "service": "index-retriever-mcp-server", "service_instance": "index-retriever-local", "environment": "dev", "extra": {"request_id": "2755ceefe109435bae02221bb006a182", "correlation_id": null, "user": null, "method": "POST", "path": "/admin/profiles", "client_ip": "testclient"}}
{"timestamp": "2026-07-08T16:50:50.298086Z", "level": "INFO", "logger": "cloud_dog_api_kit.request_logging", "message": "Request completed", "correlation_id": "3bccbd1704a14be38ca68355430d8428", "service": "index-retriever-mcp-server", "service_instance": "index-retriever-local", "environment": "dev", "extra": {"request_id": "2755ceefe109435bae02221bb006a182", "correlation_id": null, "user": null, "method": "POST", "path": "/admin/profiles", "status_code": 403, "duration_ms": 17.83, "client_ip": "testclient"}}
{"timestamp": "2026-07-08T16:50:50.308Z", "event_type": "http.create", "actor": {"type": "system", "id": "anonymous", "roles": [], "ip": "testclient", "user_agent": "testclient"}, "action": "create", "outcome": "denied", "severity": "ERROR", "correlation_id": "3bccbd1704a14be38ca68355430d8428", "trace_id": "3bccbd1704a14be38ca68355430d8428", "request_id": "3bccbd1704a14be38ca68355430d8428", "service": "index-retriever-mcp-server", "service_instance": "index-retriever-local", "component": "http", "source_host": "index-retriever-local", "source_process": "3733358", "source_application": "testclient", "process_id": "3733358", "environment": "dev", "source_address": "testclient:50000", "destination_address": "testserver:80", "target": {"type": "endpoint", "id": "/admin/profiles", "name": "POST /admin/profiles"}, "details": {"status_code": 403, "method": "POST", "client_ip": "testclient"}, "duration_ms": 35}
{"timestamp": "2026-07-08T16:50:50.317638Z", "level": "INFO", "logger": "httpx", "message": "HTTP Request: POST http://testserver/admin/profiles \"HTTP/1.1 403 Forbidden\"", "correlation_id": "3bccbd1704a14be38ca68355430d8428", "service": "index-retriever-mcp-server", "service_instance": "index-retriever-local", "environment": "dev"}
------------------------------ Captured log call -------------------------------
INFO     cloud_dog_logging.integrity:integrity.py:185 audit_integrity_check
___________ test_mt2_text_and_upload_ingest_store_canonical_metadata ___________
----------------------------- Captured stdout call -----------------------------
{"timestamp": "2026-07-08T16:50:51.405218Z", "level": "INFO", "logger": "httpx", "message": "HTTP Request: GET https://chroma.cloud-dog.net/api/v2/tenants/default_tenant/databases/default_database/collections \"HTTP/1.1 200 OK\"", "correlation_id": "3bccbd1704a14be38ca68355430d8428", "service": "index-retriever-mcp-server", "service_instance": "server0.viewdeck.com", "environment": "dev"}
{"timestamp": "2026-07-08T16:50:52.195749Z", "level": "INFO", "logger": "httpx", "message": "HTTP Request: POST https://llm2.cloud-dog.net/api/embeddings \"HTTP/1.1 200 OK\"", "correlation_id": "3bccbd1704a14be38ca68355430d8428", "service": "index-retriever-mcp-server", "service_instance": "server0.viewdeck.com", "environment": "dev"}
{"timestamp": "2026-07-08T16:50:52.234414Z", "level": "INFO", "logger": "httpx", "message": "HTTP Request: POST https://chroma.cloud-dog.net/api/v2/tenants/default_tenant/databases/default_database/collections \"HTTP/1.1 200 OK\"", "correlation_id": "3bccbd1704a14be38ca68355430d8428", "service": "index-retriever-mcp-server", "service_instance": "server0.viewdeck.com", "environment": "dev"}
{"timestamp": "2026-07-08T16:50:52.629601Z", "level": "INFO", "logger": "httpx", "message": "HTTP Request: POST https://llm2.cloud-dog.net/api/embeddings \"HTTP/1.1 200 OK\"", "correlation_id": "3bccbd1704a14be38ca68355430d8428", "service": "index-retriever-mcp-server", "service_instance": "server0.viewdeck.com", "environment": "dev"}
{"timestamp": "2026-07-08T16:50:53.311141Z", "level": "INFO", "logger": "httpx", "message": "HTTP Request: GET https://chroma.cloud-dog.net/api/v2/tenants/default_tenant/databases/default_database/collections \"HTTP/1.1 200 OK\"", "correlation_id": "3bccbd1704a14be38ca68355430d8428", "service": "index-retriever-mcp-server", "service_instance": "server0.viewdeck.com", "environment": "dev"}
{"timestamp": "2026-07-08T16:50:54.058286Z", "level": "INFO", "logger": "httpx", "message": "HTTP Request: POST https://chroma.cloud-dog.net/api/v2/tenants/default_tenant/databases/default_database/collections/9dddc229-ecff-43f1-be6e-4cc8e38885e4/upsert \"HTTP/1.1 200 OK\"", "correlation_id": "3bccbd1704a14be38ca68355430d8428", "service": "index-retriever-mcp-server", "service_instance": "server0.viewdeck.com", "environment": "dev"}
{"timestamp": "2026-07-08T16:50:54.726111Z", "level": "INFO", "logger": "httpx", "message": "HTTP Request: GET https://chroma.cloud-dog.net/api/v2/tenants/default_tenant/databases/default_database/collections \"HTTP/1.1 200 OK\"", "correlation_id": "3bccbd1704a14be38ca68355430d8428", "service": "index-retriever-mcp-server", "service_instance": "server0.viewdeck.com", "environment": "dev"}
{"timestamp": "2026-07-08T16:50:55.350948Z", "level": "INFO", "logger": "httpx", "message": "HTTP Request: POST https://chroma.cloud-dog.net/api/v2/tenants/default_tenant/databases/default_database/collections \"HTTP/1.1 200 OK\"", "correlation_id": "3bccbd1704a14be38ca68355430d8428", "service": "index-retriever-mcp-server", "service_instance": "server0.viewdeck.com", "environment": "dev"}
{"timestamp": "2026-07-08T16:50:55.696089Z", "level": "INFO", "logger": "httpx", "message": "HTTP Request: POST https://llm2.cloud-dog.net/api/embeddings \"HTTP/1.1 200 OK\"", "correlation_id": "3bccbd1704a14be38ca68355430d8428", "service": "index-retriever-mcp-server", "service_instance": "server0.viewdeck.com", "environment": "dev"}
{"timestamp": "2026-07-08T16:50:56.325684Z", "level": "INFO", "logger": "httpx", "message": "HTTP Request: GET https://chroma.cloud-dog.net/api/v2/tenants/default_tenant/databases/default_database/collections \"HTTP/1.1 200 OK\"", "correlation_id": "3bccbd1704a14be38ca68355430d8428", "service": "index-retriever-mcp-server", "service_instance": "server0.viewdeck.com", "environment": "dev"}
{"timestamp": "2026-07-08T16:50:57.019885Z", "level": "INFO", "logger": "httpx", "message": "HTTP Request: POST https://chroma.cloud-dog.net/api/v2/tenants/default_tenant/databases/default_database/collections/55d4459d-1fce-4978-b095-ded63532e534/upsert \"HTTP/1.1 200 OK\"", "correlation_id": "3bccbd1704a14be38ca68355430d8428", "service": "index-retriever-mcp-server", "service_instance": "server0.viewdeck.com", "environment": "dev"}
{"timestamp": "2026-07-08T16:50:57.684391Z", "level": "INFO", "logger": "httpx", "message": "HTTP Request: GET https://chroma.cloud-dog.net/api/v2/tenants/default_tenant/databases/default_database/collections \"HTTP/1.1 200 OK\"", "correlation_id": "3bccbd1704a14be38ca68355430d8428", "service": "index-retriever-mcp-server", "service_instance": "server0.viewdeck.com", "environment": "dev"}
{"timestamp": "2026-07-08T16:50:58.394726Z", "level": "INFO", "logger": "httpx", "message": "HTTP Request: POST https://llm2.cloud-dog.net/api/embeddings \"HTTP/1.1 200 OK\"", "correlation_id": "3bccbd1704a14be38ca68355430d8428", "service": "index-retriever-mcp-server", "service_instance": "server0.viewdeck.com", "environment": "dev"}
{"timestamp": "2026-07-08T16:50:58.492314Z", "level": "INFO", "logger": "httpx", "message": "HTTP Request: POST https://chroma.cloud-dog.net/api/v2/tenants/default_tenant/databases/default_database/collections/9dddc229-ecff-43f1-be6e-4cc8e38885e4/query \"HTTP/1.1 200 OK\"", "correlation_id": "3bccbd1704a14be38ca68355430d8428", "service": "index-retriever-mcp-server", "service_instance": "server0.viewdeck.com", "environment": "dev"}
{"timestamp": "2026-07-08T16:50:59.076400Z", "level": "INFO", "logger": "httpx", "message": "HTTP Request: GET https://chroma.cloud-dog.net/api/v2/tenants/default_tenant/databases/default_database/collections \"HTTP/1.1 200 OK\"", "correlation_id": "3bccbd1704a14be38ca68355430d8428", "service": "index-retriever-mcp-server", "service_instance": "server0.viewdeck.com", "environment": "dev"}
{"timestamp": "2026-07-08T16:50:59.839345Z", "level": "INFO", "logger": "httpx", "message": "HTTP Request: POST https://llm2.cloud-dog.net/api/embeddings \"HTTP/1.1 200 OK\"", "correlation_id": "3bccbd1704a14be38ca68355430d8428", "service": "index-retriever-mcp-server", "service_instance": "server0.viewdeck.com", "environment": "dev"}
{"timestamp": "2026-07-08T16:50:59.936634Z", "level": "INFO", "logger": "httpx", "message": "HTTP Request: POST https://chroma.cloud-dog.net/api/v2/tenants/default_tenant/databases/default_database/collections/55d4459d-1fce-4978-b095-ded63532e534/query \"HTTP/1.1 200 OK\"", "correlation_id": "3bccbd1704a14be38ca68355430d8428", "service": "index-retriever-mcp-server", "service_instance": "server0.viewdeck.com", "environment": "dev"}
------------------------------ Captured log call -------------------------------
INFO     httpx:_client.py:1740 HTTP Request: GET https://chroma.cloud-dog.net/api/v2/tenants/default_tenant/databases/default_database/collections "HTTP/1.1 200 OK"
INFO     httpx:_client.py:1740 HTTP Request: POST https://llm2.cloud-dog.net/api/embeddings "HTTP/1.1 200 OK"
INFO     httpx:_client.py:1740 HTTP Request: POST https://chroma.cloud-dog.net/api/v2/tenants/default_tenant/databases/default_database/collections "HTTP/1.1 200 OK"
INFO     httpx:_client.py:1740 HTTP Request: POST https://llm2.cloud-dog.net/api/embeddings "HTTP/1.1 200 OK"
INFO     httpx:_client.py:1740 HTTP Request: GET https://chroma.cloud-dog.net/api/v2/tenants/default_tenant/databases/default_database/collections "HTTP/1.1 200 OK"
INFO     httpx:_client.py:1740 HTTP Request: POST https://chroma.cloud-dog.net/api/v2/tenants/default_tenant/databases/default_database/collections/9dddc229-ecff-43f1-be6e-4cc8e38885e4/upsert "HTTP/1.1 200 OK"
INFO     httpx:_client.py:1740 HTTP Request: GET https://chroma.cloud-dog.net/api/v2/tenants/default_tenant/databases/default_database/collections "HTTP/1.1 200 OK"
INFO     httpx:_client.py:1740 HTTP Request: POST https://chroma.cloud-dog.net/api/v2/tenants/default_tenant/databases/default_database/collections "HTTP/1.1 200 OK"
INFO     httpx:_client.py:1740 HTTP Request: POST https://llm2.cloud-dog.net/api/embeddings "HTTP/1.1 200 OK"
INFO     httpx:_client.py:1740 HTTP Request: GET https://chroma.cloud-dog.net/api/v2/tenants/default_tenant/databases/default_database/collections "HTTP/1.1 200 OK"
INFO     httpx:_client.py:1740 HTTP Request: POST https://chroma.cloud-dog.net/api/v2/tenants/default_tenant/databases/default_database/collections/55d4459d-1fce-4978-b095-ded63532e534/upsert "HTTP/1.1 200 OK"
INFO     httpx:_client.py:1740 HTTP Request: GET https://chroma.cloud-dog.net/api/v2/tenants/default_tenant/databases/default_database/collections "HTTP/1.1 200 OK"
INFO     httpx:_client.py:1740 HTTP Request: POST https://llm2.cloud-dog.net/api/embeddings "HTTP/1.1 200 OK"
INFO     httpx:_client.py:1740 HTTP Request: POST https://chroma.cloud-dog.net/api/v2/tenants/default_tenant/databases/default_database/collections/9dddc229-ecff-43f1-be6e-4cc8e38885e4/query "HTTP/1.1 200 OK"
INFO     httpx:_client.py:1740 HTTP Request: GET https://chroma.cloud-dog.net/api/v2/tenants/default_tenant/databases/default_database/collections "HTTP/1.1 200 OK"
INFO     httpx:_client.py:1740 HTTP Request: POST https://llm2.cloud-dog.net/api/embeddings "HTTP/1.1 200 OK"
INFO     httpx:_client.py:1740 HTTP Request: POST https://chroma.cloud-dog.net/api/v2/tenants/default_tenant/databases/default_database/collections/55d4459d-1fce-4978-b095-ded63532e534/query "HTTP/1.1 200 OK"
____ test_mt3_mt4_round_trip_returns_latest_record_with_canonical_metadata _____
----------------------------- Captured stdout call -----------------------------
{"timestamp": "2026-07-08T16:51:01.270110Z", "level": "INFO", "logger": "httpx", "message": "HTTP Request: GET https://chroma.cloud-dog.net/api/v2/tenants/default_tenant/databases/default_database/collections \"HTTP/1.1 200 OK\"", "correlation_id": "3bccbd1704a14be38ca68355430d8428", "service": "index-retriever-mcp-server", "service_instance": "server0.viewdeck.com", "environment": "dev"}
{"timestamp": "2026-07-08T16:51:01.974336Z", "level": "INFO", "logger": "httpx", "message": "HTTP Request: POST https://llm2.cloud-dog.net/api/embeddings \"HTTP/1.1 200 OK\"", "correlation_id": "3bccbd1704a14be38ca68355430d8428", "service": "index-retriever-mcp-server", "service_instance": "server0.viewdeck.com", "environment": "dev"}
{"timestamp": "2026-07-08T16:51:02.000298Z", "level": "INFO", "logger": "httpx", "message": "HTTP Request: POST https://chroma.cloud-dog.net/api/v2/tenants/default_tenant/databases/default_database/collections \"HTTP/1.1 200 OK\"", "correlation_id": "3bccbd1704a14be38ca68355430d8428", "service": "index-retriever-mcp-server", "service_instance": "server0.viewdeck.com", "environment": "dev"}
{"timestamp": "2026-07-08T16:51:02.402341Z", "level": "INFO", "logger": "httpx", "message": "HTTP Request: POST https://llm2.cloud-dog.net/api/embeddings \"HTTP/1.1 200 OK\"", "correlation_id": "3bccbd1704a14be38ca68355430d8428", "service": "index-retriever-mcp-server", "service_instance": "server0.viewdeck.com", "environment": "dev"}
{"timestamp": "2026-07-08T16:51:03.002981Z", "level": "INFO", "logger": "httpx", "message": "HTTP Request: GET https://chroma.cloud-dog.net/api/v2/tenants/default_tenant/databases/default_database/collections \"HTTP/1.1 200 OK\"", "correlation_id": "3bccbd1704a14be38ca68355430d8428", "service": "index-retriever-mcp-server", "service_instance": "server0.viewdeck.com", "environment": "dev"}
{"timestamp": "2026-07-08T16:51:03.816900Z", "level": "INFO", "logger": "httpx", "message": "HTTP Request: POST https://chroma.cloud-dog.net/api/v2/tenants/default_tenant/databases/default_database/collections/01e521ec-fd0b-422a-b14d-fa6daa2e40f5/upsert \"HTTP/1.1 200 OK\"", "correlation_id": "3bccbd1704a14be38ca68355430d8428", "service": "index-retriever-mcp-server", "service_instance": "server0.viewdeck.com", "environment": "dev"}
{"timestamp": "2026-07-08T16:51:04.249021Z", "level": "INFO", "logger": "httpx", "message": "HTTP Request: POST https://llm2.cloud-dog.net/api/embeddings \"HTTP/1.1 200 OK\"", "correlation_id": "3bccbd1704a14be38ca68355430d8428", "service": "index-retriever-mcp-server", "service_instance": "server0.viewdeck.com", "environment": "dev"}
{"timestamp": "2026-07-08T16:51:04.323305Z", "level": "INFO", "logger": "httpx", "message": "HTTP Request: POST https://llm2.cloud-dog.net/api/embeddings \"HTTP/1.1 200 OK\"", "correlation_id": "3bccbd1704a14be38ca68355430d8428", "service": "index-retriever-mcp-server", "service_instance": "server0.viewdeck.com", "environment": "dev"}
{"timestamp": "2026-07-08T16:51:04.942012Z", "level": "INFO", "logger": "httpx", "message": "HTTP Request: GET https://chroma.cloud-dog.net/api/v2/tenants/default_tenant/databases/default_database/collections \"HTTP/1.1 200 OK\"", "correlation_id": "3bccbd1704a14be38ca68355430d8428", "service": "index-retriever-mcp-server", "service_instance": "server0.viewdeck.com", "environment": "dev"}
{"timestamp": "2026-07-08T16:51:05.725606Z", "level": "INFO", "logger": "httpx", "message": "HTTP Request: POST https://chroma.cloud-dog.net/api/v2/tenants/default_tenant/databases/default_database/collections/01e521ec-fd0b-422a-b14d-fa6daa2e40f5/upsert \"HTTP/1.1 200 OK\"", "correlation_id": "3bccbd1704a14be38ca68355430d8428", "service": "index-retriever-mcp-server", "service_instance": "server0.viewdeck.com", "environment": "dev"}
{"timestamp": "2026-07-08T16:51:06.384115Z", "level": "INFO", "logger": "httpx", "message": "HTTP Request: GET https://chroma.cloud-dog.net/api/v2/tenants/default_tenant/databases/default_database/collections \"HTTP/1.1 200 OK\"", "correlation_id": "3bccbd1704a14be38ca68355430d8428", "service": "index-retriever-mcp-server", "service_instance": "server0.viewdeck.com", "environment": "dev"}
{"timestamp": "2026-07-08T16:51:07.106611Z", "level": "INFO", "logger": "httpx", "message": "HTTP Request: POST https://llm2.cloud-dog.net/api/embeddings \"HTTP/1.1 200 OK\"", "correlation_id": "3bccbd1704a14be38ca68355430d8428", "service": "index-retriever-mcp-server", "service_instance": "server0.viewdeck.com", "environment": "dev"}
{"timestamp": "2026-07-08T16:51:07.205422Z", "level": "INFO", "logger": "httpx", "message": "HTTP Request: POST https://chroma.cloud-dog.net/api/v2/tenants/default_tenant/databases/default_database/collections/01e521ec-fd0b-422a-b14d-fa6daa2e40f5/query \"HTTP/1.1 200 OK\"", "correlation_id": "3bccbd1704a14be38ca68355430d8428", "service": "index-retriever-mcp-server", "service_instance": "server0.viewdeck.com", "environment": "dev"}
------------------------------ Captured log call -------------------------------
INFO     httpx:_client.py:1740 HTTP Request: GET https://chroma.cloud-dog.net/api/v2/tenants/default_tenant/databases/default_database/collections "HTTP/1.1 200 OK"
INFO     httpx:_client.py:1740 HTTP Request: POST https://llm2.cloud-dog.net/api/embeddings "HTTP/1.1 200 OK"
INFO     httpx:_client.py:1740 HTTP Request: POST https://chroma.cloud-dog.net/api/v2/tenants/default_tenant/databases/default_database/collections "HTTP/1.1 200 OK"
INFO     httpx:_client.py:1740 HTTP Request: POST https://llm2.cloud-dog.net/api/embeddings "HTTP/1.1 200 OK"
INFO     httpx:_client.py:1740 HTTP Request: GET https://chroma.cloud-dog.net/api/v2/tenants/default_tenant/databases/default_database/collections "HTTP/1.1 200 OK"
INFO     httpx:_client.py:1740 HTTP Request: POST https://chroma.cloud-dog.net/api/v2/tenants/default_tenant/databases/default_database/collections/01e521ec-fd0b-422a-b14d-fa6daa2e40f5/upsert "HTTP/1.1 200 OK"
INFO     httpx:_client.py:1740 HTTP Request: POST https://llm2.cloud-dog.net/api/embeddings "HTTP/1.1 200 OK"
INFO     httpx:_client.py:1740 HTTP Request: POST https://llm2.cloud-dog.net/api/embeddings "HTTP/1.1 200 OK"
INFO     httpx:_client.py:1740 HTTP Request: GET https://chroma.cloud-dog.net/api/v2/tenants/default_tenant/databases/default_database/collections "HTTP/1.1 200 OK"
INFO     httpx:_client.py:1740 HTTP Request: POST https://chroma.cloud-dog.net/api/v2/tenants/default_tenant/databases/default_database/collections/01e521ec-fd0b-422a-b14d-fa6daa2e40f5/upsert "HTTP/1.1 200 OK"
INFO     httpx:_client.py:1740 HTTP Request: GET https://chroma.cloud-dog.net/api/v2/tenants/default_tenant/databases/default_database/collections "HTTP/1.1 200 OK"
INFO     httpx:_client.py:1740 HTTP Request: POST https://llm2.cloud-dog.net/api/embeddings "HTTP/1.1 200 OK"
INFO     httpx:_client.py:1740 HTTP Request: POST https://chroma.cloud-dog.net/api/v2/tenants/default_tenant/databases/default_database/collections/01e521ec-fd0b-422a-b14d-fa6daa2e40f5/query "HTTP/1.1 200 OK"
______ test_mt3_filters_support_required_metadata_pack_management_fields _______
----------------------------- Captured stdout call -----------------------------
{"timestamp": "2026-07-08T16:51:08.172893Z", "level": "INFO", "logger": "httpx", "message": "HTTP Request: GET https://chroma.cloud-dog.net/api/v2/tenants/default_tenant/databases/default_database/collections \"HTTP/1.1 200 OK\"", "correlation_id": "3bccbd1704a14be38ca68355430d8428", "service": "index-retriever-mcp-server", "service_instance": "server0.viewdeck.com", "environment": "dev"}
{"timestamp": "2026-07-08T16:51:08.934693Z", "level": "INFO", "logger": "httpx", "message": "HTTP Request: POST https://llm2.cloud-dog.net/api/embeddings \"HTTP/1.1 200 OK\"", "correlation_id": "3bccbd1704a14be38ca68355430d8428", "service": "index-retriever-mcp-server", "service_instance": "server0.viewdeck.com", "environment": "dev"}
{"timestamp": "2026-07-08T16:51:08.965474Z", "level": "INFO", "logger": "httpx", "message": "HTTP Request: POST https://chroma.cloud-dog.net/api/v2/tenants/default_tenant/databases/default_database/collections \"HTTP/1.1 200 OK\"", "correlation_id": "3bccbd1704a14be38ca68355430d8428", "service": "index-retriever-mcp-server", "service_instance": "server0.viewdeck.com", "environment": "dev"}
{"timestamp": "2026-07-08T16:51:09.359847Z", "level": "INFO", "logger": "httpx", "message": "HTTP Request: POST https://llm2.cloud-dog.net/api/embeddings \"HTTP/1.1 200 OK\"", "correlation_id": "3bccbd1704a14be38ca68355430d8428", "service": "index-retriever-mcp-server", "service_instance": "server0.viewdeck.com", "environment": "dev"}
{"timestamp": "2026-07-08T16:51:10.004206Z", "level": "INFO", "logger": "httpx", "message": "HTTP Request: GET https://chroma.cloud-dog.net/api/v2/tenants/default_tenant/databases/default_database/collections \"HTTP/1.1 200 OK\"", "correlation_id": "3bccbd1704a14be38ca68355430d8428", "service": "index-retriever-mcp-server", "service_instance": "server0.viewdeck.com", "environment": "dev"}
{"timestamp": "2026-07-08T16:51:10.733806Z", "level": "INFO", "logger": "httpx", "message": "HTTP Request: POST https://chroma.cloud-dog.net/api/v2/tenants/default_tenant/databases/default_database/collections/ee4c8892-8b25-4c23-bb85-55c511c2316e/upsert \"HTTP/1.1 200 OK\"", "correlation_id": "3bccbd1704a14be38ca68355430d8428", "service": "index-retriever-mcp-server", "service_instance": "server0.viewdeck.com", "environment": "dev"}
{"timestamp": "2026-07-08T16:51:11.164858Z", "level": "INFO", "logger": "httpx", "message": "HTTP Request: POST https://llm2.cloud-dog.net/api/embeddings \"HTTP/1.1 200 OK\"", "correlation_id": "3bccbd1704a14be38ca68355430d8428", "service": "index-retriever-mcp-server", "service_instance": "server0.viewdeck.com", "environment": "dev"}
{"timestamp": "2026-07-08T16:51:11.785874Z", "level": "INFO", "logger": "httpx", "message": "HTTP Request: GET https://chroma.cloud-dog.net/api/v2/tenants/default_tenant/databases/default_database/collections \"HTTP/1.1 200 OK\"", "correlation_id": "3bccbd1704a14be38ca68355430d8428", "service": "index-retriever-mcp-server", "service_instance": "server0.viewdeck.com", "environment": "dev"}
{"timestamp": "2026-07-08T16:51:12.531902Z", "level": "INFO", "logger": "httpx", "message": "HTTP Request: POST https://chroma.cloud-dog.net/api/v2/tenants/default_tenant/databases/default_database/collections/ee4c8892-8b25-4c23-bb85-55c511c2316e/upsert \"HTTP/1.1 200 OK\"", "correlation_id": "3bccbd1704a14be38ca68355430d8428", "service": "index-retriever-mcp-server", "service_instance": "server0.viewdeck.com", "environment": "dev"}
{"timestamp": "2026-07-08T16:51:13.229364Z", "level": "INFO", "logger": "httpx", "message": "HTTP Request: GET https://chroma.cloud-dog.net/api/v2/tenants/default_tenant/databases/default_database/collections \"HTTP/1.1 200 OK\"", "correlation_id": "3bccbd1704a14be38ca68355430d8428", "service": "index-retriever-mcp-server", "service_instance": "server0.viewdeck.com", "environment": "dev"}
{"timestamp": "2026-07-08T16:51:13.908410Z", "level": "INFO", "logger": "httpx", "message": "HTTP Request: POST https://llm2.cloud-dog.net/api/embeddings \"HTTP/1.1 200 OK\"", "correlation_id": "3bccbd1704a14be38ca68355430d8428", "service": "index-retriever-mcp-server", "service_instance": "server0.viewdeck.com", "environment": "dev"}
{"timestamp": "2026-07-08T16:51:14.137741Z", "level": "INFO", "logger": "httpx", "message": "HTTP Request: POST https://chroma.cloud-dog.net/api/v2/tenants/default_tenant/databases/default_database/collections/ee4c8892-8b25-4c23-bb85-55c511c2316e/query \"HTTP/1.1 200 OK\"", "correlation_id": "3bccbd1704a14be38ca68355430d8428", "service": "index-retriever-mcp-server", "service_instance": "server0.viewdeck.com", "environment": "dev"}
------------------------------ Captured log call -------------------------------
INFO     httpx:_client.py:1740 HTTP Request: GET https://chroma.cloud-dog.net/api/v2/tenants/default_tenant/databases/default_database/collections "HTTP/1.1 200 OK"
INFO     httpx:_client.py:1740 HTTP Request: POST https://llm2.cloud-dog.net/api/embeddings "HTTP/1.1 200 OK"
INFO     httpx:_client.py:1740 HTTP Request: POST https://chroma.cloud-dog.net/api/v2/tenants/default_tenant/databases/default_database/collections "HTTP/1.1 200 OK"
INFO     httpx:_client.py:1740 HTTP Request: POST https://llm2.cloud-dog.net/api/embeddings "HTTP/1.1 200 OK"
INFO     httpx:_client.py:1740 HTTP Request: GET https://chroma.cloud-dog.net/api/v2/tenants/default_tenant/databases/default_database/collections "HTTP/1.1 200 OK"
INFO     httpx:_client.py:1740 HTTP Request: POST https://chroma.cloud-dog.net/api/v2/tenants/default_tenant/databases/default_database/collections/ee4c8892-8b25-4c23-bb85-55c511c2316e/upsert "HTTP/1.1 200 OK"
INFO     httpx:_client.py:1740 HTTP Request: POST https://llm2.cloud-dog.net/api/embeddings "HTTP/1.1 200 OK"
INFO     httpx:_client.py:1740 HTTP Request: GET https://chroma.cloud-dog.net/api/v2/tenants/default_tenant/databases/default_database/collections "HTTP/1.1 200 OK"
INFO     httpx:_client.py:1740 HTTP Request: POST https://chroma.cloud-dog.net/api/v2/tenants/default_tenant/databases/default_database/collections/ee4c8892-8b25-4c23-bb85-55c511c2316e/upsert "HTTP/1.1 200 OK"
INFO     httpx:_client.py:1740 HTTP Request: GET https://chroma.cloud-dog.net/api/v2/tenants/default_tenant/databases/default_database/collections "HTTP/1.1 200 OK"
INFO     httpx:_client.py:1740 HTTP Request: POST https://llm2.cloud-dog.net/api/embeddings "HTTP/1.1 200 OK"
INFO     httpx:_client.py:1740 HTTP Request: POST https://chroma.cloud-dog.net/api/v2/tenants/default_tenant/databases/default_database/collections/ee4c8892-8b25-4c23-bb85-55c511c2316e/query "HTTP/1.1 200 OK"
_______ test_openapi_and_tool_contract_include_canonical_metadata_fields _______
----------------------------- Captured stdout call -----------------------------
{"timestamp": "2026-07-08T16:51:14.594752Z", "level": "INFO", "logger": "cloud_dog_logging.integrity", "message": "audit_integrity_check", "correlation_id": "3bccbd1704a14be38ca68355430d8428", "service": "index-retriever-mcp-server", "service_instance": "index-retriever-local", "environment": "dev", "extra": {"integrity_record": {"timestamp": "2026-07-08T16:51:14.594Z", "record_type": "audit_integrity_check", "service": "index-retriever-mcp-server", "service_instance": "index-retriever-local", "audit_log_path": "logs/audit.log.jsonl", "hash_algorithm": "sha256", "hash_value": "794d59efb19468156e995594e85000c9e33ccbfbe22f66bbabc46b2294190463", "file_size_bytes": 524758, "line_count": 596, "last_event_timestamp": "2026-07-08T16:50:50.308Z", "verification_status": "valid", "trigger": "shutdown"}}}
{"timestamp": "2026-07-08T16:51:14.643937Z", "level": "INFO", "logger": "cloud_dog_logging.integrity", "message": "audit_integrity_check", "correlation_id": "3bccbd1704a14be38ca68355430d8428", "service": "index-retriever-mcp-server", "service_instance": "index-retriever-local", "environment": "dev", "extra": {"integrity_record": {"timestamp": "2026-07-08T16:51:14.643Z", "record_type": "audit_integrity_check", "service": "index-retriever-mcp-server", "service_instance": "index-retriever-local", "audit_log_path": "logs/audit.log.jsonl", "hash_algorithm": "sha256", "hash_value": "794d59efb19468156e995594e85000c9e33ccbfbe22f66bbabc46b2294190463", "file_size_bytes": 524758, "line_count": 596, "last_event_timestamp": "2026-07-08T16:50:50.308Z", "verification_status": "valid", "trigger": "startup"}}}
{"timestamp": "2026-07-08T16:51:15.355863Z", "level": "INFO", "logger": "cloud_dog_api_kit.request_logging", "message": "Request started", "correlation_id": "3bccbd1704a14be38ca68355430d8428", "service": "index-retriever-mcp-server", "service_instance": "index-retriever-local", "environment": "dev", "extra": {"request_id": "181ce087747043a0babadfd9892672df", "correlation_id": null, "user": null, "method": "GET", "path": "/openapi.json", "client_ip": "testclient"}}
{"timestamp": "2026-07-08T16:51:15.714948Z", "level": "INFO", "logger": "cloud_dog_api_kit.request_logging", "message": "Request completed", "correlation_id": "3bccbd1704a14be38ca68355430d8428", "service": "index-retriever-mcp-server", "service_instance": "index-retriever-local", "environment": "dev", "extra": {"request_id": "181ce087747043a0babadfd9892672df", "correlation_id": null, "user": null, "method": "GET", "path": "/openapi.json", "status_code": 200, "duration_ms": 348.88, "client_ip": "testclient"}}
{"timestamp": "2026-07-08T16:51:15.724Z", "event_type": "http.read", "actor": {"type": "system", "id": "anonymous", "roles": [], "ip": "testclient", "user_agent": "testclient"}, "action": "read", "outcome": "success", "severity": "INFO", "correlation_id": "3bccbd1704a14be38ca68355430d8428", "trace_id": "3bccbd1704a14be38ca68355430d8428", "request_id": "3bccbd1704a14be38ca68355430d8428", "service": "index-retriever-mcp-server", "service_instance": "index-retriever-local", "component": "http", "source_host": "index-retriever-local", "source_process": "3733358", "source_application": "testclient", "process_id": "3733358", "environment": "dev", "source_address": "testclient:50000", "destination_address": "testserver:80", "target": {"type": "endpoint", "id": "/openapi.json", "name": "GET /openapi.json"}, "details": {"status_code": 200, "method": "GET", "client_ip": "testclient"}, "duration_ms": 369}
{"timestamp": "2026-07-08T16:51:15.732754Z", "level": "INFO", "logger": "httpx", "message": "HTTP Request: GET http://testserver/openapi.json \"HTTP/1.1 200 OK\"", "correlation_id": "3bccbd1704a14be38ca68355430d8428", "service": "index-retriever-mcp-server", "service_instance": "index-retriever-local", "environment": "dev"}
{"timestamp": "2026-07-08T16:51:15.744336Z", "level": "INFO", "logger": "cloud_dog_api_kit.request_logging", "message": "Request started", "correlation_id": "3bccbd1704a14be38ca68355430d8428", "service": "index-retriever-mcp-server", "service_instance": "index-retriever-local", "environment": "dev", "extra": {"request_id": "2a881ec67a8443ceadc26a5eb0f55e1f", "correlation_id": null, "user": null, "method": "POST", "path": "/api/v1/tools/ingest_preview", "client_ip": "testclient"}}
{"timestamp": "2026-07-08T16:51:15.755Z", "event_type": "mcp_tool.mcp.tool.ingest_preview", "actor": {"type": "service", "id": "configured:2530b9bc4759", "roles": [], "ip": "unknown"}, "action": "mcp.tool.ingest_preview", "outcome": "success", "severity": "INFO", "correlation_id": "3bccbd1704a14be38ca68355430d8428", "trace_id": "3bccbd1704a14be38ca68355430d8428", "request_id": "3bccbd1704a14be38ca68355430d8428", "service": "unknown", "service_instance": "index-retriever-local", "component": "unknown", "source_host": "index-retriever-local", "source_process": "3733358", "source_application": "unknown", "process_id": "3733358", "environment": "dev", "target": {"type": "mcp_tool", "id": "ingest_preview"}, "details": {"details": {"phase": "invoke", "profile": null, "collection": null}}}
{"timestamp": "2026-07-08T16:51:15.765138Z", "level": "INFO", "logger": "cloud_dog_api_kit.request_logging", "message": "Request completed", "correlation_id": "3bccbd1704a14be38ca68355430d8428", "service": "index-retriever-mcp-server", "service_instance": "index-retriever-local", "environment": "dev", "extra": {"request_id": "2a881ec67a8443ceadc26a5eb0f55e1f", "correlation_id": null, "user": null, "method": "POST", "path": "/api/v1/tools/ingest_preview", "status_code": 200, "duration_ms": 13.92, "client_ip": "testclient"}}
{"timestamp": "2026-07-08T16:51:15.774Z", "event_type": "http.create", "actor": {"type": "system", "id": "anonymous", "roles": [], "ip": "testclient", "user_agent": "testclient"}, "action": "create", "outcome": "success", "severity": "INFO", "correlation_id": "3bccbd1704a14be38ca68355430d8428", "trace_id": "3bccbd1704a14be38ca68355430d8428", "request_id": "3bccbd1704a14be38ca68355430d8428", "service": "index-retriever-mcp-server", "service_instance": "index-retriever-local", "component": "http", "source_host": "index-retriever-local", "source_process": "3733358", "source_application": "testclient", "process_id": "3733358", "environment": "dev", "source_address": "testclient:50000", "destination_address": "testserver:80", "target": {"type": "endpoint", "id": "/api/v1/tools/ingest_preview", "name": "POST /api/v1/tools/ingest_preview"}, "details": {"status_code": 200, "method": "POST", "client_ip": "testclient"}, "duration_ms": 31}
{"timestamp": "2026-07-08T16:51:15.783638Z", "level": "INFO", "logger": "httpx", "message": "HTTP Request: POST http://testserver/api/v1/tools/ingest_preview \"HTTP/1.1 200 OK\"", "correlation_id": "3bccbd1704a14be38ca68355430d8428", "service": "index-retriever-mcp-server", "service_instance": "index-retriever-local", "environment": "dev"}
{"timestamp": "2026-07-08T16:51:15.793538Z", "level": "INFO", "logger": "cloud_dog_api_kit.request_logging", "message": "Request started", "correlation_id": "3bccbd1704a14be38ca68355430d8428", "service": "index-retriever-mcp-server", "service_instance": "index-retriever-local", "environment": "dev", "extra": {"request_id": "00688b41ef344c94a3d58c39831b09a7", "correlation_id": null, "user": null, "method": "POST", "path": "/api/v1/tools/table_extract", "client_ip": "testclient"}}
{"timestamp": "2026-07-08T16:51:15.805Z", "event_type": "mcp_tool.mcp.tool.table_extract", "actor": {"type": "service", "id": "configured:ac6fc16fd23f", "roles": [], "ip": "unknown"}, "action": "mcp.tool.table_extract", "outcome": "success", "severity": "INFO", "correlation_id": "3bccbd1704a14be38ca68355430d8428", "trace_id": "3bccbd1704a14be38ca68355430d8428", "request_id": "3bccbd1704a14be38ca68355430d8428", "service": "unknown", "service_instance": "index-retriever-local", "component": "unknown", "source_host": "index-retriever-local", "source_process": "3733358", "source_application": "unknown", "process_id": "3733358", "environment": "dev", "target": {"type": "mcp_tool", "id": "table_extract"}, "details": {"details": {"phase": "invoke", "profile": null, "collection": null}}}
{"timestamp": "2026-07-08T16:51:15.814463Z", "level": "INFO", "logger": "cloud_dog_api_kit.request_logging", "message": "Request completed", "correlation_id": "3bccbd1704a14be38ca68355430d8428", "service": "index-retriever-mcp-server", "service_instance": "index-retriever-local", "environment": "dev", "extra": {"request_id": "00688b41ef344c94a3d58c39831b09a7", "correlation_id": null, "user": null, "method": "POST", "path": "/api/v1/tools/table_extract", "status_code": 200, "duration_ms": 12.95, "client_ip": "testclient"}}
{"timestamp": "2026-07-08T16:51:15.825Z", "event_type": "http.create", "actor": {"type": "system", "id": "anonymous", "roles": [], "ip": "testclient", "user_agent": "testclient"}, "action": "create", "outcome": "success", "severity": "INFO", "correlation_id": "3bccbd1704a14be38ca68355430d8428", "trace_id": "3bccbd1704a14be38ca68355430d8428", "request_id": "3bccbd1704a14be38ca68355430d8428", "service": "index-retriever-mcp-server", "service_instance": "index-retriever-local", "component": "http", "source_host": "index-retriever-local", "source_process": "3733358", "source_application": "testclient", "process_id": "3733358", "environment": "dev", "source_address": "testclient:50000", "destination_address": "testserver:80", "target": {"type": "endpoint", "id": "/api/v1/tools/table_extract", "name": "POST /api/v1/tools/table_extract"}, "details": {"status_code": 200, "method": "POST", "client_ip": "testclient"}, "duration_ms": 32}
{"timestamp": "2026-07-08T16:51:15.834013Z", "level": "INFO", "logger": "httpx", "message": "HTTP Request: POST http://testserver/api/v1/tools/table_extract \"HTTP/1.1 200 OK\"", "correlation_id": "3bccbd1704a14be38ca68355430d8428", "service": "index-retriever-mcp-server", "service_instance": "index-retriever-local", "environment": "dev"}
------------------------------ Captured log call -------------------------------
INFO     cloud_dog_logging.integrity:integrity.py:185 audit_integrity_check
_______________ test_it1_25_group_collection_cascade_live_revoke _______________
----------------------------- Captured stdout call -----------------------------
{"timestamp": "2026-07-08T16:51:16.528263Z", "level": "INFO", "logger": "cloud_dog_logging.integrity", "message": "audit_integrity_check", "correlation_id": "3bccbd1704a14be38ca68355430d8428", "service": "index-retriever-mcp-server", "service_instance": "index-retriever-local", "environment": "dev", "extra": {"integrity_record": {"timestamp": "2026-07-08T16:51:16.528Z", "record_type": "audit_integrity_check", "service": "index-retriever-mcp-server", "service_instance": "index-retriever-local", "audit_log_path": "logs/audit.log.jsonl", "hash_algorithm": "sha256", "hash_value": "e96c0a08c1a202ab351c296f6b0a64ddff4cf25209e61c6e95ed03c2ceaaa958", "file_size_bytes": 529135, "line_count": 601, "last_event_timestamp": "2026-07-08T16:51:15.825Z", "verification_status": "valid", "trigger": "shutdown"}}}
{"timestamp": "2026-07-08T16:51:16.573014Z", "level": "INFO", "logger": "cloud_dog_logging.integrity", "message": "audit_integrity_check", "correlation_id": "3bccbd1704a14be38ca68355430d8428", "service": "index-retriever-mcp-server", "service_instance": "index-retriever-local", "environment": "dev", "extra": {"integrity_record": {"timestamp": "2026-07-08T16:51:16.572Z", "record_type": "audit_integrity_check", "service": "index-retriever-mcp-server", "service_instance": "index-retriever-local", "audit_log_path": "logs/audit.log.jsonl", "hash_algorithm": "sha256", "hash_value": "e96c0a08c1a202ab351c296f6b0a64ddff4cf25209e61c6e95ed03c2ceaaa958", "file_size_bytes": 529135, "line_count": 601, "last_event_timestamp": "2026-07-08T16:51:15.825Z", "verification_status": "valid", "trigger": "startup"}}}
{"timestamp": "2026-07-08T16:51:17.184172Z", "level": "INFO", "logger": "cloud_dog_api_kit.request_logging", "message": "Request started", "correlation_id": "3bccbd1704a14be38ca68355430d8428", "service": "index-retriever-mcp-server", "service_instance": "index-retriever-local", "environment": "dev", "extra": {"request_id": "83797acb74124f9eb6ec4c911ae5f0d5", "correlation_id": null, "user": null, "method": "POST", "path": "/api/v1/tools/admin_api_key_create", "client_ip": "testclient"}}
{"timestamp": "2026-07-08T16:51:17.204Z", "event_type": "mcp_tool.mcp.tool.admin_api_key_create", "actor": {"type": "service", "id": "configured:ac6fc16fd23f", "roles": [], "ip": "unknown"}, "action": "mcp.tool.admin_api_key_create", "outcome": "success", "severity": "INFO", "correlation_id": "3bccbd1704a14be38ca68355430d8428", "trace_id": "3bccbd1704a14be38ca68355430d8428", "request_id": "3bccbd1704a14be38ca68355430d8428", "service": "unknown", "service_instance": "server0.viewdeck.com", "component": "unknown", "source_host": "server0.viewdeck.com", "source_process": "3733358", "source_application": "unknown", "process_id": "3733358", "environment": "dev", "target": {"type": "mcp_tool", "id": "admin_api_key_create"}, "details": {"details": {"phase": "invoke", "profile": null, "collection": null}}}
{"timestamp": "2026-07-08T16:51:17.218044Z", "level": "INFO", "logger": "cloud_dog_api_kit.request_logging", "message": "Request completed", "correlation_id": "3bccbd1704a14be38ca68355430d8428", "service": "index-retriever-mcp-server", "service_instance": "index-retriever-local", "environment": "dev", "extra": {"request_id": "83797acb74124f9eb6ec4c911ae5f0d5", "correlation_id": null, "user": null, "method": "POST", "path": "/api/v1/tools/admin_api_key_create", "status_code": 200, "duration_ms": 25.11, "client_ip": "testclient"}}
{"timestamp": "2026-07-08T16:51:17.225Z", "event_type": "http.create", "actor": {"type": "system", "id": "anonymous", "roles": [], "ip": "testclient", "user_agent": "testclient"}, "action": "create", "outcome": "success", "severity": "INFO", "correlation_id": "3bccbd1704a14be38ca68355430d8428", "trace_id": "3bccbd1704a14be38ca68355430d8428", "request_id": "3bccbd1704a14be38ca68355430d8428", "service": "index-retriever-mcp-server", "service_instance": "index-retriever-local", "component": "http", "source_host": "index-retriever-local", "source_process": "3733358", "source_application": "testclient", "process_id": "3733358", "environment": "dev", "source_address": "testclient:50000", "destination_address": "testserver:80", "target": {"type": "endpoint", "id": "/api/v1/tools/admin_api_key_create", "name": "POST /api/v1/tools/admin_api_key_create"}, "details": {"status_code": 200, "method": "POST", "client_ip": "testclient"}, "duration_ms": 42}
{"timestamp": "2026-07-08T16:51:17.235828Z", "level": "INFO", "logger": "httpx", "message": "HTTP Request: POST http://testserver/api/v1/tools/admin_api_key_create \"HTTP/1.1 200 OK\"", "correlation_id": "3bccbd1704a14be38ca68355430d8428", "service": "index-retriever-mcp-server", "service_instance": "index-retriever-local", "environment": "dev"}
{"timestamp": "2026-07-08T16:51:17.246691Z", "level": "INFO", "logger": "cloud_dog_api_kit.request_logging", "message": "Request started", "correlation_id": "3bccbd1704a14be38ca68355430d8428", "service": "index-retriever-mcp-server", "service_instance": "index-retriever-local", "environment": "dev", "extra": {"request_id": "a9a06d49534f40e4920f48b5a6316dae", "correlation_id": null, "user": null, "method": "POST", "path": "/api/v1/tools/admin_collection_create", "client_ip": "testclient"}}
{"timestamp": "2026-07-08T16:51:17.267Z", "event_type": "mcp_tool.mcp.tool.admin_collection_create", "actor": {"type": "service", "id": "configured:ac6fc16fd23f", "roles": [], "ip": "unknown"}, "action": "mcp.tool.admin_collection_create", "outcome": "success", "severity": "INFO", "correlation_id": "3bccbd1704a14be38ca68355430d8428", "trace_id": "3bccbd1704a14be38ca68355430d8428", "request_id": "3bccbd1704a14be38ca68355430d8428", "service": "unknown", "service_instance": "server0.viewdeck.com", "component": "unknown", "source_host": "server0.viewdeck.com", "source_process": "3733358", "source_application": "unknown", "process_id": "3733358", "environment": "dev", "target": {"type": "mcp_tool", "id": "admin_collection_create"}, "details": {"details": {"phase": "invoke", "profile": "default", "collection": "it125-cascade-c"}}}
{"timestamp": "2026-07-08T16:51:17.921726Z", "level": "INFO", "logger": "httpx", "message": "HTTP Request: GET https://chroma.cloud-dog.net/api/v2/tenants/default_tenant/databases/default_database/collections \"HTTP/1.1 200 OK\"", "correlation_id": "3bccbd1704a14be38ca68355430d8428", "service": "index-retriever-mcp-server", "service_instance": "server0.viewdeck.com", "environment": "dev"}
{"timestamp": "2026-07-08T16:51:18.702411Z", "level": "INFO", "logger": "httpx", "message": "HTTP Request: POST https://llm2.cloud-dog.net/api/embeddings \"HTTP/1.1 200 OK\"", "correlation_id": "3bccbd1704a14be38ca68355430d8428", "service": "index-retriever-mcp-server", "service_instance": "server0.viewdeck.com", "environment": "dev"}
{"timestamp": "2026-07-08T16:51:18.731794Z", "level": "INFO", "logger": "httpx", "message": "HTTP Request: POST https://chroma.cloud-dog.net/api/v2/tenants/default_tenant/databases/default_database/collections \"HTTP/1.1 200 OK\"", "correlation_id": "3bccbd1704a14be38ca68355430d8428", "service": "index-retriever-mcp-server", "service_instance": "server0.viewdeck.com", "environment": "dev"}
{"timestamp": "2026-07-08T16:51:18.754979Z", "level": "INFO", "logger": "cloud_dog_api_kit.request_logging", "message": "Request completed", "correlation_id": "3bccbd1704a14be38ca68355430d8428", "service": "index-retriever-mcp-server", "service_instance": "index-retriever-local", "environment": "dev", "extra": {"request_id": "a9a06d49534f40e4920f48b5a6316dae", "correlation_id": null, "user": null, "method": "POST", "path": "/api/v1/tools/admin_collection_create", "status_code": 200, "duration_ms": 1500.23, "client_ip": "testclient"}}
{"timestamp": "2026-07-08T16:51:18.762Z", "event_type": "http.create", "actor": {"type": "system", "id": "anonymous", "roles": [], "ip": "testclient", "user_agent": "testclient"}, "action": "create", "outcome": "success", "severity": "INFO", "correlation_id": "3bccbd1704a14be38ca68355430d8428", "trace_id": "3bccbd1704a14be38ca68355430d8428", "request_id": "3bccbd1704a14be38ca68355430d8428", "service": "index-retriever-mcp-server", "service_instance": "index-retriever-local", "component": "http", "source_host": "index-retriever-local", "source_process": "3733358", "source_application": "testclient", "process_id": "3733358", "environment": "dev", "source_address": "testclient:50000", "destination_address": "testserver:80", "target": {"type": "endpoint", "id": "/api/v1/tools/admin_collection_create", "name": "POST /api/v1/tools/admin_collection_create"}, "details": {"status_code": 200, "method": "POST", "client_ip": "testclient"}, "duration_ms": 1516}
{"timestamp": "2026-07-08T16:51:18.773601Z", "level": "INFO", "logger": "httpx", "message": "HTTP Request: POST http://testserver/api/v1/tools/admin_collection_create \"HTTP/1.1 200 OK\"", "correlation_id": "3bccbd1704a14be38ca68355430d8428", "service": "index-retriever-mcp-server", "service_instance": "index-retriever-local", "environment": "dev"}
{"timestamp": "2026-07-08T16:51:18.785766Z", "level": "INFO", "logger": "cloud_dog_api_kit.request_logging", "message": "Request started", "correlation_id": "3bccbd1704a14be38ca68355430d8428", "service": "index-retriever-mcp-server", "service_instance": "index-retriever-local", "environment": "dev", "extra": {"request_id": "5d415d22f5d148ceba0e7105d78cf460", "correlation_id": null, "user": null, "method": "POST", "path": "/api/v1/tools/admin_collection_create", "client_ip": "testclient"}}
{"timestamp": "2026-07-08T16:51:18.804Z", "event_type": "mcp_tool.mcp.tool.admin_collection_create", "actor": {"type": "service", "id": "configured:ac6fc16fd23f", "roles": [], "ip": "unknown"}, "action": "mcp.tool.admin_collection_create", "outcome": "success", "severity": "INFO", "correlation_id": "3bccbd1704a14be38ca68355430d8428", "trace_id": "3bccbd1704a14be38ca68355430d8428", "request_id": "3bccbd1704a14be38ca68355430d8428", "service": "unknown", "service_instance": "server0.viewdeck.com", "component": "unknown", "source_host": "server0.viewdeck.com", "source_process": "3733358", "source_application": "unknown", "process_id": "3733358", "environment": "dev", "target": {"type": "mcp_tool", "id": "admin_collection_create"}, "details": {"details": {"phase": "invoke", "profile": "default", "collection": "it125-cascade-d"}}}
{"timestamp": "2026-07-08T16:51:19.418854Z", "level": "INFO", "logger": "httpx", "message": "HTTP Request: GET https://chroma.cloud-dog.net/api/v2/tenants/default_tenant/databases/default_database/collections \"HTTP/1.1 200 OK\"", "correlation_id": "3bccbd1704a14be38ca68355430d8428", "service": "index-retriever-mcp-server", "service_instance": "server0.viewdeck.com", "environment": "dev"}
{"timestamp": "2026-07-08T16:51:20.062562Z", "level": "INFO", "logger": "httpx", "message": "HTTP Request: POST https://chroma.cloud-dog.net/api/v2/tenants/default_tenant/databases/default_database/collections \"HTTP/1.1 200 OK\"", "correlation_id": "3bccbd1704a14be38ca68355430d8428", "service": "index-retriever-mcp-server", "service_instance": "server0.viewdeck.com", "environment": "dev"}
{"timestamp": "2026-07-08T16:51:20.081410Z", "level": "INFO", "logger": "cloud_dog_api_kit.request_logging", "message": "Request completed", "correlation_id": "3bccbd1704a14be38ca68355430d8428", "service": "index-retriever-mcp-server", "service_instance": "index-retriever-local", "environment": "dev", "extra": {"request_id": "5d415d22f5d148ceba0e7105d78cf460", "correlation_id": null, "user": null, "method": "POST", "path": "/api/v1/tools/admin_collection_create", "status_code": 200, "duration_ms": 1288.05, "client_ip": "testclient"}}
{"timestamp": "2026-07-08T16:51:20.091Z", "event_type": "http.create", "actor": {"type": "system", "id": "anonymous", "roles": [], "ip": "testclient", "user_agent": "testclient"}, "action": "create", "outcome": "success", "severity": "INFO", "correlation_id": "3bccbd1704a14be38ca68355430d8428", "trace_id": "3bccbd1704a14be38ca68355430d8428", "request_id": "3bccbd1704a14be38ca68355430d8428", "service": "index-retriever-mcp-server", "service_instance": "index-retriever-local", "component": "http", "source_host": "index-retriever-local", "source_process": "3733358", "source_application": "testclient", "process_id": "3733358", "environment": "dev", "source_address": "testclient:50000", "destination_address": "testserver:80", "target": {"type": "endpoint", "id": "/api/v1/tools/admin_collection_create", "name": "POST /api/v1/tools/admin_collection_create"}, "details": {"status_code": 200, "method": "POST", "client_ip": "testclient"}, "duration_ms": 1305}
{"timestamp": "2026-07-08T16:51:20.100351Z", "level": "INFO", "logger": "httpx", "message": "HTTP Request: POST http://testserver/api/v1/tools/admin_collection_create \"HTTP/1.1 200 OK\"", "correlation_id": "3bccbd1704a14be38ca68355430d8428", "service": "index-retriever-mcp-server", "service_instance": "index-retriever-local", "environment": "dev"}
{"timestamp": "2026-07-08T16:51:20.109817Z", "level": "INFO", "logger": "cloud_dog_api_kit.request_logging", "message": "Request started", "correlation_id": "3bccbd1704a14be38ca68355430d8428", "service": "index-retriever-mcp-server", "service_instance": "index-retriever-local", "environment": "dev", "extra": {"request_id": "bc3e4b33f0e241dcaee2a882ff636491", "correlation_id": null, "user": null, "method": "POST", "path": "/api/v1/tools/admin_group_create", "client_ip": "testclient"}}
{"timestamp": "2026-07-08T16:51:20.131Z", "event_type": "mcp_tool.mcp.tool.admin_group_create", "actor": {"type": "service", "id": "configured:ac6fc16fd23f", "roles": [], "ip": "unknown"}, "action": "mcp.tool.admin_group_create", "outcome": "success", "severity": "INFO", "correlation_id": "3bccbd1704a14be38ca68355430d8428", "trace_id": "3bccbd1704a14be38ca68355430d8428", "request_id": "3bccbd1704a14be38ca68355430d8428", "service": "unknown", "service_instance": "server0.viewdeck.com", "component": "unknown", "source_host": "server0.viewdeck.com", "source_process": "3733358", "source_application": "unknown", "process_id": "3733358", "environment": "dev", "target": {"type": "mcp_tool", "id": "admin_group_create"}, "details": {"details": {"phase": "invoke", "profile": null, "collection": null}}}
{"timestamp": "2026-07-08T16:51:20.144196Z", "level": "INFO", "logger": "cloud_dog_api_kit.request_logging", "message": "Request completed", "correlation_id": "3bccbd1704a14be38ca68355430d8428", "service": "index-retriever-mcp-server", "service_instance": "index-retriever-local", "environment": "dev", "extra": {"request_id": "bc3e4b33f0e241dcaee2a882ff636491", "correlation_id": null, "user": null, "method": "POST", "path": "/api/v1/tools/admin_group_create", "status_code": 200, "duration_ms": 27.34, "client_ip": "testclient"}}
{"timestamp": "2026-07-08T16:51:20.152Z", "event_type": "http.create", "actor": {"type": "system", "id": "anonymous", "roles": [], "ip": "testclient", "user_agent": "testclient"}, "action": "create", "outcome": "success", "severity": "INFO", "correlation_id": "3bccbd1704a14be38ca68355430d8428", "trace_id": "3bccbd1704a14be38ca68355430d8428", "request_id": "3bccbd1704a14be38ca68355430d8428", "service": "index-retriever-mcp-server", "service_instance": "index-retriever-local", "component": "http", "source_host": "index-retriever-local", "source_process": "3733358", "source_application": "testclient", "process_id": "3733358", "environment": "dev", "source_address": "testclient:50000", "destination_address": "testserver:80", "target": {"type": "endpoint", "id": "/api/v1/tools/admin_group_create", "name": "POST /api/v1/tools/admin_group_create"}, "details": {"status_code": 200, "method": "POST", "client_ip": "testclient"}, "duration_ms": 43}
{"timestamp": "2026-07-08T16:51:20.164037Z", "level": "INFO", "logger": "httpx", "message": "HTTP Request: POST http://testserver/api/v1/tools/admin_group_create \"HTTP/1.1 200 OK\"", "correlation_id": "3bccbd1704a14be38ca68355430d8428", "service": "index-retriever-mcp-server", "service_instance": "index-retriever-local", "environment": "dev"}
{"timestamp": "2026-07-08T16:51:20.174208Z", "level": "INFO", "logger": "cloud_dog_api_kit.request_logging", "message": "Request started", "correlation_id": "3bccbd1704a14be38ca68355430d8428", "service": "index-retriever-mcp-server", "service_instance": "index-retriever-local", "environment": "dev", "extra": {"request_id": "de50c856e79344febc89c7db452b93f3", "correlation_id": null, "user": null, "method": "POST", "path": "/api/v1/tools/admin_rbac_bind", "client_ip": "testclient"}}
{"timestamp": "2026-07-08T16:51:20.191Z", "event_type": "mcp_tool.mcp.tool.admin_rbac_bind", "actor": {"type": "service", "id": "configured:ac6fc16fd23f", "roles": [], "ip": "unknown"}, "action": "mcp.tool.admin_rbac_bind", "outcome": "success", "severity": "INFO", "correlation_id": "3bccbd1704a14be38ca68355430d8428", "trace_id": "3bccbd1704a14be38ca68355430d8428", "request_id": "3bccbd1704a14be38ca68355430d8428", "service": "unknown", "service_instance": "server0.viewdeck.com", "component": "unknown", "source_host": "server0.viewdeck.com", "source_process": "3733358", "source_application": "unknown", "process_id": "3733358", "environment": "dev", "target": {"type": "mcp_tool", "id": "admin_rbac_bind"}, "details": {"details": {"phase": "invoke", "profile": null, "collection": null}}}
{"timestamp": "2026-07-08T16:51:20.229486Z", "level": "INFO", "logger": "cloud_dog_api_kit.request_logging", "message": "Request completed", "correlation_id": "3bccbd1704a14be38ca68355430d8428", "service": "index-retriever-mcp-server", "service_instance": "index-retriever-local", "environment": "dev", "extra": {"request_id": "de50c856e79344febc89c7db452b93f3", "correlation_id": null, "user": null, "method": "POST", "path": "/api/v1/tools/admin_rbac_bind", "status_code": 200, "duration_ms": 48.49, "client_ip": "testclient"}}
{"timestamp": "2026-07-08T16:51:20.237Z", "event_type": "http.create", "actor": {"type": "system", "id": "anonymous", "roles": [], "ip": "testclient", "user_agent": "testclient"}, "action": "create", "outcome": "success", "severity": "INFO", "correlation_id": "3bccbd1704a14be38ca68355430d8428", "trace_id": "3bccbd1704a14be38ca68355430d8428", "request_id": "3bccbd1704a14be38ca68355430d8428", "service": "index-retriever-mcp-server", "service_instance": "index-retriever-local", "component": "http", "source_host": "index-retriever-local", "source_process": "3733358", "source_application": "testclient", "process_id": "3733358", "environment": "dev", "source_address": "testclient:50000", "destination_address": "testserver:80", "target": {"type": "endpoint", "id": "/api/v1/tools/admin_rbac_bind", "name": "POST /api/v1/tools/admin_rbac_bind"}, "details": {"status_code": 200, "method": "POST", "client_ip": "testclient"}, "duration_ms": 64}
{"timestamp": "2026-07-08T16:51:20.246898Z", "level": "INFO", "logger": "httpx", "message": "HTTP Request: POST http://testserver/api/v1/tools/admin_rbac_bind \"HTTP/1.1 200 OK\"", "correlation_id": "3bccbd1704a14be38ca68355430d8428", "service": "index-retriever-mcp-server", "service_instance": "index-retriever-local", "environment": "dev"}
{"timestamp": "2026-07-08T16:51:20.256498Z", "level": "INFO", "logger": "cloud_dog_api_kit.request_logging", "message": "Request started", "correlation_id": "3bccbd1704a14be38ca68355430d8428", "service": "index-retriever-mcp-server", "service_instance": "index-retriever-local", "environment": "dev", "extra": {"request_id": "2034cef2b7b14084bb4c8538acae9313", "correlation_id": null, "user": null, "method": "POST", "path": "/api/v1/tools/collection_get", "client_ip": "testclient"}}
{"timestamp": "2026-07-08T16:51:20.277Z", "event_type": "mcp_tool.mcp.tool.collection_get", "actor": {"type": "service", "id": "apikey:it125-gukey", "roles": [], "ip": "unknown"}, "action": "mcp.tool.collection_get", "outcome": "success", "severity": "INFO", "correlation_id": "3bccbd1704a14be38ca68355430d8428", "trace_id": "3bccbd1704a14be38ca68355430d8428", "request_id": "3bccbd1704a14be38ca68355430d8428", "service": "unknown", "service_instance": "server0.viewdeck.com", "component": "unknown", "source_host": "server0.viewdeck.com", "source_process": "3733358", "source_application": "unknown", "process_id": "3733358", "environment": "dev", "target": {"type": "mcp_tool", "id": "collection_get"}, "details": {"details": {"phase": "invoke", "profile": "default", "collection": "it125-cascade-c"}}}
{"timestamp": "2026-07-08T16:51:20.288Z", "event_type": "mcp_tool.mcp.tool.collection_get", "actor": {"type": "service", "id": "apikey:it125-gukey", "roles": [], "ip": "unknown"}, "action": "mcp.tool.collection_get", "outcome": "denied", "severity": "ERROR", "correlation_id": "3bccbd1704a14be38ca68355430d8428", "trace_id": "3bccbd1704a14be38ca68355430d8428", "request_id": "3bccbd1704a14be38ca68355430d8428", "service": "unknown", "service_instance": "server0.viewdeck.com", "component": "unknown", "source_host": "server0.viewdeck.com", "source_process": "3733358", "source_application": "unknown", "process_id": "3733358", "environment": "dev", "target": {"type": "mcp_tool", "id": "collection_get"}, "details": {"details": {"permission": "collection.read", "resource_type": "collection", "resource_id": "default:it125-cascade-c", "roles": ["restricted"]}}}
{"timestamp": "2026-07-08T16:51:20.295598Z", "level": "INFO", "logger": "cloud_dog_api_kit.request_logging", "message": "Request completed", "correlation_id": "3bccbd1704a14be38ca68355430d8428", "service": "index-retriever-mcp-server", "service_instance": "index-retriever-local", "environment": "dev", "extra": {"request_id": "2034cef2b7b14084bb4c8538acae9313", "correlation_id": null, "user": null, "method": "POST", "path": "/api/v1/tools/collection_get", "status_code": 403, "duration_ms": 30.67, "client_ip": "testclient"}}
{"timestamp": "2026-07-08T16:51:20.304Z", "event_type": "http.create", "actor": {"type": "system", "id": "anonymous", "roles": [], "ip": "testclient", "user_agent": "testclient"}, "action": "create", "outcome": "denied", "severity": "ERROR", "correlation_id": "3bccbd1704a14be38ca68355430d8428", "trace_id": "3bccbd1704a14be38ca68355430d8428", "request_id": "3bccbd1704a14be38ca68355430d8428", "service": "index-retriever-mcp-server", "service_instance": "index-retriever-local", "component": "http", "source_host": "index-retriever-local", "source_process": "3733358", "source_application": "testclient", "process_id": "3733358", "environment": "dev", "source_address": "testclient:50000", "destination_address": "testserver:80", "target": {"type": "endpoint", "id": "/api/v1/tools/collection_get", "name": "POST /api/v1/tools/collection_get"}, "details": {"status_code": 403, "method": "POST", "client_ip": "testclient"}, "duration_ms": 48}
{"timestamp": "2026-07-08T16:51:20.315481Z", "level": "INFO", "logger": "httpx", "message": "HTTP Request: POST http://testserver/api/v1/tools/collection_get \"HTTP/1.1 403 Forbidden\"", "correlation_id": "3bccbd1704a14be38ca68355430d8428", "service": "index-retriever-mcp-server", "service_instance": "index-retriever-local", "environment": "dev"}
{"timestamp": "2026-07-08T16:51:20.327433Z", "level": "INFO", "logger": "cloud_dog_api_kit.request_logging", "message": "Request started", "correlation_id": "3bccbd1704a14be38ca68355430d8428", "service": "index-retriever-mcp-server", "service_instance": "index-retriever-local", "environment": "dev", "extra": {"request_id": "8de2a44bfc324681a165a5612904d5e7", "correlation_id": null, "user": null, "method": "POST", "path": "/api/v1/tools/admin_group_update", "client_ip": "testclient"}}
{"timestamp": "2026-07-08T16:51:20.349Z", "event_type": "mcp_tool.mcp.tool.admin_group_update", "actor": {"type": "service", "id": "configured:ac6fc16fd23f", "roles": [], "ip": "unknown"}, "action": "mcp.tool.admin_group_update", "outcome": "success", "severity": "INFO", "correlation_id": "3bccbd1704a14be38ca68355430d8428", "trace_id": "3bccbd1704a14be38ca68355430d8428", "request_id": "3bccbd1704a14be38ca68355430d8428", "service": "unknown", "service_instance": "server0.viewdeck.com", "component": "unknown", "source_host": "server0.viewdeck.com", "source_process": "3733358", "source_application": "unknown", "process_id": "3733358", "environment": "dev", "target": {"type": "mcp_tool", "id": "admin_group_update"}, "details": {"details": {"phase": "invoke", "profile": null, "collection": null}}}
{"timestamp": "2026-07-08T16:51:20.367203Z", "level": "INFO", "logger": "cloud_dog_api_kit.request_logging", "message": "Request completed", "correlation_id": "3bccbd1704a14be38ca68355430d8428", "service": "index-retriever-mcp-server", "service_instance": "index-retriever-local", "environment": "dev", "extra": {"request_id": "8de2a44bfc324681a165a5612904d5e7", "correlation_id": null, "user": null, "method": "POST", "path": "/api/v1/tools/admin_group_update", "status_code": 200, "duration_ms": 31.32, "client_ip": "testclient"}}
{"timestamp": "2026-07-08T16:51:20.379Z", "event_type": "http.create", "actor": {"type": "system", "id": "anonymous", "roles": [], "ip": "testclient", "user_agent": "testclient"}, "action": "create", "outcome": "success", "severity": "INFO", "correlation_id": "3bccbd1704a14be38ca68355430d8428", "trace_id": "3bccbd1704a14be38ca68355430d8428", "request_id": "3bccbd1704a14be38ca68355430d8428", "service": "index-retriever-mcp-server", "service_instance": "index-retriever-local", "component": "http", "source_host": "index-retriever-local", "source_process": "3733358", "source_application": "testclient", "process_id": "3733358", "environment": "dev", "source_address": "testclient:50000", "destination_address": "testserver:80", "target": {"type": "endpoint", "id": "/api/v1/tools/admin_group_update", "name": "POST /api/v1/tools/admin_group_update"}, "details": {"status_code": 200, "method": "POST", "client_ip": "testclient"}, "duration_ms": 52}
{"timestamp": "2026-07-08T16:51:20.390049Z", "level": "INFO", "logger": "httpx", "message": "HTTP Request: POST http://testserver/api/v1/tools/admin_group_update \"HTTP/1.1 200 OK\"", "correlation_id": "3bccbd1704a14be38ca68355430d8428", "service": "index-retriever-mcp-server", "service_instance": "index-retriever-local", "environment": "dev"}
{"timestamp": "2026-07-08T16:51:20.401623Z", "level": "INFO", "logger": "cloud_dog_api_kit.request_logging", "message": "Request started", "correlation_id": "3bccbd1704a14be38ca68355430d8428", "service": "index-retriever-mcp-server", "service_instance": "index-retriever-local", "environment": "dev", "extra": {"request_id": "38c3852ca7a54a5c801aec7547997f5d", "correlation_id": null, "user": null, "method": "POST", "path": "/api/v1/tools/collection_get", "client_ip": "testclient"}}
{"timestamp": "2026-07-08T16:51:20.427Z", "event_type": "mcp_tool.mcp.tool.collection_get", "actor": {"type": "service", "id": "apikey:it125-gukey", "roles": [], "ip": "unknown"}, "action": "mcp.tool.collection_get", "outcome": "success", "severity": "INFO", "correlation_id": "3bccbd1704a14be38ca68355430d8428", "trace_id": "3bccbd1704a14be38ca68355430d8428", "request_id": "3bccbd1704a14be38ca68355430d8428", "service": "unknown", "service_instance": "server0.viewdeck.com", "component": "unknown", "source_host": "server0.viewdeck.com", "source_process": "3733358", "source_application": "unknown", "process_id": "3733358", "environment": "dev", "target": {"type": "mcp_tool", "id": "collection_get"}, "details": {"details": {"phase": "invoke", "profile": "default", "collection": "it125-cascade-c"}}}
{"timestamp": "2026-07-08T16:51:20.444074Z", "level": "INFO", "logger": "cloud_dog_api_kit.request_logging", "message": "Request completed", "correlation_id": "3bccbd1704a14be38ca68355430d8428", "service": "index-retriever-mcp-server", "service_instance": "index-retriever-local", "environment": "dev", "extra": {"request_id": "38c3852ca7a54a5c801aec7547997f5d", "correlation_id": null, "user": null, "method": "POST", "path": "/api/v1/tools/collection_get", "status_code": 200, "duration_ms": 30.31, "client_ip": "testclient"}}
{"timestamp": "2026-07-08T16:51:20.454Z", "event_type": "http.create", "actor": {"type": "system", "id": "anonymous", "roles": [], "ip": "testclient", "user_agent": "testclient"}, "action": "create", "outcome": "success", "severity": "INFO", "correlation_id": "3bccbd1704a14be38ca68355430d8428", "trace_id": "3bccbd1704a14be38ca68355430d8428", "request_id": "3bccbd1704a14be38ca68355430d8428", "service": "index-retriever-mcp-server", "service_instance": "index-retriever-local", "component": "http", "source_host": "index-retriever-local", "source_process": "3733358", "source_application": "testclient", "process_id": "3733358", "environment": "dev", "source_address": "testclient:50000", "destination_address": "testserver:80", "target": {"type": "endpoint", "id": "/api/v1/tools/collection_get", "name": "POST /api/v1/tools/collection_get"}, "details": {"status_code": 200, "method": "POST", "client_ip": "testclient"}, "duration_ms": 53}
{"timestamp": "2026-07-08T16:51:20.467919Z", "level": "INFO", "logger": "httpx", "message": "HTTP Request: POST http://testserver/api/v1/tools/collection_get \"HTTP/1.1 200 OK\"", "correlation_id": "3bccbd1704a14be38ca68355430d8428", "service": "index-retriever-mcp-server", "service_instance": "index-retriever-local", "environment": "dev"}
{"timestamp": "2026-07-08T16:51:20.477759Z", "level": "INFO", "logger": "cloud_dog_api_kit.request_logging", "message": "Request started", "correlation_id": "3bccbd1704a14be38ca68355430d8428", "service": "index-retriever-mcp-server", "service_instance": "index-retriever-local", "environment": "dev", "extra": {"request_id": "23a6eb1fb7dc417c8249fdf8f10353c8", "correlation_id": null, "user": null, "method": "POST", "path": "/api/v1/tools/collection_get", "client_ip": "testclient"}}
{"timestamp": "2026-07-08T16:51:20.500Z", "event_type": "mcp_tool.mcp.tool.collection_get", "actor": {"type": "service", "id": "apikey:it125-gukey", "roles": [], "ip": "unknown"}, "action": "mcp.tool.collection_get", "outcome": "success", "severity": "INFO", "correlation_id": "3bccbd1704a14be38ca68355430d8428", "trace_id": "3bccbd1704a14be38ca68355430d8428", "request_id": "3bccbd1704a14be38ca68355430d8428", "service": "unknown", "service_instance": "server0.viewdeck.com", "component": "unknown", "source_host": "server0.viewdeck.com", "source_process": "3733358", "source_application": "unknown", "process_id": "3733358", "environment": "dev", "target": {"type": "mcp_tool", "id": "collection_get"}, "details": {"details": {"phase": "invoke", "profile": "default", "collection": "it125-cascade-d"}}}
{"timestamp": "2026-07-08T16:51:20.509Z", "event_type": "mcp_tool.mcp.tool.collection_get", "actor": {"type": "service", "id": "apikey:it125-gukey", "roles": [], "ip": "unknown"}, "action": "mcp.tool.collection_get", "outcome": "denied", "severity": "ERROR", "correlation_id": "3bccbd1704a14be38ca68355430d8428", "trace_id": "3bccbd1704a14be38ca68355430d8428", "request_id": "3bccbd1704a14be38ca68355430d8428", "service": "unknown", "service_instance": "server0.viewdeck.com", "component": "unknown", "source_host": "server0.viewdeck.com", "source_process": "3733358", "source_application": "unknown", "process_id": "3733358", "environment": "dev", "target": {"type": "mcp_tool", "id": "collection_get"}, "details": {"details": {"permission": "collection.read", "resource_type": "collection", "resource_id": "default:it125-cascade-d", "roles": ["restricted"]}}}
{"timestamp": "2026-07-08T16:51:20.519785Z", "level": "INFO", "logger": "cloud_dog_api_kit.request_logging", "message": "Request completed", "correlation_id": "3bccbd1704a14be38ca68355430d8428", "service": "index-retriever-mcp-server", "service_instance": "index-retriever-local", "environment": "dev", "extra": {"request_id": "23a6eb1fb7dc417c8249fdf8f10353c8", "correlation_id": null, "user": null, "method": "POST", "path": "/api/v1/tools/collection_get", "status_code": 403, "duration_ms": 33.95, "client_ip": "testclient"}}
{"timestamp": "2026-07-08T16:51:20.529Z", "event_type": "http.create", "actor": {"type": "system", "id": "anonymous", "roles": [], "ip": "testclient", "user_agent": "testclient"}, "action": "create", "outcome": "denied", "severity": "ERROR", "correlation_id": "3bccbd1704a14be38ca68355430d8428", "trace_id": "3bccbd1704a14be38ca68355430d8428", "request_id": "3bccbd1704a14be38ca68355430d8428", "service": "index-retriever-mcp-server", "service_instance": "index-retriever-local", "component": "http", "source_host": "index-retriever-local", "source_process": "3733358", "source_application": "testclient", "process_id": "3733358", "environment": "dev", "source_address": "testclient:50000", "destination_address": "testserver:80", "target": {"type": "endpoint", "id": "/api/v1/tools/collection_get", "name": "POST /api/v1/tools/collection_get"}, "details": {"status_code": 403, "method": "POST", "client_ip": "testclient"}, "duration_ms": 52}
{"timestamp": "2026-07-08T16:51:20.540579Z", "level": "INFO", "logger": "httpx", "message": "HTTP Request: POST http://testserver/api/v1/tools/collection_get \"HTTP/1.1 403 Forbidden\"", "correlation_id": "3bccbd1704a14be38ca68355430d8428", "service": "index-retriever-mcp-server", "service_instance": "index-retriever-local", "environment": "dev"}
{"timestamp": "2026-07-08T16:51:20.555364Z", "level": "INFO", "logger": "cloud_dog_api_kit.request_logging", "message": "Request started", "correlation_id": "3bccbd1704a14be38ca68355430d8428", "service": "index-retriever-mcp-server", "service_instance": "index-retriever-local", "environment": "dev", "extra": {"request_id": "0ff18318753d461194821daab1d607e4", "correlation_id": null, "user": null, "method": "POST", "path": "/api/v1/tools/ingest_text", "client_ip": "testclient"}}
{"timestamp": "2026-07-08T16:51:20.574Z", "event_type": "mcp_tool.mcp.tool.ingest_text", "actor": {"type": "service", "id": "apikey:it125-gukey", "roles": [], "ip": "unknown"}, "action": "mcp.tool.ingest_text", "outcome": "success", "severity": "INFO", "correlation_id": "3bccbd1704a14be38ca68355430d8428", "trace_id": "3bccbd1704a14be38ca68355430d8428", "request_id": "3bccbd1704a14be38ca68355430d8428", "service": "unknown", "service_instance": "server0.viewdeck.com", "component": "unknown", "source_host": "server0.viewdeck.com", "source_process": "3733358", "source_application": "unknown", "process_id": "3733358", "environment": "dev", "target": {"type": "mcp_tool", "id": "ingest_text"}, "details": {"details": {"phase": "invoke", "profile": "default", "collection": "it125-cascade-c"}}}
{"timestamp": "2026-07-08T16:51:20.582Z", "event_type": "mcp_tool.mcp.tool.ingest_text", "actor": {"type": "service", "id": "apikey:it125-gukey", "roles": [], "ip": "unknown"}, "action": "mcp.tool.ingest_text", "outcome": "denied", "severity": "ERROR", "correlation_id": "3bccbd1704a14be38ca68355430d8428", "trace_id": "3bccbd1704a14be38ca68355430d8428", "request_id": "3bccbd1704a14be38ca68355430d8428", "service": "unknown", "service_instance": "server0.viewdeck.com", "component": "unknown", "source_host": "server0.viewdeck.com", "source_process": "3733358", "source_application": "unknown", "process_id": "3733358", "environment": "dev", "target": {"type": "mcp_tool", "id": "ingest_text"}, "details": {"details": {"permission": "collection.write", "resource_type": "collection", "resource_id": "default:it125-cascade-c", "roles": ["restricted"]}}}
{"timestamp": "2026-07-08T16:51:20.592481Z", "level": "INFO", "logger": "cloud_dog_api_kit.request_logging", "message": "Request completed", "correlation_id": "3bccbd1704a14be38ca68355430d8428", "service": "index-retriever-mcp-server", "service_instance": "index-retriever-local", "environment": "dev", "extra": {"request_id": "0ff18318753d461194821daab1d607e4", "correlation_id": null, "user": null, "method": "POST", "path": "/api/v1/tools/ingest_text", "status_code": 403, "duration_ms": 28.82, "client_ip": "testclient"}}
{"timestamp": "2026-07-08T16:51:20.601Z", "event_type": "http.create", "actor": {"type": "system", "id": "anonymous", "roles": [], "ip": "testclient", "user_agent": "testclient"}, "action": "create", "outcome": "denied", "severity": "ERROR", "correlation_id": "3bccbd1704a14be38ca68355430d8428", "trace_id": "3bccbd1704a14be38ca68355430d8428", "request_id": "3bccbd1704a14be38ca68355430d8428", "service": "index-retriever-mcp-server", "service_instance": "index-retriever-local", "component": "http", "source_host": "index-retriever-local", "source_process": "3733358", "source_application": "testclient", "process_id": "3733358", "environment": "dev", "source_address": "testclient:50000", "destination_address": "testserver:80", "target": {"type": "endpoint", "id": "/api/v1/tools/ingest_text", "name": "POST /api/v1/tools/ingest_text"}, "details": {"status_code": 403, "method": "POST", "client_ip": "testclient"}, "duration_ms": 46}
{"timestamp": "2026-07-08T16:51:20.611215Z", "level": "INFO", "logger": "httpx", "message": "HTTP Request: POST http://testserver/api/v1/tools/ingest_text \"HTTP/1.1 403 Forbidden\"", "correlation_id": "3bccbd1704a14be38ca68355430d8428", "service": "index-retriever-mcp-server", "service_instance": "index-retriever-local", "environment": "dev"}
{"timestamp": "2026-07-08T16:51:20.625425Z", "level": "INFO", "logger": "cloud_dog_api_kit.request_logging", "message": "Request started", "correlation_id": "3bccbd1704a14be38ca68355430d8428", "service": "index-retriever-mcp-server", "service_instance": "index-retriever-local", "environment": "dev", "extra": {"request_id": "709861ee6d2946bb81a6dbe0ec971c8e", "correlation_id": null, "user": null, "method": "POST", "path": "/api/v1/tools/admin_group_update", "client_ip": "testclient"}}
{"timestamp": "2026-07-08T16:51:20.645Z", "event_type": "mcp_tool.mcp.tool.admin_group_update", "actor": {"type": "service", "id": "configured:ac6fc16fd23f", "roles": [], "ip": "unknown"}, "action": "mcp.tool.admin_group_update", "outcome": "success", "severity": "INFO", "correlation_id": "3bccbd1704a14be38ca68355430d8428", "trace_id": "3bccbd1704a14be38ca68355430d8428", "request_id": "3bccbd1704a14be38ca68355430d8428", "service": "unknown", "service_instance": "server0.viewdeck.com", "component": "unknown", "source_host": "server0.viewdeck.com", "source_process": "3733358", "source_application": "unknown", "process_id": "3733358", "environment": "dev", "target": {"type": "mcp_tool", "id": "admin_group_update"}, "details": {"details": {"phase": "invoke", "profile": null, "collection": null}}}
{"timestamp": "2026-07-08T16:51:20.665869Z", "level": "INFO", "logger": "cloud_dog_api_kit.request_logging", "message": "Request completed", "correlation_id": "3bccbd1704a14be38ca68355430d8428", "service": "index-retriever-mcp-server", "service_instance": "index-retriever-local", "environment": "dev", "extra": {"request_id": "709861ee6d2946bb81a6dbe0ec971c8e", "correlation_id": null, "user": null, "method": "POST", "path": "/api/v1/tools/admin_group_update", "status_code": 200, "duration_ms": 32.57, "client_ip": "testclient"}}
{"timestamp": "2026-07-08T16:51:20.678Z", "event_type": "http.create", "actor": {"type": "system", "id": "anonymous", "roles": [], "ip": "testclient", "user_agent": "testclient"}, "action": "create", "outcome": "success", "severity": "INFO", "correlation_id": "3bccbd1704a14be38ca68355430d8428", "trace_id": "3bccbd1704a14be38ca68355430d8428", "request_id": "3bccbd1704a14be38ca68355430d8428", "service": "index-retriever-mcp-server", "service_instance": "index-retriever-local", "component": "http", "source_host": "index-retriever-local", "source_process": "3733358", "source_application": "testclient", "process_id": "3733358", "environment": "dev", "source_address": "testclient:50000", "destination_address": "testserver:80", "target": {"type": "endpoint", "id": "/api/v1/tools/admin_group_update", "name": "POST /api/v1/tools/admin_group_update"}, "details": {"status_code": 200, "method": "POST", "client_ip": "testclient"}, "duration_ms": 53}
{"timestamp": "2026-07-08T16:51:20.688035Z", "level": "INFO", "logger": "httpx", "message": "HTTP Request: POST http://testserver/api/v1/tools/admin_group_update \"HTTP/1.1 200 OK\"", "correlation_id": "3bccbd1704a14be38ca68355430d8428", "service": "index-retriever-mcp-server", "service_instance": "index-retriever-local", "environment": "dev"}
{"timestamp": "2026-07-08T16:51:20.698155Z", "level": "INFO", "logger": "cloud_dog_api_kit.request_logging", "message": "Request started", "correlation_id": "3bccbd1704a14be38ca68355430d8428", "service": "index-retriever-mcp-server", "service_instance": "index-retriever-local", "environment": "dev", "extra": {"request_id": "f45c26f47a6c416584575c2f96dc2415", "correlation_id": null, "user": null, "method": "POST", "path": "/api/v1/tools/collection_get", "client_ip": "testclient"}}
{"timestamp": "2026-07-08T16:51:20.717Z", "event_type": "mcp_tool.mcp.tool.collection_get", "actor": {"type": "service", "id": "apikey:it125-gukey", "roles": [], "ip": "unknown"}, "action": "mcp.tool.collection_get", "outcome": "success", "severity": "INFO", "correlation_id": "3bccbd1704a14be38ca68355430d8428", "trace_id": "3bccbd1704a14be38ca68355430d8428", "request_id": "3bccbd1704a14be38ca68355430d8428", "service": "unknown", "service_instance": "server0.viewdeck.com", "component": "unknown", "source_host": "server0.viewdeck.com", "source_process": "3733358", "source_application": "unknown", "process_id": "3733358", "environment": "dev", "target": {"type": "mcp_tool", "id": "collection_get"}, "details": {"details": {"phase": "invoke", "profile": "default", "collection": "it125-cascade-c"}}}
{"timestamp": "2026-07-08T16:51:20.729Z", "event_type": "mcp_tool.mcp.tool.collection_get", "actor": {"type": "service", "id": "apikey:it125-gukey", "roles": [], "ip": "unknown"}, "action": "mcp.tool.collection_get", "outcome": "denied", "severity": "ERROR", "correlation_id": "3bccbd1704a14be38ca68355430d8428", "trace_id": "3bccbd1704a14be38ca68355430d8428", "request_id": "3bccbd1704a14be38ca68355430d8428", "service": "unknown", "service_instance": "server0.viewdeck.com", "component": "unknown", "source_host": "server0.viewdeck.com", "source_process": "3733358", "source_application": "unknown", "process_id": "3733358", "environment": "dev", "target": {"type": "mcp_tool", "id": "collection_get"}, "details": {"details": {"permission": "collection.read", "resource_type": "collection", "resource_id": "default:it125-cascade-c", "roles": ["restricted"]}}}
{"timestamp": "2026-07-08T16:51:20.737706Z", "level": "INFO", "logger": "cloud_dog_api_kit.request_logging", "message": "Request completed", "correlation_id": "3bccbd1704a14be38ca68355430d8428", "service": "index-retriever-mcp-server", "service_instance": "index-retriever-local", "environment": "dev", "extra": {"request_id": "f45c26f47a6c416584575c2f96dc2415", "correlation_id": null, "user": null, "method": "POST", "path": "/api/v1/tools/collection_get", "status_code": 403, "duration_ms": 31.98, "client_ip": "testclient"}}
{"timestamp": "2026-07-08T16:51:20.745Z", "event_type": "http.create", "actor": {"type": "system", "id": "anonymous", "roles": [], "ip": "testclient", "user_agent": "testclient"}, "action": "create", "outcome": "denied", "severity": "ERROR", "correlation_id": "3bccbd1704a14be38ca68355430d8428", "trace_id": "3bccbd1704a14be38ca68355430d8428", "request_id": "3bccbd1704a14be38ca68355430d8428", "service": "index-retriever-mcp-server", "service_instance": "index-retriever-local", "component": "http", "source_host": "index-retriever-local", "source_process": "3733358", "source_application": "testclient", "process_id": "3733358", "environment": "dev", "source_address": "testclient:50000", "destination_address": "testserver:80", "target": {"type": "endpoint", "id": "/api/v1/tools/collection_get", "name": "POST /api/v1/tools/collection_get"}, "details": {"status_code": 403, "method": "POST", "client_ip": "testclient"}, "duration_ms": 47}
{"timestamp": "2026-07-08T16:51:20.754290Z", "level": "INFO", "logger": "httpx", "message": "HTTP Request: POST http://testserver/api/v1/tools/collection_get \"HTTP/1.1 403 Forbidden\"", "correlation_id": "3bccbd1704a14be38ca68355430d8428", "service": "index-retriever-mcp-server", "service_instance": "index-retriever-local", "environment": "dev"}
------------------------------ Captured log call -------------------------------
INFO     cloud_dog_logging.integrity:integrity.py:185 audit_integrity_check
_____________________________ test_api_auth_accept _____________________________
----------------------------- Captured stdout call -----------------------------
{"timestamp": "2026-07-08T16:51:21.580935Z", "level": "INFO", "logger": "httpx", "message": "HTTP Request: GET https://chroma.cloud-dog.net/api/v2/heartbeat \"HTTP/1.1 200 OK\"", "correlation_id": "3bccbd1704a14be38ca68355430d8428", "service": "index-retriever-mcp-server", "service_instance": "index-retriever-local", "environment": "dev"}
------------------------------ Captured log call -------------------------------
INFO     httpx:_client.py:1740 HTTP Request: GET https://chroma.cloud-dog.net/api/v2/heartbeat "HTTP/1.1 200 OK"
_________________________ test_api_rbac_ingest_gating __________________________
----------------------------- Captured stdout call -----------------------------
{"timestamp": "2026-07-08T16:51:22.371926Z", "level": "INFO", "logger": "httpx", "message": "HTTP Request: POST https://llm2.cloud-dog.net/api/embeddings \"HTTP/1.1 200 OK\"", "correlation_id": "3bccbd1704a14be38ca68355430d8428", "service": "index-retriever-mcp-server", "service_instance": "index-retriever-local", "environment": "dev"}
{"timestamp": "2026-07-08T16:51:22.420942Z", "level": "INFO", "logger": "httpx", "message": "HTTP Request: POST https://chroma.cloud-dog.net/api/v2/tenants/default_tenant/databases/default_database/collections \"HTTP/1.1 200 OK\"", "correlation_id": "3bccbd1704a14be38ca68355430d8428", "service": "index-retriever-mcp-server", "service_instance": "index-retriever-local", "environment": "dev"}
{"timestamp": "2026-07-08T16:51:22.509291Z", "level": "INFO", "logger": "httpx", "message": "HTTP Request: POST https://llm2.cloud-dog.net/api/embeddings \"HTTP/1.1 200 OK\"", "correlation_id": "3bccbd1704a14be38ca68355430d8428", "service": "index-retriever-mcp-server", "service_instance": "index-retriever-local", "environment": "dev"}
{"timestamp": "2026-07-08T16:51:23.193330Z", "level": "INFO", "logger": "httpx", "message": "HTTP Request: GET https://chroma.cloud-dog.net/api/v2/tenants/default_tenant/databases/default_database/collections \"HTTP/1.1 200 OK\"", "correlation_id": "3bccbd1704a14be38ca68355430d8428", "service": "index-retriever-mcp-server", "service_instance": "index-retriever-local", "environment": "dev"}
{"timestamp": "2026-07-08T16:51:23.930187Z", "level": "INFO", "logger": "httpx", "message": "HTTP Request: POST https://chroma.cloud-dog.net/api/v2/tenants/default_tenant/databases/default_database/collections/27738c78-7f70-4cd4-8e77-c711a8977ff0/upsert \"HTTP/1.1 200 OK\"", "correlation_id": "3bccbd1704a14be38ca68355430d8428", "service": "index-retriever-mcp-server", "service_instance": "index-retriever-local", "environment": "dev"}
------------------------------ Captured log call -------------------------------
INFO     httpx:_client.py:1740 HTTP Request: POST https://llm2.cloud-dog.net/api/embeddings "HTTP/1.1 200 OK"
INFO     httpx:_client.py:1740 HTTP Request: POST https://chroma.cloud-dog.net/api/v2/tenants/default_tenant/databases/default_database/collections "HTTP/1.1 200 OK"
INFO     httpx:_client.py:1740 HTTP Request: POST https://llm2.cloud-dog.net/api/embeddings "HTTP/1.1 200 OK"
INFO     httpx:_client.py:1740 HTTP Request: GET https://chroma.cloud-dog.net/api/v2/tenants/default_tenant/databases/default_database/collections "HTTP/1.1 200 OK"
INFO     httpx:_client.py:1740 HTTP Request: POST https://chroma.cloud-dog.net/api/v2/tenants/default_tenant/databases/default_database/collections/27738c78-7f70-4cd4-8e77-c711a8977ff0/upsert "HTTP/1.1 200 OK"
--------------------------- Captured stdout teardown ---------------------------
{"timestamp": "2026-07-08T16:51:24.009247Z", "level": "INFO", "logger": "httpx", "message": "HTTP Request: DELETE https://chroma.cloud-dog.net/api/v2/tenants/default_tenant/databases/default_database/collections/rc866ec0a_ecb0_default_it_rbac_ingest \"HTTP/1.1 200 OK\"", "correlation_id": "3bccbd1704a14be38ca68355430d8428", "service": "index-retriever-mcp-server", "service_instance": "index-retriever-local", "environment": "dev"}
{"timestamp": "2026-07-08T16:51:24.027894Z", "level": "INFO", "logger": "httpx", "message": "HTTP Request: DELETE https://chroma.cloud-dog.net/api/v2/tenants/default_tenant/databases/default_database/collections/rc866ec0a_ecb0_default_it_rbac_ingest \"HTTP/1.1 404 Not Found\"", "correlation_id": "3bccbd1704a14be38ca68355430d8428", "service": "index-retriever-mcp-server", "service_instance": "index-retriever-local", "environment": "dev"}
---------------------------- Captured log teardown -----------------------------
INFO     httpx:_client.py:1740 HTTP Request: DELETE https://chroma.cloud-dog.net/api/v2/tenants/default_tenant/databases/default_database/collections/rc866ec0a_ecb0_default_it_rbac_ingest "HTTP/1.1 200 OK"
INFO     httpx:_client.py:1740 HTTP Request: DELETE https://chroma.cloud-dog.net/api/v2/tenants/default_tenant/databases/default_database/collections/rc866ec0a_ecb0_default_it_rbac_ingest "HTTP/1.1 404 Not Found"
___________________________ test_mcp_tool_catalogue ____________________________
----------------------------- Captured stdout call -----------------------------
{"timestamp": "2026-07-08T16:51:24.844244Z", "level": "INFO", "logger": "httpx", "message": "HTTP Request: GET https://chroma.cloud-dog.net/api/v2/heartbeat \"HTTP/1.1 200 OK\"", "correlation_id": "3bccbd1704a14be38ca68355430d8428", "service": "index-retriever-mcp-server", "service_instance": "index-retriever-local", "environment": "dev"}
{"timestamp": "2026-07-08T16:51:25.013934Z", "level": "INFO", "logger": "cloud_dog_logging.integrity", "message": "audit_integrity_check", "correlation_id": "3bccbd1704a14be38ca68355430d8428", "service": "index-retriever-mcp-server", "service_instance": "index-retriever-local", "environment": "dev", "extra": {"integrity_record": {"timestamp": "2026-07-08T16:51:25.013Z", "record_type": "audit_integrity_check", "service": "index-retriever-mcp-server", "service_instance": "index-retriever-local", "audit_log_path": "logs/audit.log.jsonl", "hash_algorithm": "sha256", "hash_value": "ddf5b3dfa297b7019cb07ede05336c257b6a60b0ba0b4df788143b7259be6b85", "file_size_bytes": 553670, "line_count": 629, "last_event_timestamp": "2026-07-08T16:51:20.745Z", "verification_status": "valid", "trigger": "shutdown"}}}
{"timestamp": "2026-07-08T16:51:25.056137Z", "level": "INFO", "logger": "cloud_dog_logging.integrity", "message": "audit_integrity_check", "correlation_id": "3bccbd1704a14be38ca68355430d8428", "service": "index-retriever-mcp-server", "service_instance": "index-retriever-local", "environment": "dev", "extra": {"integrity_record": {"timestamp": "2026-07-08T16:51:25.056Z", "record_type": "audit_integrity_check", "service": "index-retriever-mcp-server", "service_instance": "index-retriever-local", "audit_log_path": "logs/audit.log.jsonl", "hash_algorithm": "sha256", "hash_value": "ddf5b3dfa297b7019cb07ede05336c257b6a60b0ba0b4df788143b7259be6b85", "file_size_bytes": 553670, "line_count": 629, "last_event_timestamp": "2026-07-08T16:51:20.745Z", "verification_status": "valid", "trigger": "startup"}}}
{"timestamp": "2026-07-08T16:51:25.645005Z", "level": "INFO", "logger": "cloud_dog_api_kit.request_logging", "message": "Request started", "correlation_id": "3bccbd1704a14be38ca68355430d8428", "service": "index-retriever-mcp-server", "service_instance": "index-retriever-local", "environment": "dev", "extra": {"request_id": "d00ac389912548e09ef5f8b47057258d", "correlation_id": null, "user": null, "method": "GET", "path": "/mcp/tools", "client_ip": "testclient"}}
{"timestamp": "2026-07-08T16:51:25.657206Z", "level": "INFO", "logger": "cloud_dog_api_kit.request_logging", "message": "Request completed", "correlation_id": "3bccbd1704a14be38ca68355430d8428", "service": "index-retriever-mcp-server", "service_instance": "index-retriever-local", "environment": "dev", "extra": {"request_id": "d00ac389912548e09ef5f8b47057258d", "correlation_id": null, "user": null, "method": "GET", "path": "/mcp/tools", "status_code": 200, "duration_ms": 3.27, "client_ip": "testclient"}}
{"timestamp": "2026-07-08T16:51:25.664Z", "event_type": "http.read", "actor": {"type": "system", "id": "anonymous", "roles": [], "ip": "testclient", "user_agent": "testclient"}, "action": "read", "outcome": "success", "severity": "INFO", "correlation_id": "3bccbd1704a14be38ca68355430d8428", "trace_id": "3bccbd1704a14be38ca68355430d8428", "request_id": "3bccbd1704a14be38ca68355430d8428", "service": "index-retriever-mcp-server", "service_instance": "index-retriever-local", "component": "http", "source_host": "index-retriever-local", "source_process": "3733358", "source_application": "testclient", "process_id": "3733358", "environment": "dev", "source_address": "testclient:50000", "destination_address": "testserver:80", "target": {"type": "endpoint", "id": "/mcp/tools", "name": "GET /mcp/tools"}, "details": {"status_code": 200, "method": "GET", "client_ip": "testclient"}, "duration_ms": 20}
{"timestamp": "2026-07-08T16:51:25.672561Z", "level": "INFO", "logger": "httpx", "message": "HTTP Request: GET http://testserver/mcp/tools \"HTTP/1.1 200 OK\"", "correlation_id": "3bccbd1704a14be38ca68355430d8428", "service": "index-retriever-mcp-server", "service_instance": "index-retriever-local", "environment": "dev"}
------------------------------ Captured log call -------------------------------
INFO     httpx:_client.py:1740 HTTP Request: GET https://chroma.cloud-dog.net/api/v2/heartbeat "HTTP/1.1 200 OK"
INFO     cloud_dog_logging.integrity:integrity.py:185 audit_integrity_check
___________________________ test_mcp_tool_execution ____________________________
----------------------------- Captured stdout call -----------------------------
{"timestamp": "2026-07-08T16:51:26.149809Z", "level": "INFO", "logger": "cloud_dog_logging.integrity", "message": "audit_integrity_check", "correlation_id": "3bccbd1704a14be38ca68355430d8428", "service": "index-retriever-mcp-server", "service_instance": "index-retriever-local", "environment": "dev", "extra": {"integrity_record": {"timestamp": "2026-07-08T16:51:26.149Z", "record_type": "audit_integrity_check", "service": "index-retriever-mcp-server", "service_instance": "index-retriever-local", "audit_log_path": "logs/audit.log.jsonl", "hash_algorithm": "sha256", "hash_value": "870827a9cb4b230db6becef53696019e6f980e40589abf5466e242f749739bcc", "file_size_bytes": 554571, "line_count": 630, "last_event_timestamp": "2026-07-08T16:51:25.664Z", "verification_status": "valid", "trigger": "shutdown"}}}
{"timestamp": "2026-07-08T16:51:26.200799Z", "level": "INFO", "logger": "cloud_dog_logging.integrity", "message": "audit_integrity_check", "correlation_id": "3bccbd1704a14be38ca68355430d8428", "service": "index-retriever-mcp-server", "service_instance": "index-retriever-local", "environment": "dev", "extra": {"integrity_record": {"timestamp": "2026-07-08T16:51:26.200Z", "record_type": "audit_integrity_check", "service": "index-retriever-mcp-server", "service_instance": "index-retriever-local", "audit_log_path": "logs/audit.log.jsonl", "hash_algorithm": "sha256", "hash_value": "870827a9cb4b230db6becef53696019e6f980e40589abf5466e242f749739bcc", "file_size_bytes": 554571, "line_count": 630, "last_event_timestamp": "2026-07-08T16:51:25.664Z", "verification_status": "valid", "trigger": "startup"}}}
{"timestamp": "2026-07-08T16:51:26.842303Z", "level": "INFO", "logger": "cloud_dog_api_kit.request_logging", "message": "Request started", "correlation_id": "3bccbd1704a14be38ca68355430d8428", "service": "index-retriever-mcp-server", "service_instance": "index-retriever-local", "environment": "dev", "extra": {"request_id": "53ca1428f83c4506b37840e888d98945", "correlation_id": null, "user": null, "method": "POST", "path": "/api/v1/tools/admin_collection_create", "client_ip": "testclient"}}
{"timestamp": "2026-07-08T16:51:26.852Z", "event_type": "mcp_tool.mcp.tool.admin_collection_create", "actor": {"type": "service", "id": "configured:ac6fc16fd23f", "roles": [], "ip": "unknown"}, "action": "mcp.tool.admin_collection_create", "outcome": "success", "severity": "INFO", "correlation_id": "3bccbd1704a14be38ca68355430d8428", "trace_id": "3bccbd1704a14be38ca68355430d8428", "request_id": "3bccbd1704a14be38ca68355430d8428", "service": "unknown", "service_instance": "index-retriever-local", "component": "unknown", "source_host": "index-retriever-local", "source_process": "3733358", "source_application": "unknown", "process_id": "3733358", "environment": "dev", "target": {"type": "mcp_tool", "id": "admin_collection_create"}, "details": {"details": {"phase": "invoke", "profile": "default", "collection": "it_mcp_e6644aa4"}}}
{"timestamp": "2026-07-08T16:51:26.974226Z", "level": "INFO", "logger": "httpx", "message": "HTTP Request: POST https://llm2.cloud-dog.net/api/embeddings \"HTTP/1.1 200 OK\"", "correlation_id": "3bccbd1704a14be38ca68355430d8428", "service": "index-retriever-mcp-server", "service_instance": "index-retriever-local", "environment": "dev"}
{"timestamp": "2026-07-08T16:51:27.021280Z", "level": "INFO", "logger": "httpx", "message": "HTTP Request: POST https://chroma.cloud-dog.net/api/v2/tenants/default_tenant/databases/default_database/collections \"HTTP/1.1 200 OK\"", "correlation_id": "3bccbd1704a14be38ca68355430d8428", "service": "index-retriever-mcp-server", "service_instance": "index-retriever-local", "environment": "dev"}
{"timestamp": "2026-07-08T16:51:27.034018Z", "level": "INFO", "logger": "cloud_dog_api_kit.request_logging", "message": "Request completed", "correlation_id": "3bccbd1704a14be38ca68355430d8428", "service": "index-retriever-mcp-server", "service_instance": "index-retriever-local", "environment": "dev", "extra": {"request_id": "53ca1428f83c4506b37840e888d98945", "correlation_id": null, "user": null, "method": "POST", "path": "/api/v1/tools/admin_collection_create", "status_code": 200, "duration_ms": 185.63, "client_ip": "testclient"}}
{"timestamp": "2026-07-08T16:51:27.046Z", "event_type": "http.create", "actor": {"type": "system", "id": "anonymous", "roles": [], "ip": "testclient", "user_agent": "testclient"}, "action": "create", "outcome": "success", "severity": "INFO", "correlation_id": "3bccbd1704a14be38ca68355430d8428", "trace_id": "3bccbd1704a14be38ca68355430d8428", "request_id": "3bccbd1704a14be38ca68355430d8428", "service": "index-retriever-mcp-server", "service_instance": "index-retriever-local", "component": "http", "source_host": "index-retriever-local", "source_process": "3733358", "source_application": "testclient", "process_id": "3733358", "environment": "dev", "source_address": "testclient:50000", "destination_address": "testserver:80", "target": {"type": "endpoint", "id": "/api/v1/tools/admin_collection_create", "name": "POST /api/v1/tools/admin_collection_create"}, "details": {"status_code": 200, "method": "POST", "client_ip": "testclient"}, "duration_ms": 204}
{"timestamp": "2026-07-08T16:51:27.057457Z", "level": "INFO", "logger": "httpx", "message": "HTTP Request: POST http://testserver/api/v1/tools/admin_collection_create \"HTTP/1.1 200 OK\"", "correlation_id": "3bccbd1704a14be38ca68355430d8428", "service": "index-retriever-mcp-server", "service_instance": "index-retriever-local", "environment": "dev"}
{"timestamp": "2026-07-08T16:51:27.066425Z", "level": "INFO", "logger": "cloud_dog_api_kit.request_logging", "message": "Request started", "correlation_id": "3bccbd1704a14be38ca68355430d8428", "service": "index-retriever-mcp-server", "service_instance": "index-retriever-local", "environment": "dev", "extra": {"request_id": "f8c2c25be130449f81506cc0ba780851", "correlation_id": null, "user": null, "method": "POST", "path": "/api/v1/tools/admin_collection_create", "client_ip": "testclient"}}
{"timestamp": "2026-07-08T16:51:27.086Z", "event_type": "mcp_tool.mcp.tool.admin_collection_create", "actor": {"type": "service", "id": "configured:ac6fc16fd23f", "roles": [], "ip": "unknown"}, "action": "mcp.tool.admin_collection_create", "outcome": "success", "severity": "INFO", "correlation_id": "3bccbd1704a14be38ca68355430d8428", "trace_id": "3bccbd1704a14be38ca68355430d8428", "request_id": "3bccbd1704a14be38ca68355430d8428", "service": "unknown", "service_instance": "index-retriever-local", "component": "unknown", "source_host": "index-retriever-local", "source_process": "3733358", "source_application": "unknown", "process_id": "3733358", "environment": "dev", "target": {"type": "mcp_tool", "id": "admin_collection_create"}, "details": {"details": {"phase": "invoke", "profile": "default", "collection": "it_mcp_e6644aa4"}}}
{"timestamp": "2026-07-08T16:51:27.094523Z", "level": "INFO", "logger": "cloud_dog_api_kit.request_logging", "message": "Request completed", "correlation_id": "3bccbd1704a14be38ca68355430d8428", "service": "index-retriever-mcp-server", "service_instance": "index-retriever-local", "environment": "dev", "extra": {"request_id": "f8c2c25be130449f81506cc0ba780851", "correlation_id": null, "user": null, "method": "POST", "path": "/api/v1/tools/admin_collection_create", "status_code": 200, "duration_ms": 12.59, "client_ip": "testclient"}}
{"timestamp": "2026-07-08T16:51:27.104Z", "event_type": "http.create", "actor": {"type": "system", "id": "anonymous", "roles": [], "ip": "testclient", "user_agent": "testclient"}, "action": "create", "outcome": "success", "severity": "INFO", "correlation_id": "3bccbd1704a14be38ca68355430d8428", "trace_id": "3bccbd1704a14be38ca68355430d8428", "request_id": "3bccbd1704a14be38ca68355430d8428", "service": "index-retriever-mcp-server", "service_instance": "index-retriever-local", "component": "http", "source_host": "index-retriever-local", "source_process": "3733358", "source_application": "testclient", "process_id": "3733358", "environment": "dev", "source_address": "testclient:50000", "destination_address": "testserver:80", "target": {"type": "endpoint", "id": "/api/v1/tools/admin_collection_create", "name": "POST /api/v1/tools/admin_collection_create"}, "details": {"status_code": 200, "method": "POST", "client_ip": "testclient"}, "duration_ms": 38}
{"timestamp": "2026-07-08T16:51:27.113673Z", "level": "INFO", "logger": "httpx", "message": "HTTP Request: POST http://testserver/api/v1/tools/admin_collection_create \"HTTP/1.1 200 OK\"", "correlation_id": "3bccbd1704a14be38ca68355430d8428", "service": "index-retriever-mcp-server", "service_instance": "index-retriever-local", "environment": "dev"}
{"timestamp": "2026-07-08T16:51:27.126254Z", "level": "INFO", "logger": "cloud_dog_api_kit.request_logging", "message": "Request started", "correlation_id": "3bccbd1704a14be38ca68355430d8428", "service": "index-retriever-mcp-server", "service_instance": "index-retriever-local", "environment": "dev", "extra": {"request_id": "fbcdb5c972de418397001782ab2ce197", "correlation_id": null, "user": null, "method": "POST", "path": "/api/v1/tools/collections_list", "client_ip": "testclient"}}
{"timestamp": "2026-07-08T16:51:27.138Z", "event_type": "mcp_tool.mcp.tool.collections_list", "actor": {"type": "service", "id": "configured:55ac848af50d", "roles": [], "ip": "unknown"}, "action": "mcp.tool.collections_list", "outcome": "success", "severity": "INFO", "correlation_id": "3bccbd1704a14be38ca68355430d8428", "trace_id": "3bccbd1704a14be38ca68355430d8428", "request_id": "3bccbd1704a14be38ca68355430d8428", "service": "unknown", "service_instance": "index-retriever-local", "component": "unknown", "source_host": "index-retriever-local", "source_process": "3733358", "source_application": "unknown", "process_id": "3733358", "environment": "dev", "target": {"type": "mcp_tool", "id": "collections_list"}, "details": {"details": {"phase": "invoke", "profile": "default", "collection": null}}}
{"timestamp": "2026-07-08T16:51:27.148009Z", "level": "INFO", "logger": "cloud_dog_api_kit.request_logging", "message": "Request completed", "correlation_id": "3bccbd1704a14be38ca68355430d8428", "service": "index-retriever-mcp-server", "service_instance": "index-retriever-local", "environment": "dev", "extra": {"request_id": "fbcdb5c972de418397001782ab2ce197", "correlation_id": null, "user": null, "method": "POST", "path": "/api/v1/tools/collections_list", "status_code": 200, "duration_ms": 14.11, "client_ip": "testclient"}}
{"timestamp": "2026-07-08T16:51:27.157Z", "event_type": "http.create", "actor": {"type": "system", "id": "anonymous", "roles": [], "ip": "testclient", "user_agent": "testclient"}, "action": "create", "outcome": "success", "severity": "INFO", "correlation_id": "3bccbd1704a14be38ca68355430d8428", "trace_id": "3bccbd1704a14be38ca68355430d8428", "request_id": "3bccbd1704a14be38ca68355430d8428", "service": "index-retriever-mcp-server", "service_instance": "index-retriever-local", "component": "http", "source_host": "index-retriever-local", "source_process": "3733358", "source_application": "testclient", "process_id": "3733358", "environment": "dev", "source_address": "testclient:50000", "destination_address": "testserver:80", "target": {"type": "endpoint", "id": "/api/v1/tools/collections_list", "name": "POST /api/v1/tools/collections_list"}, "details": {"status_code": 200, "method": "POST", "client_ip": "testclient"}, "duration_ms": 31}
{"timestamp": "2026-07-08T16:51:27.167007Z", "level": "INFO", "logger": "httpx", "message": "HTTP Request: POST http://testserver/api/v1/tools/collections_list \"HTTP/1.1 200 OK\"", "correlation_id": "3bccbd1704a14be38ca68355430d8428", "service": "index-retriever-mcp-server", "service_instance": "index-retriever-local", "environment": "dev"}
{"timestamp": "2026-07-08T16:51:27.178640Z", "level": "INFO", "logger": "cloud_dog_api_kit.request_logging", "message": "Request started", "correlation_id": "3bccbd1704a14be38ca68355430d8428", "service": "index-retriever-mcp-server", "service_instance": "index-retriever-local", "environment": "dev", "extra": {"request_id": "12a1ce869c294511a41ab543558001b2", "correlation_id": null, "user": null, "method": "POST", "path": "/api/v1/tools/ingest_text", "client_ip": "testclient"}}
{"timestamp": "2026-07-08T16:51:27.191Z", "event_type": "mcp_tool.mcp.tool.ingest_text", "actor": {"type": "service", "id": "configured:2530b9bc4759", "roles": [], "ip": "unknown"}, "action": "mcp.tool.ingest_text", "outcome": "success", "severity": "INFO", "correlation_id": "3bccbd1704a14be38ca68355430d8428", "trace_id": "3bccbd1704a14be38ca68355430d8428", "request_id": "3bccbd1704a14be38ca68355430d8428", "service": "unknown", "service_instance": "index-retriever-local", "component": "unknown", "source_host": "index-retriever-local", "source_process": "3733358", "source_application": "unknown", "process_id": "3733358", "environment": "dev", "target": {"type": "mcp_tool", "id": "ingest_text"}, "details": {"details": {"phase": "invoke", "profile": "default", "collection": "it_mcp_e6644aa4"}}}
{"timestamp": "2026-07-08T16:51:27.278351Z", "level": "INFO", "logger": "httpx", "message": "HTTP Request: POST https://llm2.cloud-dog.net/api/embeddings \"HTTP/1.1 200 OK\"", "correlation_id": "3bccbd1704a14be38ca68355430d8428", "service": "index-retriever-mcp-server", "service_instance": "index-retriever-local", "environment": "dev"}
{"timestamp": "2026-07-08T16:51:27.968275Z", "level": "INFO", "logger": "httpx", "message": "HTTP Request: GET https://chroma.cloud-dog.net/api/v2/tenants/default_tenant/databases/default_database/collections \"HTTP/1.1 200 OK\"", "correlation_id": "3bccbd1704a14be38ca68355430d8428", "service": "index-retriever-mcp-server", "service_instance": "index-retriever-local", "environment": "dev"}
{"timestamp": "2026-07-08T16:51:28.710144Z", "level": "INFO", "logger": "httpx", "message": "HTTP Request: POST https://chroma.cloud-dog.net/api/v2/tenants/default_tenant/databases/default_database/collections/4d7b16fa-c33e-4269-917a-a4a83d122353/upsert \"HTTP/1.1 200 OK\"", "correlation_id": "3bccbd1704a14be38ca68355430d8428", "service": "index-retriever-mcp-server", "service_instance": "index-retriever-local", "environment": "dev"}
{"timestamp": "2026-07-08T16:51:28.724829Z", "level": "INFO", "logger": "cloud_dog_api_kit.request_logging", "message": "Request completed", "correlation_id": "3bccbd1704a14be38ca68355430d8428", "service": "index-retriever-mcp-server", "service_instance": "index-retriever-local", "environment": "dev", "extra": {"request_id": "12a1ce869c294511a41ab543558001b2", "correlation_id": null, "user": null, "method": "POST", "path": "/api/v1/tools/ingest_text", "status_code": 200, "duration_ms": 1537.39, "client_ip": "testclient"}}
{"timestamp": "2026-07-08T16:51:28.734Z", "event_type": "http.create", "actor": {"type": "system", "id": "anonymous", "roles": [], "ip": "testclient", "user_agent": "testclient"}, "action": "create", "outcome": "success", "severity": "INFO", "correlation_id": "3bccbd1704a14be38ca68355430d8428", "trace_id": "3bccbd1704a14be38ca68355430d8428", "request_id": "3bccbd1704a14be38ca68355430d8428", "service": "index-retriever-mcp-server", "service_instance": "index-retriever-local", "component": "http", "source_host": "index-retriever-local", "source_process": "3733358", "source_application": "testclient", "process_id": "3733358", "environment": "dev", "source_address": "testclient:50000", "destination_address": "testserver:80", "target": {"type": "endpoint", "id": "/api/v1/tools/ingest_text", "name": "POST /api/v1/tools/ingest_text"}, "details": {"status_code": 200, "method": "POST", "client_ip": "testclient"}, "duration_ms": 1556}
{"timestamp": "2026-07-08T16:51:28.744611Z", "level": "INFO", "logger": "httpx", "message": "HTTP Request: POST http://testserver/api/v1/tools/ingest_text \"HTTP/1.1 200 OK\"", "correlation_id": "3bccbd1704a14be38ca68355430d8428", "service": "index-retriever-mcp-server", "service_instance": "index-retriever-local", "environment": "dev"}
{"timestamp": "2026-07-08T16:51:28.754143Z", "level": "INFO", "logger": "cloud_dog_api_kit.request_logging", "message": "Request started", "correlation_id": "3bccbd1704a14be38ca68355430d8428", "service": "index-retriever-mcp-server", "service_instance": "index-retriever-local", "environment": "dev", "extra": {"request_id": "729871745a894b5c8b483c74e0fe1069", "correlation_id": null, "user": null, "method": "POST", "path": "/api/v1/tools/search", "client_ip": "testclient"}}
{"timestamp": "2026-07-08T16:51:28.764Z", "event_type": "mcp_tool.mcp.tool.search", "actor": {"type": "service", "id": "configured:55ac848af50d", "roles": [], "ip": "unknown"}, "action": "mcp.tool.search", "outcome": "success", "severity": "INFO", "correlation_id": "3bccbd1704a14be38ca68355430d8428", "trace_id": "3bccbd1704a14be38ca68355430d8428", "request_id": "3bccbd1704a14be38ca68355430d8428", "service": "unknown", "service_instance": "index-retriever-local", "component": "unknown", "source_host": "index-retriever-local", "source_process": "3733358", "source_application": "unknown", "process_id": "3733358", "environment": "dev", "target": {"type": "mcp_tool", "id": "search"}, "details": {"details": {"phase": "invoke", "profile": "default", "collection": "it_mcp_e6644aa4"}}}
{"timestamp": "2026-07-08T16:51:29.349237Z", "level": "INFO", "logger": "httpx", "message": "HTTP Request: GET https://chroma.cloud-dog.net/api/v2/tenants/default_tenant/databases/default_database/collections \"HTTP/1.1 200 OK\"", "correlation_id": "3bccbd1704a14be38ca68355430d8428", "service": "index-retriever-mcp-server", "service_instance": "index-retriever-local", "environment": "dev"}
{"timestamp": "2026-07-08T16:51:30.008766Z", "level": "INFO", "logger": "httpx", "message": "HTTP Request: POST https://chroma.cloud-dog.net/api/v2/tenants/default_tenant/databases/default_database/collections/4d7b16fa-c33e-4269-917a-a4a83d122353/query \"HTTP/1.1 200 OK\"", "correlation_id": "3bccbd1704a14be38ca68355430d8428", "service": "index-retriever-mcp-server", "service_instance": "index-retriever-local", "environment": "dev"}
{"timestamp": "2026-07-08T16:51:30.021299Z", "level": "INFO", "logger": "cloud_dog_api_kit.request_logging", "message": "Request completed", "correlation_id": "3bccbd1704a14be38ca68355430d8428", "service": "index-retriever-mcp-server", "service_instance": "index-retriever-local", "environment": "dev", "extra": {"request_id": "729871745a894b5c8b483c74e0fe1069", "correlation_id": null, "user": null, "method": "POST", "path": "/api/v1/tools/search", "status_code": 200, "duration_ms": 1259.87, "client_ip": "testclient"}}
{"timestamp": "2026-07-08T16:51:30.032Z", "event_type": "http.create", "actor": {"type": "system", "id": "anonymous", "roles": [], "ip": "testclient", "user_agent": "testclient"}, "action": "create", "outcome": "success", "severity": "INFO", "correlation_id": "3bccbd1704a14be38ca68355430d8428", "trace_id": "3bccbd1704a14be38ca68355430d8428", "request_id": "3bccbd1704a14be38ca68355430d8428", "service": "index-retriever-mcp-server", "service_instance": "index-retriever-local", "component": "http", "source_host": "index-retriever-local", "source_process": "3733358", "source_application": "testclient", "process_id": "3733358", "environment": "dev", "source_address": "testclient:50000", "destination_address": "testserver:80", "target": {"type": "endpoint", "id": "/api/v1/tools/search", "name": "POST /api/v1/tools/search"}, "details": {"status_code": 200, "method": "POST", "client_ip": "testclient"}, "duration_ms": 1278}
{"timestamp": "2026-07-08T16:51:30.043269Z", "level": "INFO", "logger": "httpx", "message": "HTTP Request: POST http://testserver/api/v1/tools/search \"HTTP/1.1 200 OK\"", "correlation_id": "3bccbd1704a14be38ca68355430d8428", "service": "index-retriever-mcp-server", "service_instance": "index-retriever-local", "environment": "dev"}
{"timestamp": "2026-07-08T16:51:30.054991Z", "level": "INFO", "logger": "cloud_dog_api_kit.request_logging", "message": "Request started", "correlation_id": "3bccbd1704a14be38ca68355430d8428", "service": "index-retriever-mcp-server", "service_instance": "index-retriever-local", "environment": "dev", "extra": {"request_id": "9acd0ff6e17d4b4380355030e4b1f2f6", "correlation_id": null, "user": null, "method": "POST", "path": "/api/v1/tools/search_explain", "client_ip": "testclient"}}
{"timestamp": "2026-07-08T16:51:30.070Z", "event_type": "mcp_tool.mcp.tool.search_explain", "actor": {"type": "service", "id": "configured:55ac848af50d", "roles": [], "ip": "unknown"}, "action": "mcp.tool.search_explain", "outcome": "success", "severity": "INFO", "correlation_id": "3bccbd1704a14be38ca68355430d8428", "trace_id": "3bccbd1704a14be38ca68355430d8428", "request_id": "3bccbd1704a14be38ca68355430d8428", "service": "unknown", "service_instance": "index-retriever-local", "component": "unknown", "source_host": "index-retriever-local", "source_process": "3733358", "source_application": "unknown", "process_id": "3733358", "environment": "dev", "target": {"type": "mcp_tool", "id": "search_explain"}, "details": {"details": {"phase": "invoke", "profile": "default", "collection": "it_mcp_e6644aa4"}}}
{"timestamp": "2026-07-08T16:51:30.663377Z", "level": "INFO", "logger": "httpx", "message": "HTTP Request: GET https://chroma.cloud-dog.net/api/v2/tenants/default_tenant/databases/default_database/collections \"HTTP/1.1 200 OK\"", "correlation_id": "3bccbd1704a14be38ca68355430d8428", "service": "index-retriever-mcp-server", "service_instance": "index-retriever-local", "environment": "dev"}
{"timestamp": "2026-07-08T16:51:31.312788Z", "level": "INFO", "logger": "httpx", "message": "HTTP Request: POST https://chroma.cloud-dog.net/api/v2/tenants/default_tenant/databases/default_database/collections/4d7b16fa-c33e-4269-917a-a4a83d122353/query \"HTTP/1.1 200 OK\"", "correlation_id": "3bccbd1704a14be38ca68355430d8428", "service": "index-retriever-mcp-server", "service_instance": "index-retriever-local", "environment": "dev"}
{"timestamp": "2026-07-08T16:51:31.326437Z", "level": "INFO", "logger": "cloud_dog_api_kit.request_logging", "message": "Request completed", "correlation_id": "3bccbd1704a14be38ca68355430d8428", "service": "index-retriever-mcp-server", "service_instance": "index-retriever-local", "environment": "dev", "extra": {"request_id": "9acd0ff6e17d4b4380355030e4b1f2f6", "correlation_id": null, "user": null, "method": "POST", "path": "/api/v1/tools/search_explain", "status_code": 200, "duration_ms": 1259.9, "client_ip": "testclient"}}
{"timestamp": "2026-07-08T16:51:31.335Z", "event_type": "http.create", "actor": {"type": "system", "id": "anonymous", "roles": [], "ip": "testclient", "user_agent": "testclient"}, "action": "create", "outcome": "success", "severity": "INFO", "correlation_id": "3bccbd1704a14be38ca68355430d8428", "trace_id": "3bccbd1704a14be38ca68355430d8428", "request_id": "3bccbd1704a14be38ca68355430d8428", "service": "index-retriever-mcp-server", "service_instance": "index-retriever-local", "component": "http", "source_host": "index-retriever-local", "source_process": "3733358", "source_application": "testclient", "process_id": "3733358", "environment": "dev", "source_address": "testclient:50000", "destination_address": "testserver:80", "target": {"type": "endpoint", "id": "/api/v1/tools/search_explain", "name": "POST /api/v1/tools/search_explain"}, "details": {"status_code": 200, "method": "POST", "client_ip": "testclient"}, "duration_ms": 1281}
{"timestamp": "2026-07-08T16:51:31.344279Z", "level": "INFO", "logger": "httpx", "message": "HTTP Request: POST http://testserver/api/v1/tools/search_explain \"HTTP/1.1 200 OK\"", "correlation_id": "3bccbd1704a14be38ca68355430d8428", "service": "index-retriever-mcp-server", "service_instance": "index-retriever-local", "environment": "dev"}
{"timestamp": "2026-07-08T16:51:31.353038Z", "level": "INFO", "logger": "cloud_dog_api_kit.request_logging", "message": "Request started", "correlation_id": "3bccbd1704a14be38ca68355430d8428", "service": "index-retriever-mcp-server", "service_instance": "index-retriever-local", "environment": "dev", "extra": {"request_id": "14451d04e8e147eb85ce44ee1a465e31", "correlation_id": null, "user": null, "method": "POST", "path": "/api/v1/tools/admin_collection_create", "client_ip": "testclient"}}
{"timestamp": "2026-07-08T16:51:31.363Z", "event_type": "mcp_tool.mcp.tool.admin_collection_create", "actor": {"type": "service", "id": "configured:ac6fc16fd23f", "roles": [], "ip": "unknown"}, "action": "mcp.tool.admin_collection_create", "outcome": "success", "severity": "INFO", "correlation_id": "3bccbd1704a14be38ca68355430d8428", "trace_id": "3bccbd1704a14be38ca68355430d8428", "request_id": "3bccbd1704a14be38ca68355430d8428", "service": "unknown", "service_instance": "index-retriever-local", "component": "unknown", "source_host": "index-retriever-local", "source_process": "3733358", "source_application": "unknown", "process_id": "3733358", "environment": "dev", "target": {"type": "mcp_tool", "id": "admin_collection_create"}, "details": {"details": {"phase": "invoke", "profile": "default", "collection": "it_iso_a_e6644aa4"}}}
{"timestamp": "2026-07-08T16:51:31.383261Z", "level": "INFO", "logger": "httpx", "message": "HTTP Request: POST https://chroma.cloud-dog.net/api/v2/tenants/default_tenant/databases/default_database/collections \"HTTP/1.1 200 OK\"", "correlation_id": "3bccbd1704a14be38ca68355430d8428", "service": "index-retriever-mcp-server", "service_instance": "index-retriever-local", "environment": "dev"}
{"timestamp": "2026-07-08T16:51:31.394996Z", "level": "INFO", "logger": "cloud_dog_api_kit.request_logging", "message": "Request completed", "correlation_id": "3bccbd1704a14be38ca68355430d8428", "service": "index-retriever-mcp-server", "service_instance": "index-retriever-local", "environment": "dev", "extra": {"request_id": "14451d04e8e147eb85ce44ee1a465e31", "correlation_id": null, "user": null, "method": "POST", "path": "/api/v1/tools/admin_collection_create", "status_code": 200, "duration_ms": 35.29, "client_ip": "testclient"}}
{"timestamp": "2026-07-08T16:51:31.402Z", "event_type": "http.create", "actor": {"type": "system", "id": "anonymous", "roles": [], "ip": "testclient", "user_agent": "testclient"}, "action": "create", "outcome": "success", "severity": "INFO", "correlation_id": "3bccbd1704a14be38ca68355430d8428", "trace_id": "3bccbd1704a14be38ca68355430d8428", "request_id": "3bccbd1704a14be38ca68355430d8428", "service": "index-retriever-mcp-server", "service_instance": "index-retriever-local", "component": "http", "source_host": "index-retriever-local", "source_process": "3733358", "source_application": "testclient", "process_id": "3733358", "environment": "dev", "source_address": "testclient:50000", "destination_address": "testserver:80", "target": {"type": "endpoint", "id": "/api/v1/tools/admin_collection_create", "name": "POST /api/v1/tools/admin_collection_create"}, "details": {"status_code": 200, "method": "POST", "client_ip": "testclient"}, "duration_ms": 50}
{"timestamp": "2026-07-08T16:51:31.410716Z", "level": "INFO", "logger": "httpx", "message": "HTTP Request: POST http://testserver/api/v1/tools/admin_collection_create \"HTTP/1.1 200 OK\"", "correlation_id": "3bccbd1704a14be38ca68355430d8428", "service": "index-retriever-mcp-server", "service_instance": "index-retriever-local", "environment": "dev"}
{"timestamp": "2026-07-08T16:51:31.419361Z", "level": "INFO", "logger": "cloud_dog_api_kit.request_logging", "message": "Request started", "correlation_id": "3bccbd1704a14be38ca68355430d8428", "service": "index-retriever-mcp-server", "service_instance": "index-retriever-local", "environment": "dev", "extra": {"request_id": "b044cb0abc01427aa57dbe8ca142c2d6", "correlation_id": null, "user": null, "method": "POST", "path": "/api/v1/tools/admin_collection_create", "client_ip": "testclient"}}
{"timestamp": "2026-07-08T16:51:31.429Z", "event_type": "mcp_tool.mcp.tool.admin_collection_create", "actor": {"type": "service", "id": "configured:ac6fc16fd23f", "roles": [], "ip": "unknown"}, "action": "mcp.tool.admin_collection_create", "outcome": "success", "severity": "INFO", "correlation_id": "3bccbd1704a14be38ca68355430d8428", "trace_id": "3bccbd1704a14be38ca68355430d8428", "request_id": "3bccbd1704a14be38ca68355430d8428", "service": "unknown", "service_instance": "index-retriever-local", "component": "unknown", "source_host": "index-retriever-local", "source_process": "3733358", "source_application": "unknown", "process_id": "3733358", "environment": "dev", "target": {"type": "mcp_tool", "id": "admin_collection_create"}, "details": {"details": {"phase": "invoke", "profile": "default", "collection": "it_iso_b_e6644aa4"}}}
{"timestamp": "2026-07-08T16:51:31.459168Z", "level": "INFO", "logger": "httpx", "message": "HTTP Request: POST https://chroma.cloud-dog.net/api/v2/tenants/default_tenant/databases/default_database/collections \"HTTP/1.1 200 OK\"", "correlation_id": "3bccbd1704a14be38ca68355430d8428", "service": "index-retriever-mcp-server", "service_instance": "index-retriever-local", "environment": "dev"}
{"timestamp": "2026-07-08T16:51:31.469255Z", "level": "INFO", "logger": "cloud_dog_api_kit.request_logging", "message": "Request completed", "correlation_id": "3bccbd1704a14be38ca68355430d8428", "service": "index-retriever-mcp-server", "service_instance": "index-retriever-local", "environment": "dev", "extra": {"request_id": "b044cb0abc01427aa57dbe8ca142c2d6", "correlation_id": null, "user": null, "method": "POST", "path": "/api/v1/tools/admin_collection_create", "status_code": 200, "duration_ms": 42.89, "client_ip": "testclient"}}
{"timestamp": "2026-07-08T16:51:31.476Z", "event_type": "http.create", "actor": {"type": "system", "id": "anonymous", "roles": [], "ip": "testclient", "user_agent": "testclient"}, "action": "create", "outcome": "success", "severity": "INFO", "correlation_id": "3bccbd1704a14be38ca68355430d8428", "trace_id": "3bccbd1704a14be38ca68355430d8428", "request_id": "3bccbd1704a14be38ca68355430d8428", "service": "index-retriever-mcp-server", "service_instance": "index-retriever-local", "component": "http", "source_host": "index-retriever-local", "source_process": "3733358", "source_application": "testclient", "process_id": "3733358", "environment": "dev", "source_address": "testclient:50000", "destination_address": "testserver:80", "target": {"type": "endpoint", "id": "/api/v1/tools/admin_collection_create", "name": "POST /api/v1/tools/admin_collection_create"}, "details": {"status_code": 200, "method": "POST", "client_ip": "testclient"}, "duration_ms": 58}
{"timestamp": "2026-07-08T16:51:31.484568Z", "level": "INFO", "logger": "httpx", "message": "HTTP Request: POST http://testserver/api/v1/tools/admin_collection_create \"HTTP/1.1 200 OK\"", "correlation_id": "3bccbd1704a14be38ca68355430d8428", "service": "index-retriever-mcp-server", "service_instance": "index-retriever-local", "environment": "dev"}
{"timestamp": "2026-07-08T16:51:31.493518Z", "level": "INFO", "logger": "cloud_dog_api_kit.request_logging", "message": "Request started", "correlation_id": "3bccbd1704a14be38ca68355430d8428", "service": "index-retriever-mcp-server", "service_instance": "index-retriever-local", "environment": "dev", "extra": {"request_id": "eb67d08dcdef4be59c9af280b6bb49c7", "correlation_id": null, "user": null, "method": "POST", "path": "/api/v1/tools/ingest_text", "client_ip": "testclient"}}
{"timestamp": "2026-07-08T16:51:31.508Z", "event_type": "mcp_tool.mcp.tool.ingest_text", "actor": {"type": "service", "id": "configured:2530b9bc4759", "roles": [], "ip": "unknown"}, "action": "mcp.tool.ingest_text", "outcome": "success", "severity": "INFO", "correlation_id": "3bccbd1704a14be38ca68355430d8428", "trace_id": "3bccbd1704a14be38ca68355430d8428", "request_id": "3bccbd1704a14be38ca68355430d8428", "service": "unknown", "service_instance": "index-retriever-local", "component": "unknown", "source_host": "index-retriever-local", "source_process": "3733358", "source_application": "unknown", "process_id": "3733358", "environment": "dev", "target": {"type": "mcp_tool", "id": "ingest_text"}, "details": {"details": {"phase": "invoke", "profile": "default", "collection": "it_iso_a_e6644aa4"}}}
{"timestamp": "2026-07-08T16:51:31.598040Z", "level": "INFO", "logger": "httpx", "message": "HTTP Request: POST https://llm2.cloud-dog.net/api/embeddings \"HTTP/1.1 200 OK\"", "correlation_id": "3bccbd1704a14be38ca68355430d8428", "service": "index-retriever-mcp-server", "service_instance": "index-retriever-local", "environment": "dev"}
{"timestamp": "2026-07-08T16:51:32.228773Z", "level": "INFO", "logger": "httpx", "message": "HTTP Request: GET https://chroma.cloud-dog.net/api/v2/tenants/default_tenant/databases/default_database/collections \"HTTP/1.1 200 OK\"", "correlation_id": "3bccbd1704a14be38ca68355430d8428", "service": "index-retriever-mcp-server", "service_instance": "index-retriever-local", "environment": "dev"}
{"timestamp": "2026-07-08T16:51:32.938411Z", "level": "INFO", "logger": "httpx", "message": "HTTP Request: POST https://chroma.cloud-dog.net/api/v2/tenants/default_tenant/databases/default_database/collections/5eb684f0-7baf-4eb8-bce7-d06fa4fd1299/upsert \"HTTP/1.1 200 OK\"", "correlation_id": "3bccbd1704a14be38ca68355430d8428", "service": "index-retriever-mcp-server", "service_instance": "index-retriever-local", "environment": "dev"}
{"timestamp": "2026-07-08T16:51:32.951219Z", "level": "INFO", "logger": "cloud_dog_api_kit.request_logging", "message": "Request completed", "correlation_id": "3bccbd1704a14be38ca68355430d8428", "service": "index-retriever-mcp-server", "service_instance": "index-retriever-local", "environment": "dev", "extra": {"request_id": "eb67d08dcdef4be59c9af280b6bb49c7", "correlation_id": null, "user": null, "method": "POST", "path": "/api/v1/tools/ingest_text", "status_code": 200, "duration_ms": 1446.32, "client_ip": "testclient"}}
{"timestamp": "2026-07-08T16:51:32.966Z", "event_type": "http.create", "actor": {"type": "system", "id": "anonymous", "roles": [], "ip": "testclient", "user_agent": "testclient"}, "action": "create", "outcome": "success", "severity": "INFO", "correlation_id": "3bccbd1704a14be38ca68355430d8428", "trace_id": "3bccbd1704a14be38ca68355430d8428", "request_id": "3bccbd1704a14be38ca68355430d8428", "service": "index-retriever-mcp-server", "service_instance": "index-retriever-local", "component": "http", "source_host": "index-retriever-local", "source_process": "3733358", "source_application": "testclient", "process_id": "3733358", "environment": "dev", "source_address": "testclient:50000", "destination_address": "testserver:80", "target": {"type": "endpoint", "id": "/api/v1/tools/ingest_text", "name": "POST /api/v1/tools/ingest_text"}, "details": {"status_code": 200, "method": "POST", "client_ip": "testclient"}, "duration_ms": 1473}
{"timestamp": "2026-07-08T16:51:32.977284Z", "level": "INFO", "logger": "httpx", "message": "HTTP Request: POST http://testserver/api/v1/tools/ingest_text \"HTTP/1.1 200 OK\"", "correlation_id": "3bccbd1704a14be38ca68355430d8428", "service": "index-retriever-mcp-server", "service_instance": "index-retriever-local", "environment": "dev"}
{"timestamp": "2026-07-08T16:51:32.991602Z", "level": "INFO", "logger": "cloud_dog_api_kit.request_logging", "message": "Request started", "correlation_id": "3bccbd1704a14be38ca68355430d8428", "service": "index-retriever-mcp-server", "service_instance": "index-retriever-local", "environment": "dev", "extra": {"request_id": "67e5fd0df18a46f9b65c5871dfe9377a", "correlation_id": null, "user": null, "method": "POST", "path": "/api/v1/tools/ingest_text", "client_ip": "testclient"}}
{"timestamp": "2026-07-08T16:51:33.002Z", "event_type": "mcp_tool.mcp.tool.ingest_text", "actor": {"type": "service", "id": "configured:2530b9bc4759", "roles": [], "ip": "unknown"}, "action": "mcp.tool.ingest_text", "outcome": "success", "severity": "INFO", "correlation_id": "3bccbd1704a14be38ca68355430d8428", "trace_id": "3bccbd1704a14be38ca68355430d8428", "request_id": "3bccbd1704a14be38ca68355430d8428", "service": "unknown", "service_instance": "index-retriever-local", "component": "unknown", "source_host": "index-retriever-local", "source_process": "3733358", "source_application": "unknown", "process_id": "3733358", "environment": "dev", "target": {"type": "mcp_tool", "id": "ingest_text"}, "details": {"details": {"phase": "invoke", "profile": "default", "collection": "it_iso_b_e6644aa4"}}}
{"timestamp": "2026-07-08T16:51:33.097167Z", "level": "INFO", "logger": "httpx", "message": "HTTP Request: POST https://llm2.cloud-dog.net/api/embeddings \"HTTP/1.1 200 OK\"", "correlation_id": "3bccbd1704a14be38ca68355430d8428", "service": "index-retriever-mcp-server", "service_instance": "index-retriever-local", "environment": "dev"}
{"timestamp": "2026-07-08T16:51:33.729987Z", "level": "INFO", "logger": "httpx", "message": "HTTP Request: GET https://chroma.cloud-dog.net/api/v2/tenants/default_tenant/databases/default_database/collections \"HTTP/1.1 200 OK\"", "correlation_id": "3bccbd1704a14be38ca68355430d8428", "service": "index-retriever-mcp-server", "service_instance": "index-retriever-local", "environment": "dev"}
{"timestamp": "2026-07-08T16:51:34.404844Z", "level": "INFO", "logger": "httpx", "message": "HTTP Request: POST https://chroma.cloud-dog.net/api/v2/tenants/default_tenant/databases/default_database/collections/870b7df5-cc28-43e8-90fb-491cee432559/upsert \"HTTP/1.1 200 OK\"", "correlation_id": "3bccbd1704a14be38ca68355430d8428", "service": "index-retriever-mcp-server", "service_instance": "index-retriever-local", "environment": "dev"}
{"timestamp": "2026-07-08T16:51:34.415331Z", "level": "INFO", "logger": "cloud_dog_api_kit.request_logging", "message": "Request completed", "correlation_id": "3bccbd1704a14be38ca68355430d8428", "service": "index-retriever-mcp-server", "service_instance": "index-retriever-local", "environment": "dev", "extra": {"request_id": "67e5fd0df18a46f9b65c5871dfe9377a", "correlation_id": null, "user": null, "method": "POST", "path": "/api/v1/tools/ingest_text", "status_code": 200, "duration_ms": 1415.64, "client_ip": "testclient"}}
{"timestamp": "2026-07-08T16:51:34.424Z", "event_type": "http.create", "actor": {"type": "system", "id": "anonymous", "roles": [], "ip": "testclient", "user_agent": "testclient"}, "action": "create", "outcome": "success", "severity": "INFO", "correlation_id": "3bccbd1704a14be38ca68355430d8428", "trace_id": "3bccbd1704a14be38ca68355430d8428", "request_id": "3bccbd1704a14be38ca68355430d8428", "service": "index-retriever-mcp-server", "service_instance": "index-retriever-local", "component": "http", "source_host": "index-retriever-local", "source_process": "3733358", "source_application": "testclient", "process_id": "3733358", "environment": "dev", "source_address": "testclient:50000", "destination_address": "testserver:80", "target": {"type": "endpoint", "id": "/api/v1/tools/ingest_text", "name": "POST /api/v1/tools/ingest_text"}, "details": {"status_code": 200, "method": "POST", "client_ip": "testclient"}, "duration_ms": 1433}
{"timestamp": "2026-07-08T16:51:34.434461Z", "level": "INFO", "logger": "httpx", "message": "HTTP Request: POST http://testserver/api/v1/tools/ingest_text \"HTTP/1.1 200 OK\"", "correlation_id": "3bccbd1704a14be38ca68355430d8428", "service": "index-retriever-mcp-server", "service_instance": "index-retriever-local", "environment": "dev"}
{"timestamp": "2026-07-08T16:51:34.443147Z", "level": "INFO", "logger": "cloud_dog_api_kit.request_logging", "message": "Request started", "correlation_id": "3bccbd1704a14be38ca68355430d8428", "service": "index-retriever-mcp-server", "service_instance": "index-retriever-local", "environment": "dev", "extra": {"request_id": "5cdcfe96f99944ff8d7bfdcb5655c1bb", "correlation_id": null, "user": null, "method": "POST", "path": "/api/v1/tools/search", "client_ip": "testclient"}}
{"timestamp": "2026-07-08T16:51:34.453Z", "event_type": "mcp_tool.mcp.tool.search", "actor": {"type": "service", "id": "configured:55ac848af50d", "roles": [], "ip": "unknown"}, "action": "mcp.tool.search", "outcome": "success", "severity": "INFO", "correlation_id": "3bccbd1704a14be38ca68355430d8428", "trace_id": "3bccbd1704a14be38ca68355430d8428", "request_id": "3bccbd1704a14be38ca68355430d8428", "service": "unknown", "service_instance": "index-retriever-local", "component": "unknown", "source_host": "index-retriever-local", "source_process": "3733358", "source_application": "unknown", "process_id": "3733358", "environment": "dev", "target": {"type": "mcp_tool", "id": "search"}, "details": {"details": {"phase": "invoke", "profile": "default", "collection": "it_iso_a_e6644aa4"}}}
{"timestamp": "2026-07-08T16:51:35.011907Z", "level": "INFO", "logger": "httpx", "message": "HTTP Request: GET https://chroma.cloud-dog.net/api/v2/tenants/default_tenant/databases/default_database/collections \"HTTP/1.1 200 OK\"", "correlation_id": "3bccbd1704a14be38ca68355430d8428", "service": "index-retriever-mcp-server", "service_instance": "index-retriever-local", "environment": "dev"}
{"timestamp": "2026-07-08T16:51:35.768094Z", "level": "INFO", "logger": "httpx", "message": "HTTP Request: POST https://chroma.cloud-dog.net/api/v2/tenants/default_tenant/databases/default_database/collections/5eb684f0-7baf-4eb8-bce7-d06fa4fd1299/query \"HTTP/1.1 200 OK\"", "correlation_id": "3bccbd1704a14be38ca68355430d8428", "service": "index-retriever-mcp-server", "service_instance": "index-retriever-local", "environment": "dev"}
{"timestamp": "2026-07-08T16:51:35.779801Z", "level": "INFO", "logger": "cloud_dog_api_kit.request_logging", "message": "Request completed", "correlation_id": "3bccbd1704a14be38ca68355430d8428", "service": "index-retriever-mcp-server", "service_instance": "index-retriever-local", "environment": "dev", "extra": {"request_id": "5cdcfe96f99944ff8d7bfdcb5655c1bb", "correlation_id": null, "user": null, "method": "POST", "path": "/api/v1/tools/search", "status_code": 200, "duration_ms": 1330.29, "client_ip": "testclient"}}
{"timestamp": "2026-07-08T16:51:35.790Z", "event_type": "http.create", "actor": {"type": "system", "id": "anonymous", "roles": [], "ip": "testclient", "user_agent": "testclient"}, "action": "create", "outcome": "success", "severity": "INFO", "correlation_id": "3bccbd1704a14be38ca68355430d8428", "trace_id": "3bccbd1704a14be38ca68355430d8428", "request_id": "3bccbd1704a14be38ca68355430d8428", "service": "index-retriever-mcp-server", "service_instance": "index-retriever-local", "component": "http", "source_host": "index-retriever-local", "source_process": "3733358", "source_application": "testclient", "process_id": "3733358", "environment": "dev", "source_address": "testclient:50000", "destination_address": "testserver:80", "target": {"type": "endpoint", "id": "/api/v1/tools/search", "name": "POST /api/v1/tools/search"}, "details": {"status_code": 200, "method": "POST", "client_ip": "testclient"}, "duration_ms": 1347}
{"timestamp": "2026-07-08T16:51:35.800207Z", "level": "INFO", "logger": "httpx", "message": "HTTP Request: POST http://testserver/api/v1/tools/search \"HTTP/1.1 200 OK\"", "correlation_id": "3bccbd1704a14be38ca68355430d8428", "service": "index-retriever-mcp-server", "service_instance": "index-retriever-local", "environment": "dev"}
{"timestamp": "2026-07-08T16:51:35.810178Z", "level": "INFO", "logger": "cloud_dog_api_kit.request_logging", "message": "Request started", "correlation_id": "3bccbd1704a14be38ca68355430d8428", "service": "index-retriever-mcp-server", "service_instance": "index-retriever-local", "environment": "dev", "extra": {"request_id": "9c8e0573d6d141c99cb1f1d5785accfc", "correlation_id": null, "user": null, "method": "POST", "path": "/api/v1/tools/search", "client_ip": "testclient"}}
{"timestamp": "2026-07-08T16:51:35.820Z", "event_type": "mcp_tool.mcp.tool.search", "actor": {"type": "service", "id": "configured:55ac848af50d", "roles": [], "ip": "unknown"}, "action": "mcp.tool.search", "outcome": "success", "severity": "INFO", "correlation_id": "3bccbd1704a14be38ca68355430d8428", "trace_id": "3bccbd1704a14be38ca68355430d8428", "request_id": "3bccbd1704a14be38ca68355430d8428", "service": "unknown", "service_instance": "index-retriever-local", "component": "unknown", "source_host": "index-retriever-local", "source_process": "3733358", "source_application": "unknown", "process_id": "3733358", "environment": "dev", "target": {"type": "mcp_tool", "id": "search"}, "details": {"details": {"phase": "invoke", "profile": "default", "collection": "it_iso_b_e6644aa4"}}}
{"timestamp": "2026-07-08T16:51:36.471809Z", "level": "INFO", "logger": "httpx", "message": "HTTP Request: GET https://chroma.cloud-dog.net/api/v2/tenants/default_tenant/databases/default_database/collections \"HTTP/1.1 200 OK\"", "correlation_id": "3bccbd1704a14be38ca68355430d8428", "service": "index-retriever-mcp-server", "service_instance": "index-retriever-local", "environment": "dev"}
{"timestamp": "2026-07-08T16:51:37.320495Z", "level": "INFO", "logger": "httpx", "message": "HTTP Request: POST https://chroma.cloud-dog.net/api/v2/tenants/default_tenant/databases/default_database/collections/870b7df5-cc28-43e8-90fb-491cee432559/query \"HTTP/1.1 200 OK\"", "correlation_id": "3bccbd1704a14be38ca68355430d8428", "service": "index-retriever-mcp-server", "service_instance": "index-retriever-local", "environment": "dev"}
{"timestamp": "2026-07-08T16:51:37.365115Z", "level": "INFO", "logger": "cloud_dog_api_kit.request_logging", "message": "Request completed", "correlation_id": "3bccbd1704a14be38ca68355430d8428", "service": "index-retriever-mcp-server", "service_instance": "index-retriever-local", "environment": "dev", "extra": {"request_id": "9c8e0573d6d141c99cb1f1d5785accfc", "correlation_id": null, "user": null, "method": "POST", "path": "/api/v1/tools/search", "status_code": 200, "duration_ms": 1548.17, "client_ip": "testclient"}}
{"timestamp": "2026-07-08T16:51:37.394Z", "event_type": "http.create", "actor": {"type": "system", "id": "anonymous", "roles": [], "ip": "testclient", "user_agent": "testclient"}, "action": "create", "outcome": "success", "severity": "INFO", "correlation_id": "3bccbd1704a14be38ca68355430d8428", "trace_id": "3bccbd1704a14be38ca68355430d8428", "request_id": "3bccbd1704a14be38ca68355430d8428", "service": "index-retriever-mcp-server", "service_instance": "index-retriever-local", "component": "http", "source_host": "index-retriever-local", "source_process": "3733358", "source_application": "testclient", "process_id": "3733358", "environment": "dev", "source_address": "testclient:50000", "destination_address": "testserver:80", "target": {"type": "endpoint", "id": "/api/v1/tools/search", "name": "POST /api/v1/tools/search"}, "details": {"status_code": 200, "method": "POST", "client_ip": "testclient"}, "duration_ms": 1584}
{"timestamp": "2026-07-08T16:51:37.424791Z", "level": "INFO", "logger": "httpx", "message": "HTTP Request: POST http://testserver/api/v1/tools/search \"HTTP/1.1 200 OK\"", "correlation_id": "3bccbd1704a14be38ca68355430d8428", "service": "index-retriever-mcp-server", "service_instance": "index-retriever-local", "environment": "dev"}
{"timestamp": "2026-07-08T16:51:37.457308Z", "level": "INFO", "logger": "cloud_dog_api_kit.request_logging", "message": "Request started", "correlation_id": "3bccbd1704a14be38ca68355430d8428", "service": "index-retriever-mcp-server", "service_instance": "index-retriever-local", "environment": "dev", "extra": {"request_id": "b7a5e575dbaf442c81b8a70cfd7bd605", "correlation_id": null, "user": null, "method": "POST", "path": "/api/v1/tools/admin_collection_delete", "client_ip": "testclient"}}
{"timestamp": "2026-07-08T16:51:37.481Z", "event_type": "mcp_tool.mcp.tool.admin_collection_delete", "actor": {"type": "service", "id": "configured:ac6fc16fd23f", "roles": [], "ip": "unknown"}, "action": "mcp.tool.admin_collection_delete", "outcome": "success", "severity": "INFO", "correlation_id": "3bccbd1704a14be38ca68355430d8428", "trace_id": "3bccbd1704a14be38ca68355430d8428", "request_id": "3bccbd1704a14be38ca68355430d8428", "service": "unknown", "service_instance": "index-retriever-local", "component": "unknown", "source_host": "index-retriever-local", "source_process": "3733358", "source_application": "unknown", "process_id": "3733358", "environment": "dev", "target": {"type": "mcp_tool", "id": "admin_collection_delete"}, "details": {"details": {"phase": "invoke", "profile": "default", "collection": "it_mcp_e6644aa4"}}}
{"timestamp": "2026-07-08T16:51:37.569147Z", "level": "INFO", "logger": "httpx", "message": "HTTP Request: DELETE https://chroma.cloud-dog.net/api/v2/tenants/default_tenant/databases/default_database/collections/rc866ec0a_81e5_default_it_mcp_e6644aa4 \"HTTP/1.1 200 OK\"", "correlation_id": "3bccbd1704a14be38ca68355430d8428", "service": "index-retriever-mcp-server", "service_instance": "index-retriever-local", "environment": "dev"}
{"timestamp": "2026-07-08T16:51:37.585648Z", "level": "INFO", "logger": "cloud_dog_api_kit.request_logging", "message": "Request completed", "correlation_id": "3bccbd1704a14be38ca68355430d8428", "service": "index-retriever-mcp-server", "service_instance": "index-retriever-local", "environment": "dev", "extra": {"request_id": "b7a5e575dbaf442c81b8a70cfd7bd605", "correlation_id": null, "user": null, "method": "POST", "path": "/api/v1/tools/admin_collection_delete", "status_code": 200, "duration_ms": 108.89, "client_ip": "testclient"}}
{"timestamp": "2026-07-08T16:51:37.594Z", "event_type": "http.create", "actor": {"type": "system", "id": "anonymous", "roles": [], "ip": "testclient", "user_agent": "testclient"}, "action": "create", "outcome": "success", "severity": "INFO", "correlation_id": "3bccbd1704a14be38ca68355430d8428", "trace_id": "3bccbd1704a14be38ca68355430d8428", "request_id": "3bccbd1704a14be38ca68355430d8428", "service": "index-retriever-mcp-server", "service_instance": "index-retriever-local", "component": "http", "source_host": "index-retriever-local", "source_process": "3733358", "source_application": "testclient", "process_id": "3733358", "environment": "dev", "source_address": "testclient:50000", "destination_address": "testserver:80", "target": {"type": "endpoint", "id": "/api/v1/tools/admin_collection_delete", "name": "POST /api/v1/tools/admin_collection_delete"}, "details": {"status_code": 200, "method": "POST", "client_ip": "testclient"}, "duration_ms": 137}
{"timestamp": "2026-07-08T16:51:37.604346Z", "level": "INFO", "logger": "httpx", "message": "HTTP Request: POST http://testserver/api/v1/tools/admin_collection_delete \"HTTP/1.1 200 OK\"", "correlation_id": "3bccbd1704a14be38ca68355430d8428", "service": "index-retriever-mcp-server", "service_instance": "index-retriever-local", "environment": "dev"}
{"timestamp": "2026-07-08T16:51:37.612200Z", "level": "INFO", "logger": "cloud_dog_api_kit.request_logging", "message": "Request started", "correlation_id": "3bccbd1704a14be38ca68355430d8428", "service": "index-retriever-mcp-server", "service_instance": "index-retriever-local", "environment": "dev", "extra": {"request_id": "b5259f6e7c4a452db74d11687f5f4def", "correlation_id": null, "user": null, "method": "POST", "path": "/api/v1/tools/admin_collection_delete", "client_ip": "testclient"}}
{"timestamp": "2026-07-08T16:51:37.625Z", "event_type": "mcp_tool.mcp.tool.admin_collection_delete", "actor": {"type": "service", "id": "configured:ac6fc16fd23f", "roles": [], "ip": "unknown"}, "action": "mcp.tool.admin_collection_delete", "outcome": "success", "severity": "INFO", "correlation_id": "3bccbd1704a14be38ca68355430d8428", "trace_id": "3bccbd1704a14be38ca68355430d8428", "request_id": "3bccbd1704a14be38ca68355430d8428", "service": "unknown", "service_instance": "index-retriever-local", "component": "unknown", "source_host": "index-retriever-local", "source_process": "3733358", "source_application": "unknown", "process_id": "3733358", "environment": "dev", "target": {"type": "mcp_tool", "id": "admin_collection_delete"}, "details": {"details": {"phase": "invoke", "profile": "default", "collection": "it_iso_a_e6644aa4"}}}
{"timestamp": "2026-07-08T16:51:37.690215Z", "level": "INFO", "logger": "httpx", "message": "HTTP Request: DELETE https://chroma.cloud-dog.net/api/v2/tenants/default_tenant/databases/default_database/collections/rc866ec0a_81e5_default_it_iso_a_e6644aa4 \"HTTP/1.1 200 OK\"", "correlation_id": "3bccbd1704a14be38ca68355430d8428", "service": "index-retriever-mcp-server", "service_instance": "index-retriever-local", "environment": "dev"}
{"timestamp": "2026-07-08T16:51:37.701577Z", "level": "INFO", "logger": "cloud_dog_api_kit.request_logging", "message": "Request completed", "correlation_id": "3bccbd1704a14be38ca68355430d8428", "service": "index-retriever-mcp-server", "service_instance": "index-retriever-local", "environment": "dev", "extra": {"request_id": "b5259f6e7c4a452db74d11687f5f4def", "correlation_id": null, "user": null, "method": "POST", "path": "/api/v1/tools/admin_collection_delete", "status_code": 200, "duration_ms": 82.94, "client_ip": "testclient"}}
{"timestamp": "2026-07-08T16:51:37.716Z", "event_type": "http.create", "actor": {"type": "system", "id": "anonymous", "roles": [], "ip": "testclient", "user_agent": "testclient"}, "action": "create", "outcome": "success", "severity": "INFO", "correlation_id": "3bccbd1704a14be38ca68355430d8428", "trace_id": "3bccbd1704a14be38ca68355430d8428", "request_id": "3bccbd1704a14be38ca68355430d8428", "service": "index-retriever-mcp-server", "service_instance": "index-retriever-local", "component": "http", "source_host": "index-retriever-local", "source_process": "3733358", "source_application": "testclient", "process_id": "3733358", "environment": "dev", "source_address": "testclient:50000", "destination_address": "testserver:80", "target": {"type": "endpoint", "id": "/api/v1/tools/admin_collection_delete", "name": "POST /api/v1/tools/admin_collection_delete"}, "details": {"status_code": 200, "method": "POST", "client_ip": "testclient"}, "duration_ms": 104}
{"timestamp": "2026-07-08T16:51:37.730220Z", "level": "INFO", "logger": "httpx", "message": "HTTP Request: POST http://testserver/api/v1/tools/admin_collection_delete \"HTTP/1.1 200 OK\"", "correlation_id": "3bccbd1704a14be38ca68355430d8428", "service": "index-retriever-mcp-server", "service_instance": "index-retriever-local", "environment": "dev"}
{"timestamp": "2026-07-08T16:51:37.738600Z", "level": "INFO", "logger": "cloud_dog_api_kit.request_logging", "message": "Request started", "correlation_id": "3bccbd1704a14be38ca68355430d8428", "service": "index-retriever-mcp-server", "service_instance": "index-retriever-local", "environment": "dev", "extra": {"request_id": "3e402075b2814e34872cd12b32dc2b99", "correlation_id": null, "user": null, "method": "POST", "path": "/api/v1/tools/admin_collection_delete", "client_ip": "testclient"}}
{"timestamp": "2026-07-08T16:51:37.751Z", "event_type": "mcp_tool.mcp.tool.admin_collection_delete", "actor": {"type": "service", "id": "configured:ac6fc16fd23f", "roles": [], "ip": "unknown"}, "action": "mcp.tool.admin_collection_delete", "outcome": "success", "severity": "INFO", "correlation_id": "3bccbd1704a14be38ca68355430d8428", "trace_id": "3bccbd1704a14be38ca68355430d8428", "request_id": "3bccbd1704a14be38ca68355430d8428", "service": "unknown", "service_instance": "index-retriever-local", "component": "unknown", "source_host": "index-retriever-local", "source_process": "3733358", "source_application": "unknown", "process_id": "3733358", "environment": "dev", "target": {"type": "mcp_tool", "id": "admin_collection_delete"}, "details": {"details": {"phase": "invoke", "profile": "default", "collection": "it_iso_b_e6644aa4"}}}
{"timestamp": "2026-07-08T16:51:37.811229Z", "level": "INFO", "logger": "httpx", "message": "HTTP Request: DELETE https://chroma.cloud-dog.net/api/v2/tenants/default_tenant/databases/default_database/collections/rc866ec0a_81e5_default_it_iso_b_e6644aa4 \"HTTP/1.1 200 OK\"", "correlation_id": "3bccbd1704a14be38ca68355430d8428", "service": "index-retriever-mcp-server", "service_instance": "index-retriever-local", "environment": "dev"}
{"timestamp": "2026-07-08T16:51:37.825431Z", "level": "INFO", "logger": "cloud_dog_api_kit.request_logging", "message": "Request completed", "correlation_id": "3bccbd1704a14be38ca68355430d8428", "service": "index-retriever-mcp-server", "service_instance": "index-retriever-local", "environment": "dev", "extra": {"request_id": "3e402075b2814e34872cd12b32dc2b99", "correlation_id": null, "user": null, "method": "POST", "path": "/api/v1/tools/admin_collection_delete", "status_code": 200, "duration_ms": 79.04, "client_ip": "testclient"}}
{"timestamp": "2026-07-08T16:51:37.834Z", "event_type": "http.create", "actor": {"type": "system", "id": "anonymous", "roles": [], "ip": "testclient", "user_agent": "testclient"}, "action": "create", "outcome": "success", "severity": "INFO", "correlation_id": "3bccbd1704a14be38ca68355430d8428", "trace_id": "3bccbd1704a14be38ca68355430d8428", "request_id": "3bccbd1704a14be38ca68355430d8428", "service": "index-retriever-mcp-server", "service_instance": "index-retriever-local", "component": "http", "source_host": "index-retriever-local", "source_process": "3733358", "source_application": "testclient", "process_id": "3733358", "environment": "dev", "source_address": "testclient:50000", "destination_address": "testserver:80", "target": {"type": "endpoint", "id": "/api/v1/tools/admin_collection_delete", "name": "POST /api/v1/tools/admin_collection_delete"}, "details": {"status_code": 200, "method": "POST", "client_ip": "testclient"}, "duration_ms": 96}
{"timestamp": "2026-07-08T16:51:37.842900Z", "level": "INFO", "logger": "httpx", "message": "HTTP Request: POST http://testserver/api/v1/tools/admin_collection_delete \"HTTP/1.1 200 OK\"", "correlation_id": "3bccbd1704a14be38ca68355430d8428", "service": "index-retriever-mcp-server", "service_instance": "index-retriever-local", "environment": "dev"}
------------------------------ Captured log call -------------------------------
INFO     cloud_dog_logging.integrity:integrity.py:185 audit_integrity_check
_______________________ test_correlation_id_propagation ________________________
----------------------------- Captured stdout call -----------------------------
{"timestamp": "2026-07-08T16:51:38.266023Z", "level": "INFO", "logger": "httpx", "message": "HTTP Request: GET https://chroma.cloud-dog.net/api/v2/heartbeat \"HTTP/1.1 200 OK\"", "correlation_id": "3bccbd1704a14be38ca68355430d8428", "service": "index-retriever-mcp-server", "service_instance": "index-retriever-local", "environment": "dev"}
{"timestamp": "2026-07-08T16:51:38.318644Z", "level": "INFO", "logger": "httpx", "message": "HTTP Request: GET https://llm2.cloud-dog.net/api/tags \"HTTP/1.1 200 OK\"", "correlation_id": "3bccbd1704a14be38ca68355430d8428", "service": "index-retriever-mcp-server", "service_instance": "index-retriever-local", "environment": "dev"}
------------------------------ Captured log call -------------------------------
INFO     httpx:_client.py:1740 HTTP Request: GET https://chroma.cloud-dog.net/api/v2/heartbeat "HTTP/1.1 200 OK"
INFO     httpx:_client.py:1740 HTTP Request: GET https://llm2.cloud-dog.net/api/tags "HTTP/1.1 200 OK"
__________________________ test_chroma_contract_test ___________________________
----------------------------- Captured stdout call -----------------------------
{"timestamp": "2026-07-08T16:51:38.842215Z", "level": "INFO", "logger": "httpx", "message": "HTTP Request: POST https://llm2.cloud-dog.net/api/embeddings \"HTTP/1.1 200 OK\"", "correlation_id": "3bccbd1704a14be38ca68355430d8428", "service": "index-retriever-mcp-server", "service_instance": "index-retriever-local", "environment": "dev"}
{"timestamp": "2026-07-08T16:51:38.915922Z", "level": "INFO", "logger": "httpx", "message": "HTTP Request: POST https://chroma.cloud-dog.net/api/v2/tenants/default_tenant/databases/default_database/collections \"HTTP/1.1 200 OK\"", "correlation_id": "3bccbd1704a14be38ca68355430d8428", "service": "index-retriever-mcp-server", "service_instance": "index-retriever-local", "environment": "dev"}
{"timestamp": "2026-07-08T16:51:39.023457Z", "level": "INFO", "logger": "httpx", "message": "HTTP Request: POST https://llm2.cloud-dog.net/api/embeddings \"HTTP/1.1 200 OK\"", "correlation_id": "3bccbd1704a14be38ca68355430d8428", "service": "index-retriever-mcp-server", "service_instance": "index-retriever-local", "environment": "dev"}
{"timestamp": "2026-07-08T16:51:39.705561Z", "level": "INFO", "logger": "httpx", "message": "HTTP Request: GET https://chroma.cloud-dog.net/api/v2/tenants/default_tenant/databases/default_database/collections \"HTTP/1.1 200 OK\"", "correlation_id": "3bccbd1704a14be38ca68355430d8428", "service": "index-retriever-mcp-server", "service_instance": "index-retriever-local", "environment": "dev"}
{"timestamp": "2026-07-08T16:51:40.521914Z", "level": "INFO", "logger": "httpx", "message": "HTTP Request: POST https://chroma.cloud-dog.net/api/v2/tenants/default_tenant/databases/default_database/collections/cb56a21b-c766-477a-a1ee-5e3eca6d2387/upsert \"HTTP/1.1 200 OK\"", "correlation_id": "3bccbd1704a14be38ca68355430d8428", "service": "index-retriever-mcp-server", "service_instance": "index-retriever-local", "environment": "dev"}
{"timestamp": "2026-07-08T16:51:41.200083Z", "level": "INFO", "logger": "httpx", "message": "HTTP Request: GET https://chroma.cloud-dog.net/api/v2/tenants/default_tenant/databases/default_database/collections \"HTTP/1.1 200 OK\"", "correlation_id": "3bccbd1704a14be38ca68355430d8428", "service": "index-retriever-mcp-server", "service_instance": "index-retriever-local", "environment": "dev"}
{"timestamp": "2026-07-08T16:51:42.022970Z", "level": "INFO", "logger": "httpx", "message": "HTTP Request: POST https://chroma.cloud-dog.net/api/v2/tenants/default_tenant/databases/default_database/collections/cb56a21b-c766-477a-a1ee-5e3eca6d2387/query \"HTTP/1.1 200 OK\"", "correlation_id": "3bccbd1704a14be38ca68355430d8428", "service": "index-retriever-mcp-server", "service_instance": "index-retriever-local", "environment": "dev"}
{"timestamp": "2026-07-08T16:51:42.674140Z", "level": "INFO", "logger": "httpx", "message": "HTTP Request: GET https://chroma.cloud-dog.net/api/v2/tenants/default_tenant/databases/default_database/collections \"HTTP/1.1 200 OK\"", "correlation_id": "3bccbd1704a14be38ca68355430d8428", "service": "index-retriever-mcp-server", "service_instance": "index-retriever-local", "environment": "dev"}
{"timestamp": "2026-07-08T16:51:43.374950Z", "level": "INFO", "logger": "httpx", "message": "HTTP Request: POST https://chroma.cloud-dog.net/api/v2/tenants/default_tenant/databases/default_database/collections/cb56a21b-c766-477a-a1ee-5e3eca6d2387/upsert \"HTTP/1.1 200 OK\"", "correlation_id": "3bccbd1704a14be38ca68355430d8428", "service": "index-retriever-mcp-server", "service_instance": "index-retriever-local", "environment": "dev"}
------------------------------ Captured log call -------------------------------
INFO     httpx:_client.py:1740 HTTP Request: POST https://llm2.cloud-dog.net/api/embeddings "HTTP/1.1 200 OK"
INFO     httpx:_client.py:1740 HTTP Request: POST https://chroma.cloud-dog.net/api/v2/tenants/default_tenant/databases/default_database/collections "HTTP/1.1 200 OK"
INFO     httpx:_client.py:1740 HTTP Request: POST https://llm2.cloud-dog.net/api/embeddings "HTTP/1.1 200 OK"
INFO     httpx:_client.py:1740 HTTP Request: GET https://chroma.cloud-dog.net/api/v2/tenants/default_tenant/databases/default_database/collections "HTTP/1.1 200 OK"
INFO     httpx:_client.py:1740 HTTP Request: POST https://chroma.cloud-dog.net/api/v2/tenants/default_tenant/databases/default_database/collections/cb56a21b-c766-477a-a1ee-5e3eca6d2387/upsert "HTTP/1.1 200 OK"
INFO     httpx:_client.py:1740 HTTP Request: GET https://chroma.cloud-dog.net/api/v2/tenants/default_tenant/databases/default_database/collections "HTTP/1.1 200 OK"
INFO     httpx:_client.py:1740 HTTP Request: POST https://chroma.cloud-dog.net/api/v2/tenants/default_tenant/databases/default_database/collections/cb56a21b-c766-477a-a1ee-5e3eca6d2387/query "HTTP/1.1 200 OK"
INFO     httpx:_client.py:1740 HTTP Request: GET https://chroma.cloud-dog.net/api/v2/tenants/default_tenant/databases/default_database/collections "HTTP/1.1 200 OK"
INFO     httpx:_client.py:1740 HTTP Request: POST https://chroma.cloud-dog.net/api/v2/tenants/default_tenant/databases/default_database/collections/cb56a21b-c766-477a-a1ee-5e3eca6d2387/upsert "HTTP/1.1 200 OK"
--------------------------- Captured stdout teardown ---------------------------
{"timestamp": "2026-07-08T16:51:43.453244Z", "level": "INFO", "logger": "httpx", "message": "HTTP Request: DELETE https://chroma.cloud-dog.net/api/v2/tenants/default_tenant/databases/default_database/collections/rc866ec0a_6eb0_default_it_chroma \"HTTP/1.1 200 OK\"", "correlation_id": "3bccbd1704a14be38ca68355430d8428", "service": "index-retriever-mcp-server", "service_instance": "index-retriever-local", "environment": "dev"}
{"timestamp": "2026-07-08T16:51:43.469120Z", "level": "INFO", "logger": "httpx", "message": "HTTP Request: DELETE https://chroma.cloud-dog.net/api/v2/tenants/default_tenant/databases/default_database/collections/rc866ec0a_6eb0_default_it_chroma \"HTTP/1.1 404 Not Found\"", "correlation_id": "3bccbd1704a14be38ca68355430d8428", "service": "index-retriever-mcp-server", "service_instance": "index-retriever-local", "environment": "dev"}
---------------------------- Captured log teardown -----------------------------
INFO     httpx:_client.py:1740 HTTP Request: DELETE https://chroma.cloud-dog.net/api/v2/tenants/default_tenant/databases/default_database/collections/rc866ec0a_6eb0_default_it_chroma "HTTP/1.1 200 OK"
INFO     httpx:_client.py:1740 HTTP Request: DELETE https://chroma.cloud-dog.net/api/v2/tenants/default_tenant/databases/default_database/collections/rc866ec0a_6eb0_default_it_chroma "HTTP/1.1 404 Not Found"
_____________________ test_it2_1_chroma_contract_roundtrip _____________________
----------------------------- Captured stdout call -----------------------------
{"timestamp": "2026-07-08T16:51:43.602036Z", "level": "INFO", "logger": "httpx", "message": "HTTP Request: DELETE https://chroma.cloud-dog.net/api/v2/tenants/default_tenant/databases/default_database/collections/w23a_it2_chroma_contract \"HTTP/1.1 404 Not Found\"", "correlation_id": "3bccbd1704a14be38ca68355430d8428", "service": "index-retriever-mcp-server", "service_instance": "index-retriever-local", "environment": "dev"}
{"timestamp": "2026-07-08T16:51:43.629828Z", "level": "INFO", "logger": "httpx", "message": "HTTP Request: POST https://chroma.cloud-dog.net/api/v2/tenants/default_tenant/databases/default_database/collections \"HTTP/1.1 200 OK\"", "correlation_id": "3bccbd1704a14be38ca68355430d8428", "service": "index-retriever-mcp-server", "service_instance": "index-retriever-local", "environment": "dev"}
{"timestamp": "2026-07-08T16:51:44.250330Z", "level": "INFO", "logger": "httpx", "message": "HTTP Request: GET https://chroma.cloud-dog.net/api/v2/tenants/default_tenant/databases/default_database/collections \"HTTP/1.1 200 OK\"", "correlation_id": "3bccbd1704a14be38ca68355430d8428", "service": "index-retriever-mcp-server", "service_instance": "index-retriever-local", "environment": "dev"}
{"timestamp": "2026-07-08T16:51:44.941048Z", "level": "INFO", "logger": "httpx", "message": "HTTP Request: POST https://chroma.cloud-dog.net/api/v2/tenants/default_tenant/databases/default_database/collections/9db4bacd-db7e-4043-a911-dd49a1b759ac/upsert \"HTTP/1.1 200 OK\"", "correlation_id": "3bccbd1704a14be38ca68355430d8428", "service": "index-retriever-mcp-server", "service_instance": "index-retriever-local", "environment": "dev"}
{"timestamp": "2026-07-08T16:51:45.614322Z", "level": "INFO", "logger": "httpx", "message": "HTTP Request: GET https://chroma.cloud-dog.net/api/v2/tenants/default_tenant/databases/default_database/collections \"HTTP/1.1 200 OK\"", "correlation_id": "3bccbd1704a14be38ca68355430d8428", "service": "index-retriever-mcp-server", "service_instance": "index-retriever-local", "environment": "dev"}
{"timestamp": "2026-07-08T16:51:46.451631Z", "level": "INFO", "logger": "httpx", "message": "HTTP Request: POST https://chroma.cloud-dog.net/api/v2/tenants/default_tenant/databases/default_database/collections/9db4bacd-db7e-4043-a911-dd49a1b759ac/query \"HTTP/1.1 200 OK\"", "correlation_id": "3bccbd1704a14be38ca68355430d8428", "service": "index-retriever-mcp-server", "service_instance": "index-retriever-local", "environment": "dev"}
{"timestamp": "2026-07-08T16:51:47.092558Z", "level": "INFO", "logger": "httpx", "message": "HTTP Request: GET https://chroma.cloud-dog.net/api/v2/tenants/default_tenant/databases/default_database/collections \"HTTP/1.1 200 OK\"", "correlation_id": "3bccbd1704a14be38ca68355430d8428", "service": "index-retriever-mcp-server", "service_instance": "index-retriever-local", "environment": "dev"}
{"timestamp": "2026-07-08T16:51:47.918918Z", "level": "INFO", "logger": "httpx", "message": "HTTP Request: POST https://chroma.cloud-dog.net/api/v2/tenants/default_tenant/databases/default_database/collections/9db4bacd-db7e-4043-a911-dd49a1b759ac/upsert \"HTTP/1.1 200 OK\"", "correlation_id": "3bccbd1704a14be38ca68355430d8428", "service": "index-retriever-mcp-server", "service_instance": "index-retriever-local", "environment": "dev"}
{"timestamp": "2026-07-08T16:51:48.100634Z", "level": "INFO", "logger": "httpx", "message": "HTTP Request: DELETE https://chroma.cloud-dog.net/api/v2/tenants/default_tenant/databases/default_database/collections/w23a_it2_chroma_contract \"HTTP/1.1 200 OK\"", "correlation_id": "3bccbd1704a14be38ca68355430d8428", "service": "index-retriever-mcp-server", "service_instance": "index-retriever-local", "environment": "dev"}
------------------------------ Captured log call -------------------------------
INFO     httpx:_client.py:1740 HTTP Request: DELETE https://chroma.cloud-dog.net/api/v2/tenants/default_tenant/databases/default_database/collections/w23a_it2_chroma_contract "HTTP/1.1 404 Not Found"
INFO     httpx:_client.py:1740 HTTP Request: POST https://chroma.cloud-dog.net/api/v2/tenants/default_tenant/databases/default_database/collections "HTTP/1.1 200 OK"
INFO     httpx:_client.py:1740 HTTP Request: GET https://chroma.cloud-dog.net/api/v2/tenants/default_tenant/databases/default_database/collections "HTTP/1.1 200 OK"
INFO     httpx:_client.py:1740 HTTP Request: POST https://chroma.cloud-dog.net/api/v2/tenants/default_tenant/databases/default_database/collections/9db4bacd-db7e-4043-a911-dd49a1b759ac/upsert "HTTP/1.1 200 OK"
INFO     httpx:_client.py:1740 HTTP Request: GET https://chroma.cloud-dog.net/api/v2/tenants/default_tenant/databases/default_database/collections "HTTP/1.1 200 OK"
INFO     httpx:_client.py:1740 HTTP Request: POST https://chroma.cloud-dog.net/api/v2/tenants/default_tenant/databases/default_database/collections/9db4bacd-db7e-4043-a911-dd49a1b759ac/query "HTTP/1.1 200 OK"
INFO     httpx:_client.py:1740 HTTP Request: GET https://chroma.cloud-dog.net/api/v2/tenants/default_tenant/databases/default_database/collections "HTTP/1.1 200 OK"
INFO     httpx:_client.py:1740 HTTP Request: POST https://chroma.cloud-dog.net/api/v2/tenants/default_tenant/databases/default_database/collections/9db4bacd-db7e-4043-a911-dd49a1b759ac/upsert "HTTP/1.1 200 OK"
INFO     httpx:_client.py:1740 HTTP Request: DELETE https://chroma.cloud-dog.net/api/v2/tenants/default_tenant/databases/default_database/collections/w23a_it2_chroma_contract "HTTP/1.1 200 OK"
___________________ test_it2_10_marker_parser_pdf_ir_output ____________________
----------------------------- Captured stdout call -----------------------------
{"timestamp": "2026-07-08T16:51:48.313790Z", "level": "INFO", "logger": "httpx", "message": "HTTP Request: POST https://marker0.cloud-dog.net/mcp \"HTTP/1.1 200 OK\"", "correlation_id": "3bccbd1704a14be38ca68355430d8428", "service": "index-retriever-mcp-server", "service_instance": "index-retriever-local", "environment": "dev"}
{"timestamp": "2026-07-08T16:51:48.332665Z", "level": "INFO", "logger": "httpx", "message": "HTTP Request: POST https://marker0.cloud-dog.net/mcp \"HTTP/1.1 202 Accepted\"", "correlation_id": "3bccbd1704a14be38ca68355430d8428", "service": "index-retriever-mcp-server", "service_instance": "index-retriever-local", "environment": "dev"}
{"timestamp": "2026-07-08T16:51:48.389761Z", "level": "INFO", "logger": "httpx", "message": "HTTP Request: POST https://marker0.cloud-dog.net/mcp \"HTTP/1.1 200 OK\"", "correlation_id": "3bccbd1704a14be38ca68355430d8428", "service": "index-retriever-mcp-server", "service_instance": "index-retriever-local", "environment": "dev"}
------------------------------ Captured log call -------------------------------
INFO     httpx:_client.py:1740 HTTP Request: POST https://marker0.cloud-dog.net/mcp "HTTP/1.1 200 OK"
INFO     httpx:_client.py:1740 HTTP Request: POST https://marker0.cloud-dog.net/mcp "HTTP/1.1 202 Accepted"
INFO     httpx:_client.py:1740 HTTP Request: POST https://marker0.cloud-dog.net/mcp "HTTP/1.1 200 OK"
_____________ test_it2_13_ocr_capable_parser_matrix_extracts_text ______________
----------------------------- Captured stdout call -----------------------------
{"timestamp": "2026-07-08T16:51:56.352178Z", "level": "INFO", "logger": "httpx", "message": "HTTP Request: GET https://minerugui.cloud-dog.net/health \"HTTP/1.1 404 Not Found\"", "correlation_id": "3bccbd1704a14be38ca68355430d8428", "service": "index-retriever-mcp-server", "service_instance": "index-retriever-local", "environment": "dev"}
{"timestamp": "2026-07-08T16:51:56.405243Z", "level": "INFO", "logger": "httpx", "message": "HTTP Request: POST https://minerugui.cloud-dog.net/file_parse \"HTTP/1.1 404 Not Found\"", "correlation_id": "3bccbd1704a14be38ca68355430d8428", "service": "index-retriever-mcp-server", "service_instance": "index-retriever-local", "environment": "dev"}
{"timestamp": "2026-07-08T16:51:56.466521Z", "level": "INFO", "logger": "httpx", "message": "HTTP Request: POST https://minerugui.cloud-dog.net/gradio_api/upload \"HTTP/1.1 200 OK\"", "correlation_id": "3bccbd1704a14be38ca68355430d8428", "service": "index-retriever-mcp-server", "service_instance": "index-retriever-local", "environment": "dev"}
{"timestamp": "2026-07-08T16:52:01.744719Z", "level": "INFO", "logger": "httpx", "message": "HTTP Request: POST https://minerugui.cloud-dog.net/gradio_api/run/to_markdown \"HTTP/1.1 200 OK\"", "correlation_id": "3bccbd1704a14be38ca68355430d8428", "service": "index-retriever-mcp-server", "service_instance": "index-retriever-local", "environment": "dev"}
{"timestamp": "2026-07-08T16:52:01.927496Z", "level": "INFO", "logger": "httpx", "message": "HTTP Request: POST https://marker0.cloud-dog.net/mcp \"HTTP/1.1 200 OK\"", "correlation_id": "3bccbd1704a14be38ca68355430d8428", "service": "index-retriever-mcp-server", "service_instance": "index-retriever-local", "environment": "dev"}
{"timestamp": "2026-07-08T16:52:01.943704Z", "level": "INFO", "logger": "httpx", "message": "HTTP Request: POST https://marker0.cloud-dog.net/mcp \"HTTP/1.1 202 Accepted\"", "correlation_id": "3bccbd1704a14be38ca68355430d8428", "service": "index-retriever-mcp-server", "service_instance": "index-retriever-local", "environment": "dev"}
{"timestamp": "2026-07-08T16:52:02.060047Z", "level": "INFO", "logger": "httpx", "message": "HTTP Request: POST https://marker0.cloud-dog.net/mcp \"HTTP/1.1 200 OK\"", "correlation_id": "3bccbd1704a14be38ca68355430d8428", "service": "index-retriever-mcp-server", "service_instance": "index-retriever-local", "environment": "dev"}
------------------------------ Captured log call -------------------------------
INFO     httpx:_client.py:1740 HTTP Request: GET https://minerugui.cloud-dog.net/health "HTTP/1.1 404 Not Found"
INFO     httpx:_client.py:1740 HTTP Request: POST https://minerugui.cloud-dog.net/file_parse "HTTP/1.1 404 Not Found"
INFO     httpx:_client.py:1740 HTTP Request: POST https://minerugui.cloud-dog.net/gradio_api/upload "HTTP/1.1 200 OK"
INFO     httpx:_client.py:1740 HTTP Request: POST https://minerugui.cloud-dog.net/gradio_api/run/to_markdown "HTTP/1.1 200 OK"
INFO     httpx:_client.py:1740 HTTP Request: POST https://marker0.cloud-dog.net/mcp "HTTP/1.1 200 OK"
INFO     httpx:_client.py:1740 HTTP Request: POST https://marker0.cloud-dog.net/mcp "HTTP/1.1 202 Accepted"
INFO     httpx:_client.py:1740 HTTP Request: POST https://marker0.cloud-dog.net/mcp "HTTP/1.1 200 OK"
____________ test_it2_14_table_extraction_returns_structured_tables ____________
----------------------------- Captured stdout call -----------------------------
{"timestamp": "2026-07-08T16:52:53.703903Z", "level": "INFO", "logger": "httpx", "message": "HTTP Request: GET https://minerugui.cloud-dog.net/health \"HTTP/1.1 404 Not Found\"", "correlation_id": "3bccbd1704a14be38ca68355430d8428", "service": "index-retriever-mcp-server", "service_instance": "index-retriever-local", "environment": "dev"}
{"timestamp": "2026-07-08T16:52:53.731848Z", "level": "INFO", "logger": "httpx", "message": "HTTP Request: POST https://minerugui.cloud-dog.net/file_parse \"HTTP/1.1 404 Not Found\"", "correlation_id": "3bccbd1704a14be38ca68355430d8428", "service": "index-retriever-mcp-server", "service_instance": "index-retriever-local", "environment": "dev"}
{"timestamp": "2026-07-08T16:52:53.762558Z", "level": "INFO", "logger": "httpx", "message": "HTTP Request: POST https://minerugui.cloud-dog.net/gradio_api/upload \"HTTP/1.1 200 OK\"", "correlation_id": "3bccbd1704a14be38ca68355430d8428", "service": "index-retriever-mcp-server", "service_instance": "index-retriever-local", "environment": "dev"}
{"timestamp": "2026-07-08T16:53:00.393110Z", "level": "INFO", "logger": "httpx", "message": "HTTP Request: POST https://minerugui.cloud-dog.net/gradio_api/run/to_markdown \"HTTP/1.1 200 OK\"", "correlation_id": "3bccbd1704a14be38ca68355430d8428", "service": "index-retriever-mcp-server", "service_instance": "index-retriever-local", "environment": "dev"}
{"timestamp": "2026-07-08T16:53:00.585675Z", "level": "INFO", "logger": "httpx", "message": "HTTP Request: POST https://marker0.cloud-dog.net/mcp \"HTTP/1.1 200 OK\"", "correlation_id": "3bccbd1704a14be38ca68355430d8428", "service": "index-retriever-mcp-server", "service_instance": "index-retriever-local", "environment": "dev"}
{"timestamp": "2026-07-08T16:53:00.631908Z", "level": "INFO", "logger": "httpx", "message": "HTTP Request: POST https://marker0.cloud-dog.net/mcp \"HTTP/1.1 202 Accepted\"", "correlation_id": "3bccbd1704a14be38ca68355430d8428", "service": "index-retriever-mcp-server", "service_instance": "index-retriever-local", "environment": "dev"}
{"timestamp": "2026-07-08T16:53:00.679136Z", "level": "INFO", "logger": "httpx", "message": "HTTP Request: POST https://marker0.cloud-dog.net/mcp \"HTTP/1.1 200 OK\"", "correlation_id": "3bccbd1704a14be38ca68355430d8428", "service": "index-retriever-mcp-server", "service_instance": "index-retriever-local", "environment": "dev"}
------------------------------ Captured log call -------------------------------
INFO     httpx:_client.py:1740 HTTP Request: GET https://minerugui.cloud-dog.net/health "HTTP/1.1 404 Not Found"
INFO     httpx:_client.py:1740 HTTP Request: POST https://minerugui.cloud-dog.net/file_parse "HTTP/1.1 404 Not Found"
INFO     httpx:_client.py:1740 HTTP Request: POST https://minerugui.cloud-dog.net/gradio_api/upload "HTTP/1.1 200 OK"
INFO     httpx:_client.py:1740 HTTP Request: POST https://minerugui.cloud-dog.net/gradio_api/run/to_markdown "HTTP/1.1 200 OK"
INFO     httpx:_client.py:1740 HTTP Request: POST https://marker0.cloud-dog.net/mcp "HTTP/1.1 200 OK"
INFO     httpx:_client.py:1740 HTTP Request: POST https://marker0.cloud-dog.net/mcp "HTTP/1.1 202 Accepted"
INFO     httpx:_client.py:1740 HTTP Request: POST https://marker0.cloud-dog.net/mcp "HTTP/1.1 200 OK"
____________________ test_it2_15_database_startup_and_crud _____________________
----------------------------- Captured stdout call -----------------------------
{"timestamp": "2026-07-08T16:53:08.520296Z", "level": "INFO", "logger": "cloud_dog_logging.integrity", "message": "audit_integrity_check", "correlation_id": "3bccbd1704a14be38ca68355430d8428", "service": "index-retriever-mcp-server", "service_instance": "index-retriever-local", "environment": "dev", "extra": {"integrity_record": {"timestamp": "2026-07-08T16:53:08.520Z", "record_type": "audit_integrity_check", "service": "index-retriever-mcp-server", "service_instance": "index-retriever-local", "audit_log_path": "logs/audit.log.jsonl", "hash_algorithm": "sha256", "hash_value": "e100932b7c217c87db481d0b908a42a1738692f5e78f511817df8f2debf2bab7", "file_size_bytes": 581076, "line_count": 660, "last_event_timestamp": "2026-07-08T16:51:37.834Z", "verification_status": "valid", "trigger": "shutdown"}}}
{"timestamp": "2026-07-08T16:53:08.574971Z", "level": "INFO", "logger": "cloud_dog_logging.integrity", "message": "audit_integrity_check", "correlation_id": "3bccbd1704a14be38ca68355430d8428", "service": "index-retriever-mcp-server", "service_instance": "index-retriever-local", "environment": "dev", "extra": {"integrity_record": {"timestamp": "2026-07-08T16:53:08.574Z", "record_type": "audit_integrity_check", "service": "index-retriever-mcp-server", "service_instance": "index-retriever-local", "audit_log_path": "logs/audit.log.jsonl", "hash_algorithm": "sha256", "hash_value": "e100932b7c217c87db481d0b908a42a1738692f5e78f511817df8f2debf2bab7", "file_size_bytes": 581076, "line_count": 660, "last_event_timestamp": "2026-07-08T16:51:37.834Z", "verification_status": "valid", "trigger": "startup"}}}
{"timestamp": "2026-07-08T16:53:09.347272Z", "level": "INFO", "logger": "cloud_dog_api_kit.request_logging", "message": "Request started", "correlation_id": "3bccbd1704a14be38ca68355430d8428", "service": "index-retriever-mcp-server", "service_instance": "index-retriever-local", "environment": "dev", "extra": {"request_id": "030e94ef0d014ee993d76a445ea04940", "correlation_id": null, "user": null, "method": "GET", "path": "/api/v1/health", "client_ip": "testclient"}}
{"timestamp": "2026-07-08T16:53:09.388090Z", "level": "INFO", "logger": "httpx", "message": "HTTP Request: GET https://chroma.cloud-dog.net/api/v2/heartbeat \"HTTP/1.1 200 OK\"", "correlation_id": "3bccbd1704a14be38ca68355430d8428", "service": "index-retriever-mcp-server", "service_instance": "index-retriever-local", "environment": "dev"}
{"timestamp": "2026-07-08T16:53:09.403077Z", "level": "INFO", "logger": "cloud_dog_api_kit.request_logging", "message": "Request completed", "correlation_id": "3bccbd1704a14be38ca68355430d8428", "service": "index-retriever-mcp-server", "service_instance": "index-retriever-local", "environment": "dev", "extra": {"request_id": "030e94ef0d014ee993d76a445ea04940", "correlation_id": null, "user": null, "method": "GET", "path": "/api/v1/health", "status_code": 200, "duration_ms": 45.13, "client_ip": "testclient"}}
{"timestamp": "2026-07-08T16:53:09.413Z", "event_type": "http.read", "actor": {"type": "system", "id": "anonymous", "roles": [], "ip": "testclient", "user_agent": "testclient"}, "action": "read", "outcome": "success", "severity": "INFO", "correlation_id": "3bccbd1704a14be38ca68355430d8428", "trace_id": "3bccbd1704a14be38ca68355430d8428", "request_id": "3bccbd1704a14be38ca68355430d8428", "service": "index-retriever-mcp-server", "service_instance": "index-retriever-local", "component": "http", "source_host": "index-retriever-local", "source_process": "3733358", "source_application": "testclient", "process_id": "3733358", "environment": "dev", "source_address": "testclient:50000", "destination_address": "testserver:80", "target": {"type": "endpoint", "id": "/api/v1/health", "name": "GET /api/v1/health"}, "details": {"status_code": 200, "method": "GET", "client_ip": "testclient"}, "duration_ms": 66}
{"timestamp": "2026-07-08T16:53:09.424266Z", "level": "INFO", "logger": "httpx", "message": "HTTP Request: GET http://testserver/api/v1/health \"HTTP/1.1 200 OK\"", "correlation_id": "3bccbd1704a14be38ca68355430d8428", "service": "index-retriever-mcp-server", "service_instance": "index-retriever-local", "environment": "dev"}
{"timestamp": "2026-07-08T16:53:09.557260Z", "level": "INFO", "logger": "cloud_dog_logging.integrity", "message": "audit_integrity_check", "correlation_id": "3bccbd1704a14be38ca68355430d8428", "service": "index-retriever-mcp-server", "service_instance": "index-retriever-local", "environment": "dev", "extra": {"integrity_record": {"timestamp": "2026-07-08T16:53:09.557Z", "record_type": "audit_integrity_check", "service": "index-retriever-mcp-server", "service_instance": "index-retriever-local", "audit_log_path": "logs/audit.log.jsonl", "hash_algorithm": "sha256", "hash_value": "265e16bcd4663bb6d92b153b968c478a306d77680685f3eef0eb42859ba14ddd", "file_size_bytes": 581985, "line_count": 661, "last_event_timestamp": "2026-07-08T16:53:09.413Z", "verification_status": "valid", "trigger": "shutdown"}}}
------------------------------ Captured log call -------------------------------
INFO     cloud_dog_logging.integrity:integrity.py:185 audit_integrity_check
______________ test_pdf_ocr_and_table_provenance_fields_recorded _______________
----------------------------- Captured stdout call -----------------------------
{"timestamp": "2026-07-08T16:53:10.655721Z", "level": "INFO", "logger": "httpx", "message": "HTTP Request: POST https://marker0.cloud-dog.net/mcp \"HTTP/1.1 200 OK\"", "correlation_id": "3bccbd1704a14be38ca68355430d8428", "service": "index-retriever-mcp-server", "service_instance": "server0.viewdeck.com", "environment": "dev"}
{"timestamp": "2026-07-08T16:53:10.672384Z", "level": "INFO", "logger": "httpx", "message": "HTTP Request: POST https://marker0.cloud-dog.net/mcp \"HTTP/1.1 202 Accepted\"", "correlation_id": "3bccbd1704a14be38ca68355430d8428", "service": "index-retriever-mcp-server", "service_instance": "server0.viewdeck.com", "environment": "dev"}
{"timestamp": "2026-07-08T16:53:10.782354Z", "level": "INFO", "logger": "httpx", "message": "HTTP Request: POST https://marker0.cloud-dog.net/mcp \"HTTP/1.1 200 OK\"", "correlation_id": "3bccbd1704a14be38ca68355430d8428", "service": "index-retriever-mcp-server", "service_instance": "server0.viewdeck.com", "environment": "dev"}
{"timestamp": "2026-07-08T16:54:02.600859Z", "level": "INFO", "logger": "httpx", "message": "HTTP Request: POST https://marker0.cloud-dog.net/mcp \"HTTP/1.1 200 OK\"", "correlation_id": "3bccbd1704a14be38ca68355430d8428", "service": "index-retriever-mcp-server", "service_instance": "server0.viewdeck.com", "environment": "dev"}
{"timestamp": "2026-07-08T16:54:02.617918Z", "level": "INFO", "logger": "httpx", "message": "HTTP Request: POST https://marker0.cloud-dog.net/mcp \"HTTP/1.1 202 Accepted\"", "correlation_id": "3bccbd1704a14be38ca68355430d8428", "service": "index-retriever-mcp-server", "service_instance": "server0.viewdeck.com", "environment": "dev"}
{"timestamp": "2026-07-08T16:54:02.656601Z", "level": "INFO", "logger": "httpx", "message": "HTTP Request: POST https://marker0.cloud-dog.net/mcp \"HTTP/1.1 200 OK\"", "correlation_id": "3bccbd1704a14be38ca68355430d8428", "service": "index-retriever-mcp-server", "service_instance": "server0.viewdeck.com", "environment": "dev"}
------------------------------ Captured log call -------------------------------
INFO     httpx:_client.py:1740 HTTP Request: POST https://marker0.cloud-dog.net/mcp "HTTP/1.1 200 OK"
INFO     httpx:_client.py:1740 HTTP Request: POST https://marker0.cloud-dog.net/mcp "HTTP/1.1 202 Accepted"
INFO     httpx:_client.py:1740 HTTP Request: POST https://marker0.cloud-dog.net/mcp "HTTP/1.1 200 OK"
INFO     httpx:_client.py:1740 HTTP Request: POST https://marker0.cloud-dog.net/mcp "HTTP/1.1 200 OK"
INFO     httpx:_client.py:1740 HTTP Request: POST https://marker0.cloud-dog.net/mcp "HTTP/1.1 202 Accepted"
INFO     httpx:_client.py:1740 HTTP Request: POST https://marker0.cloud-dog.net/mcp "HTTP/1.1 200 OK"
____________ test_reingest_provenance_is_preserved_not_overwritten _____________
----------------------------- Captured stdout call -----------------------------
{"timestamp": "2026-07-08T16:54:11.019667Z", "level": "INFO", "logger": "httpx", "message": "HTTP Request: POST https://marker0.cloud-dog.net/mcp \"HTTP/1.1 200 OK\"", "correlation_id": "3bccbd1704a14be38ca68355430d8428", "service": "index-retriever-mcp-server", "service_instance": "server0.viewdeck.com", "environment": "dev"}
{"timestamp": "2026-07-08T16:54:11.034433Z", "level": "INFO", "logger": "httpx", "message": "HTTP Request: POST https://marker0.cloud-dog.net/mcp \"HTTP/1.1 202 Accepted\"", "correlation_id": "3bccbd1704a14be38ca68355430d8428", "service": "index-retriever-mcp-server", "service_instance": "server0.viewdeck.com", "environment": "dev"}
{"timestamp": "2026-07-08T16:54:11.140726Z", "level": "INFO", "logger": "httpx", "message": "HTTP Request: POST https://marker0.cloud-dog.net/mcp \"HTTP/1.1 200 OK\"", "correlation_id": "3bccbd1704a14be38ca68355430d8428", "service": "index-retriever-mcp-server", "service_instance": "server0.viewdeck.com", "environment": "dev"}
{"timestamp": "2026-07-08T16:55:00.633595Z", "level": "INFO", "logger": "httpx", "message": "HTTP Request: POST https://marker0.cloud-dog.net/mcp \"HTTP/1.1 200 OK\"", "correlation_id": "3bccbd1704a14be38ca68355430d8428", "service": "index-retriever-mcp-server", "service_instance": "server0.viewdeck.com", "environment": "dev"}
{"timestamp": "2026-07-08T16:55:00.648014Z", "level": "INFO", "logger": "httpx", "message": "HTTP Request: POST https://marker0.cloud-dog.net/mcp \"HTTP/1.1 202 Accepted\"", "correlation_id": "3bccbd1704a14be38ca68355430d8428", "service": "index-retriever-mcp-server", "service_instance": "server0.viewdeck.com", "environment": "dev"}
{"timestamp": "2026-07-08T16:55:00.747424Z", "level": "INFO", "logger": "httpx", "message": "HTTP Request: POST https://marker0.cloud-dog.net/mcp \"HTTP/1.1 200 OK\"", "correlation_id": "3bccbd1704a14be38ca68355430d8428", "service": "index-retriever-mcp-server", "service_instance": "server0.viewdeck.com", "environment": "dev"}
{"timestamp": "2026-07-08T16:55:52.164899Z", "level": "INFO", "logger": "httpx", "message": "HTTP Request: POST https://marker0.cloud-dog.net/mcp \"HTTP/1.1 200 OK\"", "correlation_id": "3bccbd1704a14be38ca68355430d8428", "service": "index-retriever-mcp-server", "service_instance": "server0.viewdeck.com", "environment": "dev"}
{"timestamp": "2026-07-08T16:55:52.184393Z", "level": "INFO", "logger": "httpx", "message": "HTTP Request: POST https://marker0.cloud-dog.net/mcp \"HTTP/1.1 202 Accepted\"", "correlation_id": "3bccbd1704a14be38ca68355430d8428", "service": "index-retriever-mcp-server", "service_instance": "server0.viewdeck.com", "environment": "dev"}
{"timestamp": "2026-07-08T16:55:52.302585Z", "level": "INFO", "logger": "httpx", "message": "HTTP Request: POST https://marker0.cloud-dog.net/mcp \"HTTP/1.1 200 OK\"", "correlation_id": "3bccbd1704a14be38ca68355430d8428", "service": "index-retriever-mcp-server", "service_instance": "server0.viewdeck.com", "environment": "dev"}
------------------------------ Captured log call -------------------------------
INFO     httpx:_client.py:1740 HTTP Request: POST https://marker0.cloud-dog.net/mcp "HTTP/1.1 200 OK"
INFO     httpx:_client.py:1740 HTTP Request: POST https://marker0.cloud-dog.net/mcp "HTTP/1.1 202 Accepted"
INFO     httpx:_client.py:1740 HTTP Request: POST https://marker0.cloud-dog.net/mcp "HTTP/1.1 200 OK"
INFO     httpx:_client.py:1740 HTTP Request: POST https://marker0.cloud-dog.net/mcp "HTTP/1.1 200 OK"
INFO     httpx:_client.py:1740 HTTP Request: POST https://marker0.cloud-dog.net/mcp "HTTP/1.1 202 Accepted"
INFO     httpx:_client.py:1740 HTTP Request: POST https://marker0.cloud-dog.net/mcp "HTTP/1.1 200 OK"
INFO     httpx:_client.py:1740 HTTP Request: POST https://marker0.cloud-dog.net/mcp "HTTP/1.1 200 OK"
INFO     httpx:_client.py:1740 HTTP Request: POST https://marker0.cloud-dog.net/mcp "HTTP/1.1 202 Accepted"
INFO     httpx:_client.py:1740 HTTP Request: POST https://marker0.cloud-dog.net/mcp "HTTP/1.1 200 OK"
_____________________ test_it2_2_qdrant_contract_roundtrip _____________________
----------------------------- Captured stdout call -----------------------------
{"timestamp": "2026-07-08T16:56:45.767980Z", "level": "INFO", "logger": "httpx", "message": "HTTP Request: DELETE https://qdrant.cloud-dog.net/collections/w23a_it2_qdrant_contract \"HTTP/1.1 200 OK\"", "correlation_id": "3bccbd1704a14be38ca68355430d8428", "service": "index-retriever-mcp-server", "service_instance": "server0.viewdeck.com", "environment": "dev"}
{"timestamp": "2026-07-08T16:56:45.898914Z", "level": "INFO", "logger": "httpx", "message": "HTTP Request: PUT https://qdrant.cloud-dog.net/collections/w23a_it2_qdrant_contract \"HTTP/1.1 200 OK\"", "correlation_id": "3bccbd1704a14be38ca68355430d8428", "service": "index-retriever-mcp-server", "service_instance": "server0.viewdeck.com", "environment": "dev"}
{"timestamp": "2026-07-08T16:56:45.916636Z", "level": "INFO", "logger": "httpx", "message": "HTTP Request: GET https://qdrant.cloud-dog.net/collections/w23a_it2_qdrant_contract \"HTTP/1.1 200 OK\"", "correlation_id": "3bccbd1704a14be38ca68355430d8428", "service": "index-retriever-mcp-server", "service_instance": "server0.viewdeck.com", "environment": "dev"}
{"timestamp": "2026-07-08T16:56:45.940100Z", "level": "INFO", "logger": "httpx", "message": "HTTP Request: PUT https://qdrant.cloud-dog.net/collections/w23a_it2_qdrant_contract/points?wait=true \"HTTP/1.1 200 OK\"", "correlation_id": "3bccbd1704a14be38ca68355430d8428", "service": "index-retriever-mcp-server", "service_instance": "server0.viewdeck.com", "environment": "dev"}
{"timestamp": "2026-07-08T16:56:45.968138Z", "level": "INFO", "logger": "httpx", "message": "HTTP Request: POST https://qdrant.cloud-dog.net/collections/w23a_it2_qdrant_contract/points/search \"HTTP/1.1 200 OK\"", "correlation_id": "3bccbd1704a14be38ca68355430d8428", "service": "index-retriever-mcp-server", "service_instance": "server0.viewdeck.com", "environment": "dev"}
{"timestamp": "2026-07-08T16:56:45.987284Z", "level": "INFO", "logger": "httpx", "message": "HTTP Request: PUT https://qdrant.cloud-dog.net/collections/w23a_it2_qdrant_contract/points?wait=true \"HTTP/1.1 200 OK\"", "correlation_id": "3bccbd1704a14be38ca68355430d8428", "service": "index-retriever-mcp-server", "service_instance": "server0.viewdeck.com", "environment": "dev"}
{"timestamp": "2026-07-08T16:56:46.008021Z", "level": "INFO", "logger": "httpx", "message": "HTTP Request: DELETE https://qdrant.cloud-dog.net/collections/w23a_it2_qdrant_contract \"HTTP/1.1 200 OK\"", "correlation_id": "3bccbd1704a14be38ca68355430d8428", "service": "index-retriever-mcp-server", "service_instance": "server0.viewdeck.com", "environment": "dev"}
------------------------------ Captured log call -------------------------------
INFO     httpx:_client.py:1740 HTTP Request: DELETE https://qdrant.cloud-dog.net/collections/w23a_it2_qdrant_contract "HTTP/1.1 200 OK"
INFO     httpx:_client.py:1740 HTTP Request: PUT https://qdrant.cloud-dog.net/collections/w23a_it2_qdrant_contract "HTTP/1.1 200 OK"
INFO     httpx:_client.py:1740 HTTP Request: GET https://qdrant.cloud-dog.net/collections/w23a_it2_qdrant_contract "HTTP/1.1 200 OK"
INFO     httpx:_client.py:1740 HTTP Request: PUT https://qdrant.cloud-dog.net/collections/w23a_it2_qdrant_contract/points?wait=true "HTTP/1.1 200 OK"
INFO     httpx:_client.py:1740 HTTP Request: POST https://qdrant.cloud-dog.net/collections/w23a_it2_qdrant_contract/points/search "HTTP/1.1 200 OK"
INFO     httpx:_client.py:1740 HTTP Request: PUT https://qdrant.cloud-dog.net/collections/w23a_it2_qdrant_contract/points?wait=true "HTTP/1.1 200 OK"
INFO     httpx:_client.py:1740 HTTP Request: DELETE https://qdrant.cloud-dog.net/collections/w23a_it2_qdrant_contract "HTTP/1.1 200 OK"
___________________ test_it2_3_opensearch_contract_roundtrip ___________________
----------------------------- Captured stdout call -----------------------------
{"timestamp": "2026-07-08T16:56:46.121754Z", "level": "INFO", "logger": "httpx", "message": "HTTP Request: DELETE http://opensearch0.app.vpc0.cloud-dog.net:1201/w23a_it2_opensearch_contract \"HTTP/1.1 404 Not Found\"", "correlation_id": "3bccbd1704a14be38ca68355430d8428", "service": "index-retriever-mcp-server", "service_instance": "server0.viewdeck.com", "environment": "dev"}
{"timestamp": "2026-07-08T16:56:46.341008Z", "level": "INFO", "logger": "httpx", "message": "HTTP Request: PUT http://opensearch0.app.vpc0.cloud-dog.net:1201/w23a_it2_opensearch_contract \"HTTP/1.1 200 OK\"", "correlation_id": "3bccbd1704a14be38ca68355430d8428", "service": "index-retriever-mcp-server", "service_instance": "server0.viewdeck.com", "environment": "dev"}
{"timestamp": "2026-07-08T16:56:46.444475Z", "level": "INFO", "logger": "httpx", "message": "HTTP Request: POST http://opensearch0.app.vpc0.cloud-dog.net:1201/_bulk?refresh=true \"HTTP/1.1 200 OK\"", "correlation_id": "3bccbd1704a14be38ca68355430d8428", "service": "index-retriever-mcp-server", "service_instance": "server0.viewdeck.com", "environment": "dev"}
{"timestamp": "2026-07-08T16:56:46.466880Z", "level": "INFO", "logger": "httpx", "message": "HTTP Request: POST http://opensearch0.app.vpc0.cloud-dog.net:1201/w23a_it2_opensearch_contract/_search \"HTTP/1.1 200 OK\"", "correlation_id": "3bccbd1704a14be38ca68355430d8428", "service": "index-retriever-mcp-server", "service_instance": "server0.viewdeck.com", "environment": "dev"}
{"timestamp": "2026-07-08T16:56:46.512980Z", "level": "INFO", "logger": "httpx", "message": "HTTP Request: POST http://opensearch0.app.vpc0.cloud-dog.net:1201/w23a_it2_opensearch_contract/_update/w23a-opensearch-r1?refresh=true \"HTTP/1.1 200 OK\"", "correlation_id": "3bccbd1704a14be38ca68355430d8428", "service": "index-retriever-mcp-server", "service_instance": "server0.viewdeck.com", "environment": "dev"}
{"timestamp": "2026-07-08T16:56:46.567471Z", "level": "INFO", "logger": "httpx", "message": "HTTP Request: DELETE http://opensearch0.app.vpc0.cloud-dog.net:1201/w23a_it2_opensearch_contract \"HTTP/1.1 200 OK\"", "correlation_id": "3bccbd1704a14be38ca68355430d8428", "service": "index-retriever-mcp-server", "service_instance": "server0.viewdeck.com", "environment": "dev"}
------------------------------ Captured log call -------------------------------
INFO     httpx:_client.py:1740 HTTP Request: DELETE http://opensearch0.app.vpc0.cloud-dog.net:1201/w23a_it2_opensearch_contract "HTTP/1.1 404 Not Found"
INFO     httpx:_client.py:1740 HTTP Request: PUT http://opensearch0.app.vpc0.cloud-dog.net:1201/w23a_it2_opensearch_contract "HTTP/1.1 200 OK"
INFO     httpx:_client.py:1740 HTTP Request: POST http://opensearch0.app.vpc0.cloud-dog.net:1201/_bulk?refresh=true "HTTP/1.1 200 OK"
INFO     httpx:_client.py:1740 HTTP Request: POST http://opensearch0.app.vpc0.cloud-dog.net:1201/w23a_it2_opensearch_contract/_search "HTTP/1.1 200 OK"
INFO     httpx:_client.py:1740 HTTP Request: POST http://opensearch0.app.vpc0.cloud-dog.net:1201/w23a_it2_opensearch_contract/_update/w23a-opensearch-r1?refresh=true "HTTP/1.1 200 OK"
INFO     httpx:_client.py:1740 HTTP Request: DELETE http://opensearch0.app.vpc0.cloud-dog.net:1201/w23a_it2_opensearch_contract "HTTP/1.1 200 OK"
____________________ test_it2_5_weaviate_contract_roundtrip ____________________
----------------------------- Captured stdout call -----------------------------
{"timestamp": "2026-07-08T16:56:48.472418Z", "level": "INFO", "logger": "httpx", "message": "HTTP Request: DELETE https://weaviate.cloud-dog.net/v1/schema/W23aIt2WeaviateContract \"HTTP/1.1 200 OK\"", "correlation_id": "3bccbd1704a14be38ca68355430d8428", "service": "index-retriever-mcp-server", "service_instance": "server0.viewdeck.com", "environment": "dev"}
{"timestamp": "2026-07-08T16:56:49.705707Z", "level": "INFO", "logger": "httpx", "message": "HTTP Request: POST https://weaviate.cloud-dog.net/v1/schema \"HTTP/1.1 200 OK\"", "correlation_id": "3bccbd1704a14be38ca68355430d8428", "service": "index-retriever-mcp-server", "service_instance": "server0.viewdeck.com", "environment": "dev"}
{"timestamp": "2026-07-08T16:56:49.746755Z", "level": "INFO", "logger": "httpx", "message": "HTTP Request: POST https://weaviate.cloud-dog.net/v1/objects \"HTTP/1.1 200 OK\"", "correlation_id": "3bccbd1704a14be38ca68355430d8428", "service": "index-retriever-mcp-server", "service_instance": "server0.viewdeck.com", "environment": "dev"}
{"timestamp": "2026-07-08T16:56:49.769978Z", "level": "INFO", "logger": "httpx", "message": "HTTP Request: POST https://weaviate.cloud-dog.net/v1/graphql \"HTTP/1.1 200 OK\"", "correlation_id": "3bccbd1704a14be38ca68355430d8428", "service": "index-retriever-mcp-server", "service_instance": "server0.viewdeck.com", "environment": "dev"}
{"timestamp": "2026-07-08T16:56:49.792724Z", "level": "INFO", "logger": "httpx", "message": "HTTP Request: PUT https://weaviate.cloud-dog.net/v1/objects/90a657b7-66d4-59bb-be2a-2a19fc99580f \"HTTP/1.1 200 OK\"", "correlation_id": "3bccbd1704a14be38ca68355430d8428", "service": "index-retriever-mcp-server", "service_instance": "server0.viewdeck.com", "environment": "dev"}
{"timestamp": "2026-07-08T16:56:50.822991Z", "level": "INFO", "logger": "httpx", "message": "HTTP Request: DELETE https://weaviate.cloud-dog.net/v1/schema/W23aIt2WeaviateContract \"HTTP/1.1 200 OK\"", "correlation_id": "3bccbd1704a14be38ca68355430d8428", "service": "index-retriever-mcp-server", "service_instance": "server0.viewdeck.com", "environment": "dev"}
------------------------------ Captured log call -------------------------------
INFO     httpx:_client.py:1740 HTTP Request: DELETE https://weaviate.cloud-dog.net/v1/schema/W23aIt2WeaviateContract "HTTP/1.1 200 OK"
INFO     httpx:_client.py:1740 HTTP Request: POST https://weaviate.cloud-dog.net/v1/schema "HTTP/1.1 200 OK"
INFO     httpx:_client.py:1740 HTTP Request: POST https://weaviate.cloud-dog.net/v1/objects "HTTP/1.1 200 OK"
INFO     httpx:_client.py:1740 HTTP Request: POST https://weaviate.cloud-dog.net/v1/graphql "HTTP/1.1 200 OK"
INFO     httpx:_client.py:1740 HTTP Request: PUT https://weaviate.cloud-dog.net/v1/objects/90a657b7-66d4-59bb-be2a-2a19fc99580f "HTTP/1.1 200 OK"
INFO     httpx:_client.py:1740 HTTP Request: DELETE https://weaviate.cloud-dog.net/v1/schema/W23aIt2WeaviateContract "HTTP/1.1 200 OK"
____________________ test_it2_6_infinity_contract_roundtrip ____________________
----------------------------- Captured stdout call -----------------------------
{"timestamp": "2026-07-08T16:56:50.954874Z", "level": "INFO", "logger": "httpx", "message": "HTTP Request: DELETE http://infinity0.app.vpc0.cloud-dog.net:8080/databases/default_db/tables/w23a_it2_infinity_contract \"HTTP/1.1 200 OK\"", "correlation_id": "3bccbd1704a14be38ca68355430d8428", "service": "index-retriever-mcp-server", "service_instance": "server0.viewdeck.com", "environment": "dev"}
{"timestamp": "2026-07-08T16:56:50.980316Z", "level": "INFO", "logger": "httpx", "message": "HTTP Request: POST http://infinity0.app.vpc0.cloud-dog.net:8080/databases/default_db/tables/w23a_it2_infinity_contract \"HTTP/1.1 200 OK\"", "correlation_id": "3bccbd1704a14be38ca68355430d8428", "service": "index-retriever-mcp-server", "service_instance": "server0.viewdeck.com", "environment": "dev"}
{"timestamp": "2026-07-08T16:56:51.012033Z", "level": "INFO", "logger": "httpx", "message": "HTTP Request: POST http://infinity0.app.vpc0.cloud-dog.net:8080/databases/default_db/tables/w23a_it2_infinity_contract/docs \"HTTP/1.1 200 OK\"", "correlation_id": "3bccbd1704a14be38ca68355430d8428", "service": "index-retriever-mcp-server", "service_instance": "server0.viewdeck.com", "environment": "dev"}
{"timestamp": "2026-07-08T16:56:51.042416Z", "level": "INFO", "logger": "httpx", "message": "HTTP Request: GET http://infinity0.app.vpc0.cloud-dog.net:8080/databases/default_db/tables/w23a_it2_infinity_contract/docs \"HTTP/1.1 200 OK\"", "correlation_id": "3bccbd1704a14be38ca68355430d8428", "service": "index-retriever-mcp-server", "service_instance": "server0.viewdeck.com", "environment": "dev"}
{"timestamp": "2026-07-08T16:56:51.058432Z", "level": "INFO", "logger": "httpx", "message": "HTTP Request: DELETE http://infinity0.app.vpc0.cloud-dog.net:8080/databases/default_db/tables/w23a_it2_infinity_contract/docs \"HTTP/1.1 200 OK\"", "correlation_id": "3bccbd1704a14be38ca68355430d8428", "service": "index-retriever-mcp-server", "service_instance": "server0.viewdeck.com", "environment": "dev"}
{"timestamp": "2026-07-08T16:56:51.072082Z", "level": "INFO", "logger": "httpx", "message": "HTTP Request: POST http://infinity0.app.vpc0.cloud-dog.net:8080/databases/default_db/tables/w23a_it2_infinity_contract/docs \"HTTP/1.1 200 OK\"", "correlation_id": "3bccbd1704a14be38ca68355430d8428", "service": "index-retriever-mcp-server", "service_instance": "server0.viewdeck.com", "environment": "dev"}
{"timestamp": "2026-07-08T16:56:51.083176Z", "level": "INFO", "logger": "httpx", "message": "HTTP Request: DELETE http://infinity0.app.vpc0.cloud-dog.net:8080/databases/default_db/tables/w23a_it2_infinity_contract \"HTTP/1.1 200 OK\"", "correlation_id": "3bccbd1704a14be38ca68355430d8428", "service": "index-retriever-mcp-server", "service_instance": "server0.viewdeck.com", "environment": "dev"}
------------------------------ Captured log call -------------------------------
INFO     httpx:_client.py:1740 HTTP Request: DELETE http://infinity0.app.vpc0.cloud-dog.net:8080/databases/default_db/tables/w23a_it2_infinity_contract "HTTP/1.1 200 OK"
INFO     httpx:_client.py:1740 HTTP Request: POST http://infinity0.app.vpc0.cloud-dog.net:8080/databases/default_db/tables/w23a_it2_infinity_contract "HTTP/1.1 200 OK"
INFO     httpx:_client.py:1740 HTTP Request: POST http://infinity0.app.vpc0.cloud-dog.net:8080/databases/default_db/tables/w23a_it2_infinity_contract/docs "HTTP/1.1 200 OK"
INFO     httpx:_client.py:1740 HTTP Request: GET http://infinity0.app.vpc0.cloud-dog.net:8080/databases/default_db/tables/w23a_it2_infinity_contract/docs "HTTP/1.1 200 OK"
INFO     httpx:_client.py:1740 HTTP Request: DELETE http://infinity0.app.vpc0.cloud-dog.net:8080/databases/default_db/tables/w23a_it2_infinity_contract/docs "HTTP/1.1 200 OK"
INFO     httpx:_client.py:1740 HTTP Request: POST http://infinity0.app.vpc0.cloud-dog.net:8080/databases/default_db/tables/w23a_it2_infinity_contract/docs "HTTP/1.1 200 OK"
INFO     httpx:_client.py:1740 HTTP Request: DELETE http://infinity0.app.vpc0.cloud-dog.net:8080/databases/default_db/tables/w23a_it2_infinity_contract "HTTP/1.1 200 OK"
____________________ test_it2_9_mineru_parser_pdf_ir_output ____________________
----------------------------- Captured stdout call -----------------------------
{"timestamp": "2026-07-08T16:56:51.323664Z", "level": "INFO", "logger": "httpx", "message": "HTTP Request: GET https://minerugui.cloud-dog.net/health \"HTTP/1.1 404 Not Found\"", "correlation_id": "3bccbd1704a14be38ca68355430d8428", "service": "index-retriever-mcp-server", "service_instance": "server0.viewdeck.com", "environment": "dev"}
{"timestamp": "2026-07-08T16:56:51.349411Z", "level": "INFO", "logger": "httpx", "message": "HTTP Request: POST https://minerugui.cloud-dog.net/file_parse \"HTTP/1.1 404 Not Found\"", "correlation_id": "3bccbd1704a14be38ca68355430d8428", "service": "index-retriever-mcp-server", "service_instance": "server0.viewdeck.com", "environment": "dev"}
{"timestamp": "2026-07-08T16:56:51.381983Z", "level": "INFO", "logger": "httpx", "message": "HTTP Request: POST https://minerugui.cloud-dog.net/gradio_api/upload \"HTTP/1.1 200 OK\"", "correlation_id": "3bccbd1704a14be38ca68355430d8428", "service": "index-retriever-mcp-server", "service_instance": "server0.viewdeck.com", "environment": "dev"}
{"timestamp": "2026-07-08T16:56:58.005060Z", "level": "INFO", "logger": "httpx", "message": "HTTP Request: POST https://minerugui.cloud-dog.net/gradio_api/run/to_markdown \"HTTP/1.1 200 OK\"", "correlation_id": "3bccbd1704a14be38ca68355430d8428", "service": "index-retriever-mcp-server", "service_instance": "server0.viewdeck.com", "environment": "dev"}
------------------------------ Captured log call -------------------------------
INFO     httpx:_client.py:1740 HTTP Request: GET https://minerugui.cloud-dog.net/health "HTTP/1.1 404 Not Found"
INFO     httpx:_client.py:1740 HTTP Request: POST https://minerugui.cloud-dog.net/file_parse "HTTP/1.1 404 Not Found"
INFO     httpx:_client.py:1740 HTTP Request: POST https://minerugui.cloud-dog.net/gradio_api/upload "HTTP/1.1 200 OK"
INFO     httpx:_client.py:1740 HTTP Request: POST https://minerugui.cloud-dog.net/gradio_api/run/to_markdown "HTTP/1.1 200 OK"
________________ test_extract_analyse_generate_match_end_to_end ________________
----------------------------- Captured stdout call -----------------------------
{"timestamp": "2026-07-08T16:56:58.909449Z", "level": "INFO", "logger": "cloud_dog_logging.integrity", "message": "audit_integrity_check", "correlation_id": "3bccbd1704a14be38ca68355430d8428", "service": "index-retriever-mcp-server", "service_instance": "index-retriever-local", "environment": "dev", "extra": {"integrity_record": {"timestamp": "2026-07-08T16:56:58.909Z", "record_type": "audit_integrity_check", "service": "index-retriever-mcp-server", "service_instance": "index-retriever-local", "audit_log_path": "logs/audit.log.jsonl", "hash_algorithm": "sha256", "hash_value": "265e16bcd4663bb6d92b153b968c478a306d77680685f3eef0eb42859ba14ddd", "file_size_bytes": 581985, "line_count": 661, "last_event_timestamp": "2026-07-08T16:53:09.413Z", "verification_status": "valid", "trigger": "startup"}}}
{"timestamp": "2026-07-08T16:56:59.022628Z", "level": "INFO", "logger": "alembic.runtime.migration", "message": "Context impl SQLiteImpl.", "correlation_id": "3bccbd1704a14be38ca68355430d8428", "service": "index-retriever-mcp-server", "service_instance": "index-retriever-local", "environment": "dev"}
{"timestamp": "2026-07-08T16:56:59.029839Z", "level": "INFO", "logger": "alembic.runtime.migration", "message": "Will assume non-transactional DDL.", "correlation_id": "3bccbd1704a14be38ca68355430d8428", "service": "index-retriever-mcp-server", "service_instance": "index-retriever-local", "environment": "dev"}
{"timestamp": "2026-07-08T16:56:59.754291Z", "level": "INFO", "logger": "cloud_dog_api_kit.request_logging", "message": "Request started", "correlation_id": "3bccbd1704a14be38ca68355430d8428", "service": "index-retriever-mcp-server", "service_instance": "index-retriever-local", "environment": "dev", "extra": {"request_id": "099cfa5e14b74ddc96d1aadffabdf9a5", "correlation_id": null, "user": null, "method": "POST", "path": "/api/v1/tools/structure_extract", "client_ip": "testclient"}}
{"timestamp": "2026-07-08T16:56:59.779Z", "event_type": "mcp_tool.mcp.tool.structure_extract", "actor": {"type": "service", "id": "configured:ac6fc16fd23f", "roles": [], "ip": "unknown"}, "action": "mcp.tool.structure_extract", "outcome": "success", "severity": "INFO", "correlation_id": "3bccbd1704a14be38ca68355430d8428", "trace_id": "3bccbd1704a14be38ca68355430d8428", "request_id": "3bccbd1704a14be38ca68355430d8428", "service": "unknown", "service_instance": "server0.viewdeck.com", "component": "unknown", "source_host": "server0.viewdeck.com", "source_process": "3733358", "source_application": "unknown", "process_id": "3733358", "environment": "dev", "target": {"type": "mcp_tool", "id": "structure_extract"}, "details": {"details": {"phase": "invoke", "profile": "default", "collection": "it_1805b"}}}
{"timestamp": "2026-07-08T16:57:00.077454Z", "level": "INFO", "logger": "cloud_dog_api_kit.request_logging", "message": "Request completed", "correlation_id": "3bccbd1704a14be38ca68355430d8428", "service": "index-retriever-mcp-server", "service_instance": "index-retriever-local", "environment": "dev", "extra": {"request_id": "099cfa5e14b74ddc96d1aadffabdf9a5", "correlation_id": null, "user": null, "method": "POST", "path": "/api/v1/tools/structure_extract", "status_code": 200, "duration_ms": 314.88, "client_ip": "testclient"}}
{"timestamp": "2026-07-08T16:57:00.085Z", "event_type": "http.create", "actor": {"type": "system", "id": "anonymous", "roles": [], "ip": "testclient", "user_agent": "testclient"}, "action": "create", "outcome": "success", "severity": "INFO", "correlation_id": "3bccbd1704a14be38ca68355430d8428", "trace_id": "3bccbd1704a14be38ca68355430d8428", "request_id": "3bccbd1704a14be38ca68355430d8428", "service": "index-retriever-mcp-server", "service_instance": "index-retriever-local", "component": "http", "source_host": "index-retriever-local", "source_process": "3733358", "source_application": "testclient", "process_id": "3733358", "environment": "dev", "source_address": "testclient:50000", "destination_address": "testserver:80", "target": {"type": "endpoint", "id": "/api/v1/tools/structure_extract", "name": "POST /api/v1/tools/structure_extract"}, "details": {"status_code": 200, "method": "POST", "client_ip": "testclient"}, "duration_ms": 331}
{"timestamp": "2026-07-08T16:57:00.093281Z", "level": "INFO", "logger": "httpx", "message": "HTTP Request: POST http://testserver/api/v1/tools/structure_extract \"HTTP/1.1 200 OK\"", "correlation_id": "3bccbd1704a14be38ca68355430d8428", "service": "index-retriever-mcp-server", "service_instance": "index-retriever-local", "environment": "dev"}
{"timestamp": "2026-07-08T16:57:00.102824Z", "level": "INFO", "logger": "cloud_dog_api_kit.request_logging", "message": "Request started", "correlation_id": "3bccbd1704a14be38ca68355430d8428", "service": "index-retriever-mcp-server", "service_instance": "index-retriever-local", "environment": "dev", "extra": {"request_id": "3d5132b57aec4e45bf2aaf9e4579cb4e", "correlation_id": null, "user": null, "method": "POST", "path": "/api/v1/tools/structure_extract", "client_ip": "testclient"}}
{"timestamp": "2026-07-08T16:57:00.123Z", "event_type": "mcp_tool.mcp.tool.structure_extract", "actor": {"type": "service", "id": "configured:ac6fc16fd23f", "roles": [], "ip": "unknown"}, "action": "mcp.tool.structure_extract", "outcome": "success", "severity": "INFO", "correlation_id": "3bccbd1704a14be38ca68355430d8428", "trace_id": "3bccbd1704a14be38ca68355430d8428", "request_id": "3bccbd1704a14be38ca68355430d8428", "service": "unknown", "service_instance": "server0.viewdeck.com", "component": "unknown", "source_host": "server0.viewdeck.com", "source_process": "3733358", "source_application": "unknown", "process_id": "3733358", "environment": "dev", "target": {"type": "mcp_tool", "id": "structure_extract"}, "details": {"details": {"phase": "invoke", "profile": "default", "collection": "it_1805b"}}}
{"timestamp": "2026-07-08T16:57:00.167931Z", "level": "INFO", "logger": "cloud_dog_api_kit.request_logging", "message": "Request completed", "correlation_id": "3bccbd1704a14be38ca68355430d8428", "service": "index-retriever-mcp-server", "service_instance": "index-retriever-local", "environment": "dev", "extra": {"request_id": "3d5132b57aec4e45bf2aaf9e4579cb4e", "correlation_id": null, "user": null, "method": "POST", "path": "/api/v1/tools/structure_extract", "status_code": 200, "duration_ms": 57.15, "client_ip": "testclient"}}
{"timestamp": "2026-07-08T16:57:00.178Z", "event_type": "http.create", "actor": {"type": "system", "id": "anonymous", "roles": [], "ip": "testclient", "user_agent": "testclient"}, "action": "create", "outcome": "success", "severity": "INFO", "correlation_id": "3bccbd1704a14be38ca68355430d8428", "trace_id": "3bccbd1704a14be38ca68355430d8428", "request_id": "3bccbd1704a14be38ca68355430d8428", "service": "index-retriever-mcp-server", "service_instance": "index-retriever-local", "component": "http", "source_host": "index-retriever-local", "source_process": "3733358", "source_application": "testclient", "process_id": "3733358", "environment": "dev", "source_address": "testclient:50000", "destination_address": "testserver:80", "target": {"type": "endpoint", "id": "/api/v1/tools/structure_extract", "name": "POST /api/v1/tools/structure_extract"}, "details": {"status_code": 200, "method": "POST", "client_ip": "testclient"}, "duration_ms": 76}
{"timestamp": "2026-07-08T16:57:00.187081Z", "level": "INFO", "logger": "httpx", "message": "HTTP Request: POST http://testserver/api/v1/tools/structure_extract \"HTTP/1.1 200 OK\"", "correlation_id": "3bccbd1704a14be38ca68355430d8428", "service": "index-retriever-mcp-server", "service_instance": "index-retriever-local", "environment": "dev"}
{"timestamp": "2026-07-08T16:57:00.196357Z", "level": "INFO", "logger": "cloud_dog_api_kit.request_logging", "message": "Request started", "correlation_id": "3bccbd1704a14be38ca68355430d8428", "service": "index-retriever-mcp-server", "service_instance": "index-retriever-local", "environment": "dev", "extra": {"request_id": "daaa167770cb47f2873e385683d08793", "correlation_id": null, "user": null, "method": "POST", "path": "/api/v1/tools/structure_document_get", "client_ip": "testclient"}}
{"timestamp": "2026-07-08T16:57:00.214Z", "event_type": "mcp_tool.mcp.tool.structure_document_get", "actor": {"type": "service", "id": "configured:ac6fc16fd23f", "roles": [], "ip": "unknown"}, "action": "mcp.tool.structure_document_get", "outcome": "success", "severity": "INFO", "correlation_id": "3bccbd1704a14be38ca68355430d8428", "trace_id": "3bccbd1704a14be38ca68355430d8428", "request_id": "3bccbd1704a14be38ca68355430d8428", "service": "unknown", "service_instance": "server0.viewdeck.com", "component": "unknown", "source_host": "server0.viewdeck.com", "source_process": "3733358", "source_application": "unknown", "process_id": "3733358", "environment": "dev", "target": {"type": "mcp_tool", "id": "structure_document_get"}, "details": {"details": {"phase": "invoke", "profile": null, "collection": null}}}
{"timestamp": "2026-07-08T16:57:00.267208Z", "level": "INFO", "logger": "cloud_dog_api_kit.request_logging", "message": "Request completed", "correlation_id": "3bccbd1704a14be38ca68355430d8428", "service": "index-retriever-mcp-server", "service_instance": "index-retriever-local", "environment": "dev", "extra": {"request_id": "daaa167770cb47f2873e385683d08793", "correlation_id": null, "user": null, "method": "POST", "path": "/api/v1/tools/structure_document_get", "status_code": 200, "duration_ms": 63.56, "client_ip": "testclient"}}
{"timestamp": "2026-07-08T16:57:00.276Z", "event_type": "http.create", "actor": {"type": "system", "id": "anonymous", "roles": [], "ip": "testclient", "user_agent": "testclient"}, "action": "create", "outcome": "success", "severity": "INFO", "correlation_id": "3bccbd1704a14be38ca68355430d8428", "trace_id": "3bccbd1704a14be38ca68355430d8428", "request_id": "3bccbd1704a14be38ca68355430d8428", "service": "index-retriever-mcp-server", "service_instance": "index-retriever-local", "component": "http", "source_host": "index-retriever-local", "source_process": "3733358", "source_application": "testclient", "process_id": "3733358", "environment": "dev", "source_address": "testclient:50000", "destination_address": "testserver:80", "target": {"type": "endpoint", "id": "/api/v1/tools/structure_document_get", "name": "POST /api/v1/tools/structure_document_get"}, "details": {"status_code": 200, "method": "POST", "client_ip": "testclient"}, "duration_ms": 80}
{"timestamp": "2026-07-08T16:57:00.284632Z", "level": "INFO", "logger": "httpx", "message": "HTTP Request: POST http://testserver/api/v1/tools/structure_document_get \"HTTP/1.1 200 OK\"", "correlation_id": "3bccbd1704a14be38ca68355430d8428", "service": "index-retriever-mcp-server", "service_instance": "index-retriever-local", "environment": "dev"}
{"timestamp": "2026-07-08T16:57:00.293702Z", "level": "INFO", "logger": "cloud_dog_api_kit.request_logging", "message": "Request started", "correlation_id": "3bccbd1704a14be38ca68355430d8428", "service": "index-retriever-mcp-server", "service_instance": "index-retriever-local", "environment": "dev", "extra": {"request_id": "bf6dd10da4244a9aaaef8b2669ec41b0", "correlation_id": null, "user": null, "method": "POST", "path": "/api/v1/tools/structure_corpus_create", "client_ip": "testclient"}}
{"timestamp": "2026-07-08T16:57:00.313Z", "event_type": "mcp_tool.mcp.tool.structure_corpus_create", "actor": {"type": "service", "id": "configured:ac6fc16fd23f", "roles": [], "ip": "unknown"}, "action": "mcp.tool.structure_corpus_create", "outcome": "success", "severity": "INFO", "correlation_id": "3bccbd1704a14be38ca68355430d8428", "trace_id": "3bccbd1704a14be38ca68355430d8428", "request_id": "3bccbd1704a14be38ca68355430d8428", "service": "unknown", "service_instance": "server0.viewdeck.com", "component": "unknown", "source_host": "server0.viewdeck.com", "source_process": "3733358", "source_application": "unknown", "process_id": "3733358", "environment": "dev", "target": {"type": "mcp_tool", "id": "structure_corpus_create"}, "details": {"details": {"phase": "invoke", "profile": null, "collection": null}}}
{"timestamp": "2026-07-08T16:57:00.399099Z", "level": "INFO", "logger": "cloud_dog_api_kit.request_logging", "message": "Request completed", "correlation_id": "3bccbd1704a14be38ca68355430d8428", "service": "index-retriever-mcp-server", "service_instance": "index-retriever-local", "environment": "dev", "extra": {"request_id": "bf6dd10da4244a9aaaef8b2669ec41b0", "correlation_id": null, "user": null, "method": "POST", "path": "/api/v1/tools/structure_corpus_create", "status_code": 200, "duration_ms": 98.04, "client_ip": "testclient"}}
{"timestamp": "2026-07-08T16:57:00.408Z", "event_type": "http.create", "actor": {"type": "system", "id": "anonymous", "roles": [], "ip": "testclient", "user_agent": "testclient"}, "action": "create", "outcome": "success", "severity": "INFO", "correlation_id": "3bccbd1704a14be38ca68355430d8428", "trace_id": "3bccbd1704a14be38ca68355430d8428", "request_id": "3bccbd1704a14be38ca68355430d8428", "service": "index-retriever-mcp-server", "service_instance": "index-retriever-local", "component": "http", "source_host": "index-retriever-local", "source_process": "3733358", "source_application": "testclient", "process_id": "3733358", "environment": "dev", "source_address": "testclient:50000", "destination_address": "testserver:80", "target": {"type": "endpoint", "id": "/api/v1/tools/structure_corpus_create", "name": "POST /api/v1/tools/structure_corpus_create"}, "details": {"status_code": 200, "method": "POST", "client_ip": "testclient"}, "duration_ms": 114}
{"timestamp": "2026-07-08T16:57:00.419044Z", "level": "INFO", "logger": "httpx", "message": "HTTP Request: POST http://testserver/api/v1/tools/structure_corpus_create \"HTTP/1.1 200 OK\"", "correlation_id": "3bccbd1704a14be38ca68355430d8428", "service": "index-retriever-mcp-server", "service_instance": "index-retriever-local", "environment": "dev"}
{"timestamp": "2026-07-08T16:57:00.429252Z", "level": "INFO", "logger": "cloud_dog_api_kit.request_logging", "message": "Request started", "correlation_id": "3bccbd1704a14be38ca68355430d8428", "service": "index-retriever-mcp-server", "service_instance": "index-retriever-local", "environment": "dev", "extra": {"request_id": "d53a456c9b304c97b7d3cb5ebca51c55", "correlation_id": null, "user": null, "method": "POST", "path": "/api/v1/tools/structure_corpus_analyse", "client_ip": "testclient"}}
{"timestamp": "2026-07-08T16:57:00.446Z", "event_type": "mcp_tool.mcp.tool.structure_corpus_analyse", "actor": {"type": "service", "id": "configured:ac6fc16fd23f", "roles": [], "ip": "unknown"}, "action": "mcp.tool.structure_corpus_analyse", "outcome": "success", "severity": "INFO", "correlation_id": "3bccbd1704a14be38ca68355430d8428", "trace_id": "3bccbd1704a14be38ca68355430d8428", "request_id": "3bccbd1704a14be38ca68355430d8428", "service": "unknown", "service_instance": "server0.viewdeck.com", "component": "unknown", "source_host": "server0.viewdeck.com", "source_process": "3733358", "source_application": "unknown", "process_id": "3733358", "environment": "dev", "target": {"type": "mcp_tool", "id": "structure_corpus_analyse"}, "details": {"details": {"phase": "invoke", "profile": null, "collection": null}}}
{"timestamp": "2026-07-08T16:57:00.569063Z", "level": "INFO", "logger": "cloud_dog_api_kit.request_logging", "message": "Request completed", "correlation_id": "3bccbd1704a14be38ca68355430d8428", "service": "index-retriever-mcp-server", "service_instance": "index-retriever-local", "environment": "dev", "extra": {"request_id": "d53a456c9b304c97b7d3cb5ebca51c55", "correlation_id": null, "user": null, "method": "POST", "path": "/api/v1/tools/structure_corpus_analyse", "status_code": 200, "duration_ms": 132.11, "client_ip": "testclient"}}
{"timestamp": "2026-07-08T16:57:00.577Z", "event_type": "http.create", "actor": {"type": "system", "id": "anonymous", "roles": [], "ip": "testclient", "user_agent": "testclient"}, "action": "create", "outcome": "success", "severity": "INFO", "correlation_id": "3bccbd1704a14be38ca68355430d8428", "trace_id": "3bccbd1704a14be38ca68355430d8428", "request_id": "3bccbd1704a14be38ca68355430d8428", "service": "index-retriever-mcp-server", "service_instance": "index-retriever-local", "component": "http", "source_host": "index-retriever-local", "source_process": "3733358", "source_application": "testclient", "process_id": "3733358", "environment": "dev", "source_address": "testclient:50000", "destination_address": "testserver:80", "target": {"type": "endpoint", "id": "/api/v1/tools/structure_corpus_analyse", "name": "POST /api/v1/tools/structure_corpus_analyse"}, "details": {"status_code": 200, "method": "POST", "client_ip": "testclient"}, "duration_ms": 149}
{"timestamp": "2026-07-08T16:57:00.589272Z", "level": "INFO", "logger": "httpx", "message": "HTTP Request: POST http://testserver/api/v1/tools/structure_corpus_analyse \"HTTP/1.1 200 OK\"", "correlation_id": "3bccbd1704a14be38ca68355430d8428", "service": "index-retriever-mcp-server", "service_instance": "index-retriever-local", "environment": "dev"}
{"timestamp": "2026-07-08T16:57:00.598875Z", "level": "INFO", "logger": "cloud_dog_api_kit.request_logging", "message": "Request started", "correlation_id": "3bccbd1704a14be38ca68355430d8428", "service": "index-retriever-mcp-server", "service_instance": "index-retriever-local", "environment": "dev", "extra": {"request_id": "c8100779172b4c5db3f167b186e12e25", "correlation_id": null, "user": null, "method": "POST", "path": "/api/v1/tools/structure_template_generate", "client_ip": "testclient"}}
{"timestamp": "2026-07-08T16:57:00.618Z", "event_type": "mcp_tool.mcp.tool.structure_template_generate", "actor": {"type": "service", "id": "configured:ac6fc16fd23f", "roles": [], "ip": "unknown"}, "action": "mcp.tool.structure_template_generate", "outcome": "success", "severity": "INFO", "correlation_id": "3bccbd1704a14be38ca68355430d8428", "trace_id": "3bccbd1704a14be38ca68355430d8428", "request_id": "3bccbd1704a14be38ca68355430d8428", "service": "unknown", "service_instance": "server0.viewdeck.com", "component": "unknown", "source_host": "server0.viewdeck.com", "source_process": "3733358", "source_application": "unknown", "process_id": "3733358", "environment": "dev", "target": {"type": "mcp_tool", "id": "structure_template_generate"}, "details": {"details": {"phase": "invoke", "profile": null, "collection": null}}}
{"timestamp": "2026-07-08T16:57:00.675064Z", "level": "INFO", "logger": "cloud_dog_api_kit.request_logging", "message": "Request completed", "correlation_id": "3bccbd1704a14be38ca68355430d8428", "service": "index-retriever-mcp-server", "service_instance": "index-retriever-local", "environment": "dev", "extra": {"request_id": "c8100779172b4c5db3f167b186e12e25", "correlation_id": null, "user": null, "method": "POST", "path": "/api/v1/tools/structure_template_generate", "status_code": 200, "duration_ms": 68.61, "client_ip": "testclient"}}
{"timestamp": "2026-07-08T16:57:00.683Z", "event_type": "http.create", "actor": {"type": "system", "id": "anonymous", "roles": [], "ip": "testclient", "user_agent": "testclient"}, "action": "create", "outcome": "success", "severity": "INFO", "correlation_id": "3bccbd1704a14be38ca68355430d8428", "trace_id": "3bccbd1704a14be38ca68355430d8428", "request_id": "3bccbd1704a14be38ca68355430d8428", "service": "index-retriever-mcp-server", "service_instance": "index-retriever-local", "component": "http", "source_host": "index-retriever-local", "source_process": "3733358", "source_application": "testclient", "process_id": "3733358", "environment": "dev", "source_address": "testclient:50000", "destination_address": "testserver:80", "target": {"type": "endpoint", "id": "/api/v1/tools/structure_template_generate", "name": "POST /api/v1/tools/structure_template_generate"}, "details": {"status_code": 200, "method": "POST", "client_ip": "testclient"}, "duration_ms": 84}
{"timestamp": "2026-07-08T16:57:00.690782Z", "level": "INFO", "logger": "httpx", "message": "HTTP Request: POST http://testserver/api/v1/tools/structure_template_generate \"HTTP/1.1 200 OK\"", "correlation_id": "3bccbd1704a14be38ca68355430d8428", "service": "index-retriever-mcp-server", "service_instance": "index-retriever-local", "environment": "dev"}
{"timestamp": "2026-07-08T16:57:00.699870Z", "level": "INFO", "logger": "cloud_dog_api_kit.request_logging", "message": "Request started", "correlation_id": "3bccbd1704a14be38ca68355430d8428", "service": "index-retriever-mcp-server", "service_instance": "index-retriever-local", "environment": "dev", "extra": {"request_id": "875c97ec9f6c42ebae6142e1725f9a67", "correlation_id": null, "user": null, "method": "POST", "path": "/api/v1/tools/structure_template_match", "client_ip": "testclient"}}
{"timestamp": "2026-07-08T16:57:00.719Z", "event_type": "mcp_tool.mcp.tool.structure_template_match", "actor": {"type": "service", "id": "configured:ac6fc16fd23f", "roles": [], "ip": "unknown"}, "action": "mcp.tool.structure_template_match", "outcome": "success", "severity": "INFO", "correlation_id": "3bccbd1704a14be38ca68355430d8428", "trace_id": "3bccbd1704a14be38ca68355430d8428", "request_id": "3bccbd1704a14be38ca68355430d8428", "service": "unknown", "service_instance": "server0.viewdeck.com", "component": "unknown", "source_host": "server0.viewdeck.com", "source_process": "3733358", "source_application": "unknown", "process_id": "3733358", "environment": "dev", "target": {"type": "mcp_tool", "id": "structure_template_match"}, "details": {"details": {"phase": "invoke", "profile": null, "collection": null}}}
{"timestamp": "2026-07-08T16:57:00.760208Z", "level": "INFO", "logger": "cloud_dog_api_kit.request_logging", "message": "Request completed", "correlation_id": "3bccbd1704a14be38ca68355430d8428", "service": "index-retriever-mcp-server", "service_instance": "index-retriever-local", "environment": "dev", "extra": {"request_id": "875c97ec9f6c42ebae6142e1725f9a67", "correlation_id": null, "user": null, "method": "POST", "path": "/api/v1/tools/structure_template_match", "status_code": 200, "duration_ms": 51.35, "client_ip": "testclient"}}
{"timestamp": "2026-07-08T16:57:00.767Z", "event_type": "http.create", "actor": {"type": "system", "id": "anonymous", "roles": [], "ip": "testclient", "user_agent": "testclient"}, "action": "create", "outcome": "success", "severity": "INFO", "correlation_id": "3bccbd1704a14be38ca68355430d8428", "trace_id": "3bccbd1704a14be38ca68355430d8428", "request_id": "3bccbd1704a14be38ca68355430d8428", "service": "index-retriever-mcp-server", "service_instance": "index-retriever-local", "component": "http", "source_host": "index-retriever-local", "source_process": "3733358", "source_application": "testclient", "process_id": "3733358", "environment": "dev", "source_address": "testclient:50000", "destination_address": "testserver:80", "target": {"type": "endpoint", "id": "/api/v1/tools/structure_template_match", "name": "POST /api/v1/tools/structure_template_match"}, "details": {"status_code": 200, "method": "POST", "client_ip": "testclient"}, "duration_ms": 68}
{"timestamp": "2026-07-08T16:57:00.776175Z", "level": "INFO", "logger": "httpx", "message": "HTTP Request: POST http://testserver/api/v1/tools/structure_template_match \"HTTP/1.1 200 OK\"", "correlation_id": "3bccbd1704a14be38ca68355430d8428", "service": "index-retriever-mcp-server", "service_instance": "index-retriever-local", "environment": "dev"}
{"timestamp": "2026-07-08T16:57:00.787540Z", "level": "INFO", "logger": "cloud_dog_api_kit.request_logging", "message": "Request started", "correlation_id": "3bccbd1704a14be38ca68355430d8428", "service": "index-retriever-mcp-server", "service_instance": "index-retriever-local", "environment": "dev", "extra": {"request_id": "2baec0c7b9f440d2aa28e3a68fcd2c90", "correlation_id": null, "user": null, "method": "POST", "path": "/api/v1/structure/templates/tmpl_4737869e0b35449ab56e232bb8b649f4/match", "client_ip": "testclient"}}
{"timestamp": "2026-07-08T16:57:00.834733Z", "level": "INFO", "logger": "cloud_dog_api_kit.request_logging", "message": "Request completed", "correlation_id": "3bccbd1704a14be38ca68355430d8428", "service": "index-retriever-mcp-server", "service_instance": "index-retriever-local", "environment": "dev", "extra": {"request_id": "2baec0c7b9f440d2aa28e3a68fcd2c90", "correlation_id": null, "user": null, "method": "POST", "path": "/api/v1/structure/templates/tmpl_4737869e0b35449ab56e232bb8b649f4/match", "status_code": 200, "duration_ms": 39.28, "client_ip": "testclient"}}
{"timestamp": "2026-07-08T16:57:00.842Z", "event_type": "http.create", "actor": {"type": "system", "id": "anonymous", "roles": [], "ip": "testclient", "user_agent": "testclient"}, "action": "create", "outcome": "success", "severity": "INFO", "correlation_id": "3bccbd1704a14be38ca68355430d8428", "trace_id": "3bccbd1704a14be38ca68355430d8428", "request_id": "3bccbd1704a14be38ca68355430d8428", "service": "index-retriever-mcp-server", "service_instance": "index-retriever-local", "component": "http", "source_host": "index-retriever-local", "source_process": "3733358", "source_application": "testclient", "process_id": "3733358", "environment": "dev", "source_address": "testclient:50000", "destination_address": "testserver:80", "target": {"type": "endpoint", "id": "/api/v1/structure/templates/tmpl_4737869e0b35449ab56e232bb8b649f4/match", "name": "POST /api/v1/structure/templates/tmpl_4737869e0b35449ab56e232bb8b649f4/match"}, "details": {"status_code": 200, "method": "POST", "client_ip": "testclient"}, "duration_ms": 55}
{"timestamp": "2026-07-08T16:57:00.850319Z", "level": "INFO", "logger": "httpx", "message": "HTTP Request: POST http://testserver/api/v1/structure/templates/tmpl_4737869e0b35449ab56e232bb8b649f4/match \"HTTP/1.1 200 OK\"", "correlation_id": "3bccbd1704a14be38ca68355430d8428", "service": "index-retriever-mcp-server", "service_instance": "index-retriever-local", "environment": "dev"}
{"timestamp": "2026-07-08T16:57:00.860895Z", "level": "INFO", "logger": "cloud_dog_api_kit.request_logging", "message": "Request started", "correlation_id": "3bccbd1704a14be38ca68355430d8428", "service": "index-retriever-mcp-server", "service_instance": "index-retriever-local", "environment": "dev", "extra": {"request_id": "63b9ff7090434b6d9a983e0982e1f835", "correlation_id": null, "user": null, "method": "POST", "path": "/api/v1/structure/templates/tmpl_4737869e0b35449ab56e232bb8b649f4/match", "client_ip": "testclient"}}
{"timestamp": "2026-07-08T16:57:00.903184Z", "level": "INFO", "logger": "cloud_dog_api_kit.request_logging", "message": "Request completed", "correlation_id": "3bccbd1704a14be38ca68355430d8428", "service": "index-retriever-mcp-server", "service_instance": "index-retriever-local", "environment": "dev", "extra": {"request_id": "63b9ff7090434b6d9a983e0982e1f835", "correlation_id": null, "user": null, "method": "POST", "path": "/api/v1/structure/templates/tmpl_4737869e0b35449ab56e232bb8b649f4/match", "status_code": 200, "duration_ms": 33.73, "client_ip": "testclient"}}
{"timestamp": "2026-07-08T16:57:00.910Z", "event_type": "http.create", "actor": {"type": "system", "id": "anonymous", "roles": [], "ip": "testclient", "user_agent": "testclient"}, "action": "create", "outcome": "success", "severity": "INFO", "correlation_id": "3bccbd1704a14be38ca68355430d8428", "trace_id": "3bccbd1704a14be38ca68355430d8428", "request_id": "3bccbd1704a14be38ca68355430d8428", "service": "index-retriever-mcp-server", "service_instance": "index-retriever-local", "component": "http", "source_host": "index-retriever-local", "source_process": "3733358", "source_application": "testclient", "process_id": "3733358", "environment": "dev", "source_address": "testclient:50000", "destination_address": "testserver:80", "target": {"type": "endpoint", "id": "/api/v1/structure/templates/tmpl_4737869e0b35449ab56e232bb8b649f4/match", "name": "POST /api/v1/structure/templates/tmpl_4737869e0b35449ab56e232bb8b649f4/match"}, "details": {"status_code": 200, "method": "POST", "client_ip": "testclient"}, "duration_ms": 50}
{"timestamp": "2026-07-08T16:57:00.918369Z", "level": "INFO", "logger": "httpx", "message": "HTTP Request: POST http://testserver/api/v1/structure/templates/tmpl_4737869e0b35449ab56e232bb8b649f4/match \"HTTP/1.1 200 OK\"", "correlation_id": "3bccbd1704a14be38ca68355430d8428", "service": "index-retriever-mcp-server", "service_instance": "index-retriever-local", "environment": "dev"}
{"timestamp": "2026-07-08T16:57:00.928107Z", "level": "INFO", "logger": "cloud_dog_api_kit.request_logging", "message": "Request started", "correlation_id": "3bccbd1704a14be38ca68355430d8428", "service": "index-retriever-mcp-server", "service_instance": "index-retriever-local", "environment": "dev", "extra": {"request_id": "886d25bd177a448395eea129db1b881c", "correlation_id": null, "user": null, "method": "POST", "path": "/api/v1/structure/templates/tmpl_4737869e0b35449ab56e232bb8b649f4/match", "client_ip": "testclient"}}
{"timestamp": "2026-07-08T16:57:00.949291Z", "level": "INFO", "logger": "cloud_dog_api_kit.request_logging", "message": "Request completed", "correlation_id": "3bccbd1704a14be38ca68355430d8428", "service": "index-retriever-mcp-server", "service_instance": "index-retriever-local", "environment": "dev", "extra": {"request_id": "886d25bd177a448395eea129db1b881c", "correlation_id": null, "user": null, "method": "POST", "path": "/api/v1/structure/templates/tmpl_4737869e0b35449ab56e232bb8b649f4/match", "status_code": 400, "duration_ms": 11.62, "client_ip": "testclient"}}
{"timestamp": "2026-07-08T16:57:00.956Z", "event_type": "http.create", "actor": {"type": "system", "id": "anonymous", "roles": [], "ip": "testclient", "user_agent": "testclient"}, "action": "create", "outcome": "failure", "severity": "ERROR", "correlation_id": "3bccbd1704a14be38ca68355430d8428", "trace_id": "3bccbd1704a14be38ca68355430d8428", "request_id": "3bccbd1704a14be38ca68355430d8428", "service": "index-retriever-mcp-server", "service_instance": "index-retriever-local", "component": "http", "source_host": "index-retriever-local", "source_process": "3733358", "source_application": "testclient", "process_id": "3733358", "environment": "dev", "source_address": "testclient:50000", "destination_address": "testserver:80", "target": {"type": "endpoint", "id": "/api/v1/structure/templates/tmpl_4737869e0b35449ab56e232bb8b649f4/match", "name": "POST /api/v1/structure/templates/tmpl_4737869e0b35449ab56e232bb8b649f4/match"}, "details": {"status_code": 400, "method": "POST", "client_ip": "testclient"}, "duration_ms": 29}
{"timestamp": "2026-07-08T16:57:00.964661Z", "level": "INFO", "logger": "httpx", "message": "HTTP Request: POST http://testserver/api/v1/structure/templates/tmpl_4737869e0b35449ab56e232bb8b649f4/match \"HTTP/1.1 400 Bad Request\"", "correlation_id": "3bccbd1704a14be38ca68355430d8428", "service": "index-retriever-mcp-server", "service_instance": "index-retriever-local", "environment": "dev"}
_________ test_webui_slash_rbac_binding_create_accepts_subject_id[/v1] _________
----------------------------- Captured stdout call -----------------------------
{"timestamp": "2026-07-08T16:57:01.468072Z", "level": "INFO", "logger": "cloud_dog_logging.integrity", "message": "audit_integrity_check", "correlation_id": "3bccbd1704a14be38ca68355430d8428", "service": "index-retriever-mcp-server", "service_instance": "index-retriever-local", "environment": "dev", "extra": {"integrity_record": {"timestamp": "2026-07-08T16:57:01.467Z", "record_type": "audit_integrity_check", "service": "index-retriever-mcp-server", "service_instance": "index-retriever-local", "audit_log_path": "logs/audit.log.jsonl", "hash_algorithm": "sha256", "hash_value": "e5566a1e7ed6e42fcb61c09e12308a8ca6196458f9eaba27478d12eac2b8bd19", "file_size_bytes": 597523, "line_count": 678, "last_event_timestamp": "2026-07-08T16:57:00.956Z", "verification_status": "valid", "trigger": "shutdown"}}}
{"timestamp": "2026-07-08T16:57:01.515566Z", "level": "INFO", "logger": "cloud_dog_logging.integrity", "message": "audit_integrity_check", "correlation_id": "3bccbd1704a14be38ca68355430d8428", "service": "index-retriever-mcp-server", "service_instance": "index-retriever-local", "environment": "dev", "extra": {"integrity_record": {"timestamp": "2026-07-08T16:57:01.515Z", "record_type": "audit_integrity_check", "service": "index-retriever-mcp-server", "service_instance": "index-retriever-local", "audit_log_path": "logs/audit.log.jsonl", "hash_algorithm": "sha256", "hash_value": "e5566a1e7ed6e42fcb61c09e12308a8ca6196458f9eaba27478d12eac2b8bd19", "file_size_bytes": 597523, "line_count": 678, "last_event_timestamp": "2026-07-08T16:57:00.956Z", "verification_status": "valid", "trigger": "startup"}}}
{"timestamp": "2026-07-08T16:57:02.144615Z", "level": "INFO", "logger": "cloud_dog_api_kit.request_logging", "message": "Request started", "correlation_id": "3bccbd1704a14be38ca68355430d8428", "service": "index-retriever-mcp-server", "service_instance": "index-retriever-local", "environment": "dev", "extra": {"request_id": "bac6b80162fd454d8aa12178ef1b9275", "correlation_id": null, "user": null, "method": "POST", "path": "/v1/admin/groups", "client_ip": "testclient"}}
{"timestamp": "2026-07-08T16:57:02.174103Z", "level": "INFO", "logger": "cloud_dog_api_kit.request_logging", "message": "Request completed", "correlation_id": "3bccbd1704a14be38ca68355430d8428", "service": "index-retriever-mcp-server", "service_instance": "index-retriever-local", "environment": "dev", "extra": {"request_id": "bac6b80162fd454d8aa12178ef1b9275", "correlation_id": null, "user": null, "method": "POST", "path": "/v1/admin/groups", "status_code": 200, "duration_ms": 19.66, "client_ip": "testclient"}}
{"timestamp": "2026-07-08T16:57:02.182Z", "event_type": "http.create", "actor": {"type": "system", "id": "anonymous", "roles": [], "ip": "testclient", "user_agent": "testclient"}, "action": "create", "outcome": "success", "severity": "INFO", "correlation_id": "3bccbd1704a14be38ca68355430d8428", "trace_id": "3bccbd1704a14be38ca68355430d8428", "request_id": "3bccbd1704a14be38ca68355430d8428", "service": "index-retriever-mcp-server", "service_instance": "index-retriever-local", "component": "http", "source_host": "index-retriever-local", "source_process": "3733358", "source_application": "testclient", "process_id": "3733358", "environment": "dev", "source_address": "testclient:50000", "destination_address": "testserver:80", "target": {"type": "endpoint", "id": "/v1/admin/groups", "name": "POST /v1/admin/groups"}, "details": {"status_code": 200, "method": "POST", "client_ip": "testclient"}, "duration_ms": 38}
{"timestamp": "2026-07-08T16:57:02.191311Z", "level": "INFO", "logger": "httpx", "message": "HTTP Request: POST http://testserver/v1/admin/groups \"HTTP/1.1 200 OK\"", "correlation_id": "3bccbd1704a14be38ca68355430d8428", "service": "index-retriever-mcp-server", "service_instance": "index-retriever-local", "environment": "dev"}
{"timestamp": "2026-07-08T16:57:02.202182Z", "level": "INFO", "logger": "cloud_dog_api_kit.request_logging", "message": "Request started", "correlation_id": "3bccbd1704a14be38ca68355430d8428", "service": "index-retriever-mcp-server", "service_instance": "index-retriever-local", "environment": "dev", "extra": {"request_id": "89001dfaa44944f2978e27888a305a8f", "correlation_id": null, "user": null, "method": "POST", "path": "/v1/idam/v1/rbac/bindings", "client_ip": "testclient"}}
{"timestamp": "2026-07-08T16:57:02.252569Z", "level": "INFO", "logger": "cloud_dog_api_kit.request_logging", "message": "Request completed", "correlation_id": "3bccbd1704a14be38ca68355430d8428", "service": "index-retriever-mcp-server", "service_instance": "index-retriever-local", "environment": "dev", "extra": {"request_id": "89001dfaa44944f2978e27888a305a8f", "correlation_id": null, "user": null, "method": "POST", "path": "/v1/idam/v1/rbac/bindings", "status_code": 200, "duration_ms": 42.79, "client_ip": "testclient"}}
{"timestamp": "2026-07-08T16:57:02.262Z", "event_type": "http.create", "actor": {"type": "system", "id": "anonymous", "roles": [], "ip": "testclient", "user_agent": "testclient"}, "action": "create", "outcome": "success", "severity": "INFO", "correlation_id": "3bccbd1704a14be38ca68355430d8428", "trace_id": "3bccbd1704a14be38ca68355430d8428", "request_id": "3bccbd1704a14be38ca68355430d8428", "service": "index-retriever-mcp-server", "service_instance": "index-retriever-local", "component": "http", "source_host": "index-retriever-local", "source_process": "3733358", "source_application": "testclient", "process_id": "3733358", "environment": "dev", "source_address": "testclient:50000", "destination_address": "testserver:80", "target": {"type": "endpoint", "id": "/v1/idam/v1/rbac/bindings", "name": "POST /v1/idam/v1/rbac/bindings"}, "details": {"status_code": 200, "method": "POST", "client_ip": "testclient"}, "duration_ms": 60}
{"timestamp": "2026-07-08T16:57:02.271267Z", "level": "INFO", "logger": "httpx", "message": "HTTP Request: POST http://testserver/v1/idam/v1/rbac/bindings \"HTTP/1.1 200 OK\"", "correlation_id": "3bccbd1704a14be38ca68355430d8428", "service": "index-retriever-mcp-server", "service_instance": "index-retriever-local", "environment": "dev"}
{"timestamp": "2026-07-08T16:57:02.280193Z", "level": "INFO", "logger": "cloud_dog_api_kit.request_logging", "message": "Request started", "correlation_id": "3bccbd1704a14be38ca68355430d8428", "service": "index-retriever-mcp-server", "service_instance": "index-retriever-local", "environment": "dev", "extra": {"request_id": "74a5d8ac45f24e92a24af948f1e8f361", "correlation_id": null, "user": null, "method": "GET", "path": "/v1/idam/v1/rbac/bindings", "client_ip": "testclient"}}
{"timestamp": "2026-07-08T16:57:02.306180Z", "level": "INFO", "logger": "cloud_dog_api_kit.request_logging", "message": "Request completed", "correlation_id": "3bccbd1704a14be38ca68355430d8428", "service": "index-retriever-mcp-server", "service_instance": "index-retriever-local", "environment": "dev", "extra": {"request_id": "74a5d8ac45f24e92a24af948f1e8f361", "correlation_id": null, "user": null, "method": "GET", "path": "/v1/idam/v1/rbac/bindings", "status_code": 200, "duration_ms": 18.63, "client_ip": "testclient"}}
{"timestamp": "2026-07-08T16:57:02.316Z", "event_type": "http.read", "actor": {"type": "system", "id": "anonymous", "roles": [], "ip": "testclient", "user_agent": "testclient"}, "action": "read", "outcome": "success", "severity": "INFO", "correlation_id": "3bccbd1704a14be38ca68355430d8428", "trace_id": "3bccbd1704a14be38ca68355430d8428", "request_id": "3bccbd1704a14be38ca68355430d8428", "service": "index-retriever-mcp-server", "service_instance": "index-retriever-local", "component": "http", "source_host": "index-retriever-local", "source_process": "3733358", "source_application": "testclient", "process_id": "3733358", "environment": "dev", "source_address": "testclient:50000", "destination_address": "testserver:80", "target": {"type": "endpoint", "id": "/v1/idam/v1/rbac/bindings", "name": "GET /v1/idam/v1/rbac/bindings"}, "details": {"status_code": 200, "method": "GET", "client_ip": "testclient"}, "duration_ms": 36}
{"timestamp": "2026-07-08T16:57:02.327291Z", "level": "INFO", "logger": "httpx", "message": "HTTP Request: GET http://testserver/v1/idam/v1/rbac/bindings \"HTTP/1.1 200 OK\"", "correlation_id": "3bccbd1704a14be38ca68355430d8428", "service": "index-retriever-mcp-server", "service_instance": "index-retriever-local", "environment": "dev"}
------------------------------ Captured log call -------------------------------
INFO     cloud_dog_logging.integrity:integrity.py:185 audit_integrity_check
_______ test_webui_slash_rbac_binding_create_accepts_subject_id[/api/v1] _______
----------------------------- Captured stdout call -----------------------------
{"timestamp": "2026-07-08T16:57:02.749732Z", "level": "INFO", "logger": "cloud_dog_logging.integrity", "message": "audit_integrity_check", "correlation_id": "3bccbd1704a14be38ca68355430d8428", "service": "index-retriever-mcp-server", "service_instance": "index-retriever-local", "environment": "dev", "extra": {"integrity_record": {"timestamp": "2026-07-08T16:57:02.749Z", "record_type": "audit_integrity_check", "service": "index-retriever-mcp-server", "service_instance": "index-retriever-local", "audit_log_path": "logs/audit.log.jsonl", "hash_algorithm": "sha256", "hash_value": "e62e0781aa1a40f07388b2300f7f7b8e344d673898ecbf8c0a484451bc0883c3", "file_size_bytes": 600310, "line_count": 681, "last_event_timestamp": "2026-07-08T16:57:02.316Z", "verification_status": "valid", "trigger": "shutdown"}}}
{"timestamp": "2026-07-08T16:57:02.792886Z", "level": "INFO", "logger": "cloud_dog_logging.integrity", "message": "audit_integrity_check", "correlation_id": "3bccbd1704a14be38ca68355430d8428", "service": "index-retriever-mcp-server", "service_instance": "index-retriever-local", "environment": "dev", "extra": {"integrity_record": {"timestamp": "2026-07-08T16:57:02.792Z", "record_type": "audit_integrity_check", "service": "index-retriever-mcp-server", "service_instance": "index-retriever-local", "audit_log_path": "logs/audit.log.jsonl", "hash_algorithm": "sha256", "hash_value": "e62e0781aa1a40f07388b2300f7f7b8e344d673898ecbf8c0a484451bc0883c3", "file_size_bytes": 600310, "line_count": 681, "last_event_timestamp": "2026-07-08T16:57:02.316Z", "verification_status": "valid", "trigger": "startup"}}}
{"timestamp": "2026-07-08T16:57:03.535951Z", "level": "INFO", "logger": "cloud_dog_api_kit.request_logging", "message": "Request started", "correlation_id": "3bccbd1704a14be38ca68355430d8428", "service": "index-retriever-mcp-server", "service_instance": "index-retriever-local", "environment": "dev", "extra": {"request_id": "939b46d9453246b286ba77971597e673", "correlation_id": null, "user": null, "method": "POST", "path": "/api/v1/admin/groups", "client_ip": "testclient"}}
{"timestamp": "2026-07-08T16:57:03.563487Z", "level": "INFO", "logger": "cloud_dog_api_kit.request_logging", "message": "Request completed", "correlation_id": "3bccbd1704a14be38ca68355430d8428", "service": "index-retriever-mcp-server", "service_instance": "index-retriever-local", "environment": "dev", "extra": {"request_id": "939b46d9453246b286ba77971597e673", "correlation_id": null, "user": null, "method": "POST", "path": "/api/v1/admin/groups", "status_code": 200, "duration_ms": 19.12, "client_ip": "testclient"}}
{"timestamp": "2026-07-08T16:57:03.570Z", "event_type": "http.create", "actor": {"type": "system", "id": "anonymous", "roles": [], "ip": "testclient", "user_agent": "testclient"}, "action": "create", "outcome": "success", "severity": "INFO", "correlation_id": "3bccbd1704a14be38ca68355430d8428", "trace_id": "3bccbd1704a14be38ca68355430d8428", "request_id": "3bccbd1704a14be38ca68355430d8428", "service": "index-retriever-mcp-server", "service_instance": "index-retriever-local", "component": "http", "source_host": "index-retriever-local", "source_process": "3733358", "source_application": "testclient", "process_id": "3733358", "environment": "dev", "source_address": "testclient:50000", "destination_address": "testserver:80", "target": {"type": "endpoint", "id": "/api/v1/admin/groups", "name": "POST /api/v1/admin/groups"}, "details": {"status_code": 200, "method": "POST", "client_ip": "testclient"}, "duration_ms": 35}
{"timestamp": "2026-07-08T16:57:03.579420Z", "level": "INFO", "logger": "httpx", "message": "HTTP Request: POST http://testserver/api/v1/admin/groups \"HTTP/1.1 200 OK\"", "correlation_id": "3bccbd1704a14be38ca68355430d8428", "service": "index-retriever-mcp-server", "service_instance": "index-retriever-local", "environment": "dev"}
{"timestamp": "2026-07-08T16:57:03.590731Z", "level": "INFO", "logger": "cloud_dog_api_kit.request_logging", "message": "Request started", "correlation_id": "3bccbd1704a14be38ca68355430d8428", "service": "index-retriever-mcp-server", "service_instance": "index-retriever-local", "environment": "dev", "extra": {"request_id": "643ab93e917142458845db57a9bec20f", "correlation_id": null, "user": null, "method": "POST", "path": "/api/v1/idam/v1/rbac/bindings", "client_ip": "testclient"}}
{"timestamp": "2026-07-08T16:57:03.632403Z", "level": "INFO", "logger": "cloud_dog_api_kit.request_logging", "message": "Request completed", "correlation_id": "3bccbd1704a14be38ca68355430d8428", "service": "index-retriever-mcp-server", "service_instance": "index-retriever-local", "environment": "dev", "extra": {"request_id": "643ab93e917142458845db57a9bec20f", "correlation_id": null, "user": null, "method": "POST", "path": "/api/v1/idam/v1/rbac/bindings", "status_code": 200, "duration_ms": 34.81, "client_ip": "testclient"}}
{"timestamp": "2026-07-08T16:57:03.641Z", "event_type": "http.create", "actor": {"type": "system", "id": "anonymous", "roles": [], "ip": "testclient", "user_agent": "testclient"}, "action": "create", "outcome": "success", "severity": "INFO", "correlation_id": "3bccbd1704a14be38ca68355430d8428", "trace_id": "3bccbd1704a14be38ca68355430d8428", "request_id": "3bccbd1704a14be38ca68355430d8428", "service": "index-retriever-mcp-server", "service_instance": "index-retriever-local", "component": "http", "source_host": "index-retriever-local", "source_process": "3733358", "source_application": "testclient", "process_id": "3733358", "environment": "dev", "source_address": "testclient:50000", "destination_address": "testserver:80", "target": {"type": "endpoint", "id": "/api/v1/idam/v1/rbac/bindings", "name": "POST /api/v1/idam/v1/rbac/bindings"}, "details": {"status_code": 200, "method": "POST", "client_ip": "testclient"}, "duration_ms": 51}
{"timestamp": "2026-07-08T16:57:03.650956Z", "level": "INFO", "logger": "httpx", "message": "HTTP Request: POST http://testserver/api/v1/idam/v1/rbac/bindings \"HTTP/1.1 200 OK\"", "correlation_id": "3bccbd1704a14be38ca68355430d8428", "service": "index-retriever-mcp-server", "service_instance": "index-retriever-local", "environment": "dev"}
{"timestamp": "2026-07-08T16:57:03.660711Z", "level": "INFO", "logger": "cloud_dog_api_kit.request_logging", "message": "Request started", "correlation_id": "3bccbd1704a14be38ca68355430d8428", "service": "index-retriever-mcp-server", "service_instance": "index-retriever-local", "environment": "dev", "extra": {"request_id": "37148c6dac3e4a8a8bd3771b5662511e", "correlation_id": null, "user": null, "method": "GET", "path": "/api/v1/idam/v1/rbac/bindings", "client_ip": "testclient"}}
{"timestamp": "2026-07-08T16:57:03.679796Z", "level": "INFO", "logger": "cloud_dog_api_kit.request_logging", "message": "Request completed", "correlation_id": "3bccbd1704a14be38ca68355430d8428", "service": "index-retriever-mcp-server", "service_instance": "index-retriever-local", "environment": "dev", "extra": {"request_id": "37148c6dac3e4a8a8bd3771b5662511e", "correlation_id": null, "user": null, "method": "GET", "path": "/api/v1/idam/v1/rbac/bindings", "status_code": 200, "duration_ms": 12.74, "client_ip": "testclient"}}
{"timestamp": "2026-07-08T16:57:03.689Z", "event_type": "http.read", "actor": {"type": "system", "id": "anonymous", "roles": [], "ip": "testclient", "user_agent": "testclient"}, "action": "read", "outcome": "success", "severity": "INFO", "correlation_id": "3bccbd1704a14be38ca68355430d8428", "trace_id": "3bccbd1704a14be38ca68355430d8428", "request_id": "3bccbd1704a14be38ca68355430d8428", "service": "index-retriever-mcp-server", "service_instance": "index-retriever-local", "component": "http", "source_host": "index-retriever-local", "source_process": "3733358", "source_application": "testclient", "process_id": "3733358", "environment": "dev", "source_address": "testclient:50000", "destination_address": "testserver:80", "target": {"type": "endpoint", "id": "/api/v1/idam/v1/rbac/bindings", "name": "GET /api/v1/idam/v1/rbac/bindings"}, "details": {"status_code": 200, "method": "GET", "client_ip": "testclient"}, "duration_ms": 29}
{"timestamp": "2026-07-08T16:57:03.697104Z", "level": "INFO", "logger": "httpx", "message": "HTTP Request: GET http://testserver/api/v1/idam/v1/rbac/bindings \"HTTP/1.1 200 OK\"", "correlation_id": "3bccbd1704a14be38ca68355430d8428", "service": "index-retriever-mcp-server", "service_instance": "index-retriever-local", "environment": "dev"}
------------------------------ Captured log call -------------------------------
INFO     cloud_dog_logging.integrity:integrity.py:185 audit_integrity_check
_________________ test_agent_card_advertises_structure_skills __________________
----------------------------- Captured stdout call -----------------------------
{"timestamp": "2026-07-08T16:57:03.787854Z", "level": "INFO", "logger": "cloud_dog_logging.integrity", "message": "audit_integrity_check", "correlation_id": "3bccbd1704a14be38ca68355430d8428", "service": "index-retriever-mcp-server", "service_instance": "index-retriever-local", "environment": "dev", "extra": {"integrity_record": {"timestamp": "2026-07-08T16:57:03.787Z", "record_type": "audit_integrity_check", "service": "index-retriever-mcp-server", "service_instance": "index-retriever-local", "audit_log_path": "logs/audit.log.jsonl", "hash_algorithm": "sha256", "hash_value": "f20c0cc3a2e55075211ddb437ff3874b8ecba65be53d3cb7b237b2ce9cb11e1c", "file_size_bytes": 603121, "line_count": 684, "last_event_timestamp": "2026-07-08T16:57:03.689Z", "verification_status": "valid", "trigger": "shutdown"}}}
{"timestamp": "2026-07-08T16:57:03.835145Z", "level": "INFO", "logger": "cloud_dog_logging.integrity", "message": "audit_integrity_check", "correlation_id": "3bccbd1704a14be38ca68355430d8428", "service": "index-retriever-mcp-server", "service_instance": "index-retriever-local", "environment": "dev", "extra": {"integrity_record": {"timestamp": "2026-07-08T16:57:03.835Z", "record_type": "audit_integrity_check", "service": "index-retriever-mcp-server", "service_instance": "index-retriever-local", "audit_log_path": "logs/audit.log.jsonl", "hash_algorithm": "sha256", "hash_value": "f20c0cc3a2e55075211ddb437ff3874b8ecba65be53d3cb7b237b2ce9cb11e1c", "file_size_bytes": 603121, "line_count": 684, "last_event_timestamp": "2026-07-08T16:57:03.689Z", "verification_status": "valid", "trigger": "startup"}}}
{"timestamp": "2026-07-08T16:57:04.806308Z", "level": "INFO", "logger": "cloud_dog_api_kit.request_logging", "message": "Request started", "correlation_id": "3bccbd1704a14be38ca68355430d8428", "service": "index-retriever-mcp-server", "service_instance": "server0.viewdeck.com", "environment": "dev", "extra": {"request_id": "fb345db1e4a4436ab85464c82008873e", "correlation_id": null, "user": null, "method": "GET", "path": "/.well-known/agent.json", "client_ip": "testclient"}}
{"timestamp": "2026-07-08T16:57:04.816676Z", "level": "INFO", "logger": "cloud_dog_api_kit.request_logging", "message": "Request completed", "correlation_id": "3bccbd1704a14be38ca68355430d8428", "service": "index-retriever-mcp-server", "service_instance": "server0.viewdeck.com", "environment": "dev", "extra": {"request_id": "fb345db1e4a4436ab85464c82008873e", "correlation_id": null, "user": null, "method": "GET", "path": "/.well-known/agent.json", "status_code": 200, "duration_ms": 3.14, "client_ip": "testclient"}}
{"timestamp": "2026-07-08T16:57:04.825Z", "event_type": "http.read", "actor": {"type": "system", "id": "anonymous", "roles": [], "ip": "testclient", "user_agent": "testclient"}, "action": "read", "outcome": "success", "severity": "INFO", "correlation_id": "3bccbd1704a14be38ca68355430d8428", "trace_id": "3bccbd1704a14be38ca68355430d8428", "request_id": "3bccbd1704a14be38ca68355430d8428", "service": "index-retriever-mcp-server", "service_instance": "server0.viewdeck.com", "component": "http", "source_host": "server0.viewdeck.com", "source_process": "3733358", "source_application": "testclient", "process_id": "3733358", "environment": "dev", "source_address": "testclient:50000", "destination_address": "testserver:80", "target": {"type": "endpoint", "id": "/.well-known/agent.json", "name": "GET /.well-known/agent.json"}, "details": {"status_code": 200, "method": "GET", "client_ip": "testclient"}, "duration_ms": 20}
{"timestamp": "2026-07-08T16:57:04.834776Z", "level": "INFO", "logger": "httpx", "message": "HTTP Request: GET http://testserver/.well-known/agent.json \"HTTP/1.1 200 OK\"", "correlation_id": "3bccbd1704a14be38ca68355430d8428", "service": "index-retriever-mcp-server", "service_instance": "server0.viewdeck.com", "environment": "dev"}
------------------------------ Captured log call -------------------------------
INFO     cloud_dog_logging.integrity:integrity.py:185 audit_integrity_check
__________________ test_a2a_structure_extract_skill_executes ___________________
----------------------------- Captured stdout call -----------------------------
{"timestamp": "2026-07-08T16:57:04.920965Z", "level": "INFO", "logger": "cloud_dog_logging.integrity", "message": "audit_integrity_check", "correlation_id": "3bccbd1704a14be38ca68355430d8428", "service": "index-retriever-mcp-server", "service_instance": "index-retriever-local", "environment": "dev", "extra": {"integrity_record": {"timestamp": "2026-07-08T16:57:04.920Z", "record_type": "audit_integrity_check", "service": "index-retriever-mcp-server", "service_instance": "index-retriever-local", "audit_log_path": "logs/audit.log.jsonl", "hash_algorithm": "sha256", "hash_value": "318b023d9d60162bc5ed50cf995899b36b309244bfcd362e3a96e124d9cde97e", "file_size_bytes": 604046, "line_count": 685, "last_event_timestamp": "2026-07-08T16:57:04.825Z", "verification_status": "valid", "trigger": "shutdown"}}}
{"timestamp": "2026-07-08T16:57:04.963713Z", "level": "INFO", "logger": "cloud_dog_logging.integrity", "message": "audit_integrity_check", "correlation_id": "3bccbd1704a14be38ca68355430d8428", "service": "index-retriever-mcp-server", "service_instance": "index-retriever-local", "environment": "dev", "extra": {"integrity_record": {"timestamp": "2026-07-08T16:57:04.963Z", "record_type": "audit_integrity_check", "service": "index-retriever-mcp-server", "service_instance": "index-retriever-local", "audit_log_path": "logs/audit.log.jsonl", "hash_algorithm": "sha256", "hash_value": "318b023d9d60162bc5ed50cf995899b36b309244bfcd362e3a96e124d9cde97e", "file_size_bytes": 604046, "line_count": 685, "last_event_timestamp": "2026-07-08T16:57:04.825Z", "verification_status": "valid", "trigger": "startup"}}}
{"timestamp": "2026-07-08T16:57:06.046335Z", "level": "INFO", "logger": "cloud_dog_api_kit.request_logging", "message": "Request started", "correlation_id": "3bccbd1704a14be38ca68355430d8428", "service": "index-retriever-mcp-server", "service_instance": "server0.viewdeck.com", "environment": "dev", "extra": {"request_id": "311ab495fe654130bd631a3038cf7a4c", "correlation_id": null, "user": null, "method": "POST", "path": "/a2a/tasks", "client_ip": "testclient"}}
{"timestamp": "2026-07-08T16:57:06.062097Z", "level": "INFO", "logger": "cloud_dog_api_kit.request_logging", "message": "Request completed", "correlation_id": "3bccbd1704a14be38ca68355430d8428", "service": "index-retriever-mcp-server", "service_instance": "server0.viewdeck.com", "environment": "dev", "extra": {"request_id": "311ab495fe654130bd631a3038cf7a4c", "correlation_id": null, "user": null, "method": "POST", "path": "/a2a/tasks", "status_code": 401, "duration_ms": 8.24, "client_ip": "testclient"}}
{"timestamp": "2026-07-08T16:57:06.069Z", "event_type": "http.create", "actor": {"type": "system", "id": "anonymous", "roles": [], "ip": "testclient", "user_agent": "testclient"}, "action": "create", "outcome": "denied", "severity": "ERROR", "correlation_id": "3bccbd1704a14be38ca68355430d8428", "trace_id": "3bccbd1704a14be38ca68355430d8428", "request_id": "3bccbd1704a14be38ca68355430d8428", "service": "index-retriever-mcp-server", "service_instance": "server0.viewdeck.com", "component": "http", "source_host": "server0.viewdeck.com", "source_process": "3733358", "source_application": "testclient", "process_id": "3733358", "environment": "dev", "source_address": "testclient:50000", "destination_address": "testserver:80", "target": {"type": "endpoint", "id": "/a2a/tasks", "name": "POST /a2a/tasks"}, "details": {"status_code": 401, "method": "POST", "client_ip": "testclient"}, "duration_ms": 23}
{"timestamp": "2026-07-08T16:57:06.077343Z", "level": "INFO", "logger": "httpx", "message": "HTTP Request: POST http://testserver/a2a/tasks \"HTTP/1.1 401 Unauthorized\"", "correlation_id": "3bccbd1704a14be38ca68355430d8428", "service": "index-retriever-mcp-server", "service_instance": "server0.viewdeck.com", "environment": "dev"}
{"timestamp": "2026-07-08T16:57:06.087400Z", "level": "INFO", "logger": "cloud_dog_api_kit.request_logging", "message": "Request started", "correlation_id": "3bccbd1704a14be38ca68355430d8428", "service": "index-retriever-mcp-server", "service_instance": "server0.viewdeck.com", "environment": "dev", "extra": {"request_id": "2321de29ea0e4b849f168dfe00a0f77d", "correlation_id": null, "user": null, "method": "POST", "path": "/a2a/tasks", "client_ip": "testclient"}}
{"timestamp": "2026-07-08T16:57:06.105Z", "event_type": "mcp_tool.mcp.tool.structure_extract", "actor": {"type": "service", "id": "configured:ac6fc16fd23f", "roles": [], "ip": "unknown"}, "action": "mcp.tool.structure_extract", "outcome": "success", "severity": "INFO", "correlation_id": "3bccbd1704a14be38ca68355430d8428", "trace_id": "3bccbd1704a14be38ca68355430d8428", "request_id": "3bccbd1704a14be38ca68355430d8428", "service": "unknown", "service_instance": "server0.viewdeck.com", "component": "unknown", "source_host": "server0.viewdeck.com", "source_process": "3733358", "source_application": "unknown", "process_id": "3733358", "environment": "dev", "target": {"type": "mcp_tool", "id": "structure_extract"}, "details": {"details": {"phase": "invoke", "profile": "default", "collection": "a2a_struct"}}}
{"timestamp": "2026-07-08T16:57:06.149067Z", "level": "INFO", "logger": "cloud_dog_api_kit.request_logging", "message": "Request completed", "correlation_id": "3bccbd1704a14be38ca68355430d8428", "service": "index-retriever-mcp-server", "service_instance": "server0.viewdeck.com", "environment": "dev", "extra": {"request_id": "2321de29ea0e4b849f168dfe00a0f77d", "correlation_id": null, "user": null, "method": "POST", "path": "/a2a/tasks", "status_code": 200, "duration_ms": 53.69, "client_ip": "testclient"}}
{"timestamp": "2026-07-08T16:57:06.156Z", "event_type": "http.create", "actor": {"type": "system", "id": "anonymous", "roles": [], "ip": "testclient", "user_agent": "testclient"}, "action": "create", "outcome": "success", "severity": "INFO", "correlation_id": "3bccbd1704a14be38ca68355430d8428", "trace_id": "3bccbd1704a14be38ca68355430d8428", "request_id": "3bccbd1704a14be38ca68355430d8428", "service": "index-retriever-mcp-server", "service_instance": "server0.viewdeck.com", "component": "http", "source_host": "server0.viewdeck.com", "source_process": "3733358", "source_application": "testclient", "process_id": "3733358", "environment": "dev", "source_address": "testclient:50000", "destination_address": "testserver:80", "target": {"type": "endpoint", "id": "/a2a/tasks", "name": "POST /a2a/tasks"}, "details": {"status_code": 200, "method": "POST", "client_ip": "testclient"}, "duration_ms": 69}
{"timestamp": "2026-07-08T16:57:06.164436Z", "level": "INFO", "logger": "httpx", "message": "HTTP Request: POST http://testserver/a2a/tasks \"HTTP/1.1 200 OK\"", "correlation_id": "3bccbd1704a14be38ca68355430d8428", "service": "index-retriever-mcp-server", "service_instance": "server0.viewdeck.com", "environment": "dev"}
------------------------------ Captured log call -------------------------------
INFO     cloud_dog_logging.integrity:integrity.py:185 audit_integrity_check
___________________ test_phase25_mcp_extract_corpus_template ___________________
----------------------------- Captured stdout call -----------------------------
{"timestamp": "2026-07-08T16:57:06.608095Z", "level": "INFO", "logger": "cloud_dog_logging.integrity", "message": "audit_integrity_check", "correlation_id": "3bccbd1704a14be38ca68355430d8428", "service": "index-retriever-mcp-server", "service_instance": "index-retriever-local", "environment": "dev", "extra": {"integrity_record": {"timestamp": "2026-07-08T16:57:06.608Z", "record_type": "audit_integrity_check", "service": "index-retriever-mcp-server", "service_instance": "index-retriever-local", "audit_log_path": "logs/audit.log.jsonl", "hash_algorithm": "sha256", "hash_value": "9f00cb95056b562b1b5cd09c9c40ef0532664356145442adb0402af24b60d840", "file_size_bytes": 606670, "line_count": 688, "last_event_timestamp": "2026-07-08T16:57:06.156Z", "verification_status": "valid", "trigger": "shutdown"}}}
{"timestamp": "2026-07-08T16:57:06.655805Z", "level": "INFO", "logger": "cloud_dog_logging.integrity", "message": "audit_integrity_check", "correlation_id": "3bccbd1704a14be38ca68355430d8428", "service": "index-retriever-mcp-server", "service_instance": "index-retriever-local", "environment": "dev", "extra": {"integrity_record": {"timestamp": "2026-07-08T16:57:06.655Z", "record_type": "audit_integrity_check", "service": "index-retriever-mcp-server", "service_instance": "index-retriever-local", "audit_log_path": "logs/audit.log.jsonl", "hash_algorithm": "sha256", "hash_value": "9f00cb95056b562b1b5cd09c9c40ef0532664356145442adb0402af24b60d840", "file_size_bytes": 606670, "line_count": 688, "last_event_timestamp": "2026-07-08T16:57:06.156Z", "verification_status": "valid", "trigger": "startup"}}}
{"timestamp": "2026-07-08T16:57:07.302787Z", "level": "INFO", "logger": "cloud_dog_api_kit.request_logging", "message": "Request started", "correlation_id": "3bccbd1704a14be38ca68355430d8428", "service": "index-retriever-mcp-server", "service_instance": "index-retriever-local", "environment": "dev", "extra": {"request_id": "a1ba829baac74ae5bd358c387100793d", "correlation_id": null, "user": null, "method": "POST", "path": "/api/v1/tools/structure_extract", "client_ip": "testclient"}}
{"timestamp": "2026-07-08T16:57:07.322Z", "event_type": "mcp_tool.mcp.tool.structure_extract", "actor": {"type": "service", "id": "configured:ac6fc16fd23f", "roles": [], "ip": "unknown"}, "action": "mcp.tool.structure_extract", "outcome": "success", "severity": "INFO", "correlation_id": "3bccbd1704a14be38ca68355430d8428", "trace_id": "3bccbd1704a14be38ca68355430d8428", "request_id": "3bccbd1704a14be38ca68355430d8428", "service": "unknown", "service_instance": "server0.viewdeck.com", "component": "unknown", "source_host": "server0.viewdeck.com", "source_process": "3733358", "source_application": "unknown", "process_id": "3733358", "environment": "dev", "target": {"type": "mcp_tool", "id": "structure_extract"}, "details": {"details": {"phase": "invoke", "profile": "default", "collection": "it_p25"}}}
{"timestamp": "2026-07-08T16:57:07.369292Z", "level": "INFO", "logger": "cloud_dog_api_kit.request_logging", "message": "Request completed", "correlation_id": "3bccbd1704a14be38ca68355430d8428", "service": "index-retriever-mcp-server", "service_instance": "index-retriever-local", "environment": "dev", "extra": {"request_id": "a1ba829baac74ae5bd358c387100793d", "correlation_id": null, "user": null, "method": "POST", "path": "/api/v1/tools/structure_extract", "status_code": 200, "duration_ms": 58.68, "client_ip": "testclient"}}
{"timestamp": "2026-07-08T16:57:07.377Z", "event_type": "http.create", "actor": {"type": "system", "id": "anonymous", "roles": [], "ip": "testclient", "user_agent": "testclient"}, "action": "create", "outcome": "success", "severity": "INFO", "correlation_id": "3bccbd1704a14be38ca68355430d8428", "trace_id": "3bccbd1704a14be38ca68355430d8428", "request_id": "3bccbd1704a14be38ca68355430d8428", "service": "index-retriever-mcp-server", "service_instance": "index-retriever-local", "component": "http", "source_host": "index-retriever-local", "source_process": "3733358", "source_application": "testclient", "process_id": "3733358", "environment": "dev", "source_address": "testclient:50000", "destination_address": "testserver:80", "target": {"type": "endpoint", "id": "/api/v1/tools/structure_extract", "name": "POST /api/v1/tools/structure_extract"}, "details": {"status_code": 200, "method": "POST", "client_ip": "testclient"}, "duration_ms": 75}
{"timestamp": "2026-07-08T16:57:07.388252Z", "level": "INFO", "logger": "httpx", "message": "HTTP Request: POST http://testserver/api/v1/tools/structure_extract \"HTTP/1.1 200 OK\"", "correlation_id": "3bccbd1704a14be38ca68355430d8428", "service": "index-retriever-mcp-server", "service_instance": "index-retriever-local", "environment": "dev"}
{"timestamp": "2026-07-08T16:57:07.400558Z", "level": "INFO", "logger": "cloud_dog_api_kit.request_logging", "message": "Request started", "correlation_id": "3bccbd1704a14be38ca68355430d8428", "service": "index-retriever-mcp-server", "service_instance": "index-retriever-local", "environment": "dev", "extra": {"request_id": "5010b19698574eb7834e7195ae0916e0", "correlation_id": null, "user": null, "method": "POST", "path": "/api/v1/tools/structure_extract", "client_ip": "testclient"}}
{"timestamp": "2026-07-08T16:57:07.418Z", "event_type": "mcp_tool.mcp.tool.structure_extract", "actor": {"type": "service", "id": "configured:ac6fc16fd23f", "roles": [], "ip": "unknown"}, "action": "mcp.tool.structure_extract", "outcome": "success", "severity": "INFO", "correlation_id": "3bccbd1704a14be38ca68355430d8428", "trace_id": "3bccbd1704a14be38ca68355430d8428", "request_id": "3bccbd1704a14be38ca68355430d8428", "service": "unknown", "service_instance": "server0.viewdeck.com", "component": "unknown", "source_host": "server0.viewdeck.com", "source_process": "3733358", "source_application": "unknown", "process_id": "3733358", "environment": "dev", "target": {"type": "mcp_tool", "id": "structure_extract"}, "details": {"details": {"phase": "invoke", "profile": "default", "collection": "it_p25"}}}
{"timestamp": "2026-07-08T16:57:07.460971Z", "level": "INFO", "logger": "cloud_dog_api_kit.request_logging", "message": "Request completed", "correlation_id": "3bccbd1704a14be38ca68355430d8428", "service": "index-retriever-mcp-server", "service_instance": "index-retriever-local", "environment": "dev", "extra": {"request_id": "5010b19698574eb7834e7195ae0916e0", "correlation_id": null, "user": null, "method": "POST", "path": "/api/v1/tools/structure_extract", "status_code": 200, "duration_ms": 53.31, "client_ip": "testclient"}}
{"timestamp": "2026-07-08T16:57:07.469Z", "event_type": "http.create", "actor": {"type": "system", "id": "anonymous", "roles": [], "ip": "testclient", "user_agent": "testclient"}, "action": "create", "outcome": "success", "severity": "INFO", "correlation_id": "3bccbd1704a14be38ca68355430d8428", "trace_id": "3bccbd1704a14be38ca68355430d8428", "request_id": "3bccbd1704a14be38ca68355430d8428", "service": "index-retriever-mcp-server", "service_instance": "index-retriever-local", "component": "http", "source_host": "index-retriever-local", "source_process": "3733358", "source_application": "testclient", "process_id": "3733358", "environment": "dev", "source_address": "testclient:50000", "destination_address": "testserver:80", "target": {"type": "endpoint", "id": "/api/v1/tools/structure_extract", "name": "POST /api/v1/tools/structure_extract"}, "details": {"status_code": 200, "method": "POST", "client_ip": "testclient"}, "duration_ms": 69}
{"timestamp": "2026-07-08T16:57:07.478097Z", "level": "INFO", "logger": "httpx", "message": "HTTP Request: POST http://testserver/api/v1/tools/structure_extract \"HTTP/1.1 200 OK\"", "correlation_id": "3bccbd1704a14be38ca68355430d8428", "service": "index-retriever-mcp-server", "service_instance": "index-retriever-local", "environment": "dev"}
{"timestamp": "2026-07-08T16:57:07.488680Z", "level": "INFO", "logger": "cloud_dog_api_kit.request_logging", "message": "Request started", "correlation_id": "3bccbd1704a14be38ca68355430d8428", "service": "index-retriever-mcp-server", "service_instance": "index-retriever-local", "environment": "dev", "extra": {"request_id": "4dc77e47dd5e440c841ebea0fc7f8bcf", "correlation_id": null, "user": null, "method": "POST", "path": "/api/v1/tools/structure_corpus_create", "client_ip": "testclient"}}
{"timestamp": "2026-07-08T16:57:07.509Z", "event_type": "mcp_tool.mcp.tool.structure_corpus_create", "actor": {"type": "service", "id": "configured:ac6fc16fd23f", "roles": [], "ip": "unknown"}, "action": "mcp.tool.structure_corpus_create", "outcome": "success", "severity": "INFO", "correlation_id": "3bccbd1704a14be38ca68355430d8428", "trace_id": "3bccbd1704a14be38ca68355430d8428", "request_id": "3bccbd1704a14be38ca68355430d8428", "service": "unknown", "service_instance": "server0.viewdeck.com", "component": "unknown", "source_host": "server0.viewdeck.com", "source_process": "3733358", "source_application": "unknown", "process_id": "3733358", "environment": "dev", "target": {"type": "mcp_tool", "id": "structure_corpus_create"}, "details": {"details": {"phase": "invoke", "profile": null, "collection": null}}}
{"timestamp": "2026-07-08T16:57:07.541653Z", "level": "INFO", "logger": "cloud_dog_api_kit.request_logging", "message": "Request completed", "correlation_id": "3bccbd1704a14be38ca68355430d8428", "service": "index-retriever-mcp-server", "service_instance": "index-retriever-local", "environment": "dev", "extra": {"request_id": "4dc77e47dd5e440c841ebea0fc7f8bcf", "correlation_id": null, "user": null, "method": "POST", "path": "/api/v1/tools/structure_corpus_create", "status_code": 200, "duration_ms": 44.07, "client_ip": "testclient"}}
{"timestamp": "2026-07-08T16:57:07.551Z", "event_type": "http.create", "actor": {"type": "system", "id": "anonymous", "roles": [], "ip": "testclient", "user_agent": "testclient"}, "action": "create", "outcome": "success", "severity": "INFO", "correlation_id": "3bccbd1704a14be38ca68355430d8428", "trace_id": "3bccbd1704a14be38ca68355430d8428", "request_id": "3bccbd1704a14be38ca68355430d8428", "service": "index-retriever-mcp-server", "service_instance": "index-retriever-local", "component": "http", "source_host": "index-retriever-local", "source_process": "3733358", "source_application": "testclient", "process_id": "3733358", "environment": "dev", "source_address": "testclient:50000", "destination_address": "testserver:80", "target": {"type": "endpoint", "id": "/api/v1/tools/structure_corpus_create", "name": "POST /api/v1/tools/structure_corpus_create"}, "details": {"status_code": 200, "method": "POST", "client_ip": "testclient"}, "duration_ms": 63}
{"timestamp": "2026-07-08T16:57:07.561253Z", "level": "INFO", "logger": "httpx", "message": "HTTP Request: POST http://testserver/api/v1/tools/structure_corpus_create \"HTTP/1.1 200 OK\"", "correlation_id": "3bccbd1704a14be38ca68355430d8428", "service": "index-retriever-mcp-server", "service_instance": "index-retriever-local", "environment": "dev"}
{"timestamp": "2026-07-08T16:57:07.569982Z", "level": "INFO", "logger": "cloud_dog_api_kit.request_logging", "message": "Request started", "correlation_id": "3bccbd1704a14be38ca68355430d8428", "service": "index-retriever-mcp-server", "service_instance": "index-retriever-local", "environment": "dev", "extra": {"request_id": "a5c64b9040f246d8993e0a5cd260951b", "correlation_id": null, "user": null, "method": "POST", "path": "/api/v1/tools/structure_corpus_list", "client_ip": "testclient"}}
{"timestamp": "2026-07-08T16:57:07.586Z", "event_type": "mcp_tool.mcp.tool.structure_corpus_list", "actor": {"type": "service", "id": "configured:ac6fc16fd23f", "roles": [], "ip": "unknown"}, "action": "mcp.tool.structure_corpus_list", "outcome": "success", "severity": "INFO", "correlation_id": "3bccbd1704a14be38ca68355430d8428", "trace_id": "3bccbd1704a14be38ca68355430d8428", "request_id": "3bccbd1704a14be38ca68355430d8428", "service": "unknown", "service_instance": "server0.viewdeck.com", "component": "unknown", "source_host": "server0.viewdeck.com", "source_process": "3733358", "source_application": "unknown", "process_id": "3733358", "environment": "dev", "target": {"type": "mcp_tool", "id": "structure_corpus_list"}, "details": {"details": {"phase": "invoke", "profile": "default", "collection": null}}}
{"timestamp": "2026-07-08T16:57:07.606458Z", "level": "INFO", "logger": "cloud_dog_api_kit.request_logging", "message": "Request completed", "correlation_id": "3bccbd1704a14be38ca68355430d8428", "service": "index-retriever-mcp-server", "service_instance": "index-retriever-local", "environment": "dev", "extra": {"request_id": "a5c64b9040f246d8993e0a5cd260951b", "correlation_id": null, "user": null, "method": "POST", "path": "/api/v1/tools/structure_corpus_list", "status_code": 200, "duration_ms": 29.84, "client_ip": "testclient"}}
{"timestamp": "2026-07-08T16:57:07.615Z", "event_type": "http.create", "actor": {"type": "system", "id": "anonymous", "roles": [], "ip": "testclient", "user_agent": "testclient"}, "action": "create", "outcome": "success", "severity": "INFO", "correlation_id": "3bccbd1704a14be38ca68355430d8428", "trace_id": "3bccbd1704a14be38ca68355430d8428", "request_id": "3bccbd1704a14be38ca68355430d8428", "service": "index-retriever-mcp-server", "service_instance": "index-retriever-local", "component": "http", "source_host": "index-retriever-local", "source_process": "3733358", "source_application": "testclient", "process_id": "3733358", "environment": "dev", "source_address": "testclient:50000", "destination_address": "testserver:80", "target": {"type": "endpoint", "id": "/api/v1/tools/structure_corpus_list", "name": "POST /api/v1/tools/structure_corpus_list"}, "details": {"status_code": 200, "method": "POST", "client_ip": "testclient"}, "duration_ms": 46}
{"timestamp": "2026-07-08T16:57:07.624290Z", "level": "INFO", "logger": "httpx", "message": "HTTP Request: POST http://testserver/api/v1/tools/structure_corpus_list \"HTTP/1.1 200 OK\"", "correlation_id": "3bccbd1704a14be38ca68355430d8428", "service": "index-retriever-mcp-server", "service_instance": "index-retriever-local", "environment": "dev"}
{"timestamp": "2026-07-08T16:57:07.633958Z", "level": "INFO", "logger": "cloud_dog_api_kit.request_logging", "message": "Request started", "correlation_id": "3bccbd1704a14be38ca68355430d8428", "service": "index-retriever-mcp-server", "service_instance": "index-retriever-local", "environment": "dev", "extra": {"request_id": "ca7af5e6aa444573b1ceaf99ee167c45", "correlation_id": null, "user": null, "method": "POST", "path": "/api/v1/tools/structure_corpus_analyse", "client_ip": "testclient"}}
{"timestamp": "2026-07-08T16:57:07.650Z", "event_type": "mcp_tool.mcp.tool.structure_corpus_analyse", "actor": {"type": "service", "id": "configured:ac6fc16fd23f", "roles": [], "ip": "unknown"}, "action": "mcp.tool.structure_corpus_analyse", "outcome": "success", "severity": "INFO", "correlation_id": "3bccbd1704a14be38ca68355430d8428", "trace_id": "3bccbd1704a14be38ca68355430d8428", "request_id": "3bccbd1704a14be38ca68355430d8428", "service": "unknown", "service_instance": "server0.viewdeck.com", "component": "unknown", "source_host": "server0.viewdeck.com", "source_process": "3733358", "source_application": "unknown", "process_id": "3733358", "environment": "dev", "target": {"type": "mcp_tool", "id": "structure_corpus_analyse"}, "details": {"details": {"phase": "invoke", "profile": null, "collection": null}}}
{"timestamp": "2026-07-08T16:57:07.757935Z", "level": "INFO", "logger": "cloud_dog_api_kit.request_logging", "message": "Request completed", "correlation_id": "3bccbd1704a14be38ca68355430d8428", "service": "index-retriever-mcp-server", "service_instance": "index-retriever-local", "environment": "dev", "extra": {"request_id": "ca7af5e6aa444573b1ceaf99ee167c45", "correlation_id": null, "user": null, "method": "POST", "path": "/api/v1/tools/structure_corpus_analyse", "status_code": 200, "duration_ms": 117.85, "client_ip": "testclient"}}
{"timestamp": "2026-07-08T16:57:07.768Z", "event_type": "http.create", "actor": {"type": "system", "id": "anonymous", "roles": [], "ip": "testclient", "user_agent": "testclient"}, "action": "create", "outcome": "success", "severity": "INFO", "correlation_id": "3bccbd1704a14be38ca68355430d8428", "trace_id": "3bccbd1704a14be38ca68355430d8428", "request_id": "3bccbd1704a14be38ca68355430d8428", "service": "index-retriever-mcp-server", "service_instance": "index-retriever-local", "component": "http", "source_host": "index-retriever-local", "source_process": "3733358", "source_application": "testclient", "process_id": "3733358", "environment": "dev", "source_address": "testclient:50000", "destination_address": "testserver:80", "target": {"type": "endpoint", "id": "/api/v1/tools/structure_corpus_analyse", "name": "POST /api/v1/tools/structure_corpus_analyse"}, "details": {"status_code": 200, "method": "POST", "client_ip": "testclient"}, "duration_ms": 134}
{"timestamp": "2026-07-08T16:57:07.777247Z", "level": "INFO", "logger": "httpx", "message": "HTTP Request: POST http://testserver/api/v1/tools/structure_corpus_analyse \"HTTP/1.1 200 OK\"", "correlation_id": "3bccbd1704a14be38ca68355430d8428", "service": "index-retriever-mcp-server", "service_instance": "index-retriever-local", "environment": "dev"}
{"timestamp": "2026-07-08T16:57:07.786036Z", "level": "INFO", "logger": "cloud_dog_api_kit.request_logging", "message": "Request started", "correlation_id": "3bccbd1704a14be38ca68355430d8428", "service": "index-retriever-mcp-server", "service_instance": "index-retriever-local", "environment": "dev", "extra": {"request_id": "cb438d5e332d4213b08b215d0f055eb2", "correlation_id": null, "user": null, "method": "POST", "path": "/api/v1/tools/structure_corpus_patterns_get", "client_ip": "testclient"}}
{"timestamp": "2026-07-08T16:57:07.805Z", "event_type": "mcp_tool.mcp.tool.structure_corpus_patterns_get", "actor": {"type": "service", "id": "configured:ac6fc16fd23f", "roles": [], "ip": "unknown"}, "action": "mcp.tool.structure_corpus_patterns_get", "outcome": "success", "severity": "INFO", "correlation_id": "3bccbd1704a14be38ca68355430d8428", "trace_id": "3bccbd1704a14be38ca68355430d8428", "request_id": "3bccbd1704a14be38ca68355430d8428", "service": "unknown", "service_instance": "server0.viewdeck.com", "component": "unknown", "source_host": "server0.viewdeck.com", "source_process": "3733358", "source_application": "unknown", "process_id": "3733358", "environment": "dev", "target": {"type": "mcp_tool", "id": "structure_corpus_patterns_get"}, "details": {"details": {"phase": "invoke", "profile": null, "collection": null}}}
{"timestamp": "2026-07-08T16:57:07.823496Z", "level": "INFO", "logger": "cloud_dog_api_kit.request_logging", "message": "Request completed", "correlation_id": "3bccbd1704a14be38ca68355430d8428", "service": "index-retriever-mcp-server", "service_instance": "index-retriever-local", "environment": "dev", "extra": {"request_id": "cb438d5e332d4213b08b215d0f055eb2", "correlation_id": null, "user": null, "method": "POST", "path": "/api/v1/tools/structure_corpus_patterns_get", "status_code": 200, "duration_ms": 30.7, "client_ip": "testclient"}}
{"timestamp": "2026-07-08T16:57:07.832Z", "event_type": "http.create", "actor": {"type": "system", "id": "anonymous", "roles": [], "ip": "testclient", "user_agent": "testclient"}, "action": "create", "outcome": "success", "severity": "INFO", "correlation_id": "3bccbd1704a14be38ca68355430d8428", "trace_id": "3bccbd1704a14be38ca68355430d8428", "request_id": "3bccbd1704a14be38ca68355430d8428", "service": "index-retriever-mcp-server", "service_instance": "index-retriever-local", "component": "http", "source_host": "index-retriever-local", "source_process": "3733358", "source_application": "testclient", "process_id": "3733358", "environment": "dev", "source_address": "testclient:50000", "destination_address": "testserver:80", "target": {"type": "endpoint", "id": "/api/v1/tools/structure_corpus_patterns_get", "name": "POST /api/v1/tools/structure_corpus_patterns_get"}, "details": {"status_code": 200, "method": "POST", "client_ip": "testclient"}, "duration_ms": 47}
{"timestamp": "2026-07-08T16:57:07.840730Z", "level": "INFO", "logger": "httpx", "message": "HTTP Request: POST http://testserver/api/v1/tools/structure_corpus_patterns_get \"HTTP/1.1 200 OK\"", "correlation_id": "3bccbd1704a14be38ca68355430d8428", "service": "index-retriever-mcp-server", "service_instance": "index-retriever-local", "environment": "dev"}
{"timestamp": "2026-07-08T16:57:07.848939Z", "level": "INFO", "logger": "cloud_dog_api_kit.request_logging", "message": "Request started", "correlation_id": "3bccbd1704a14be38ca68355430d8428", "service": "index-retriever-mcp-server", "service_instance": "index-retriever-local", "environment": "dev", "extra": {"request_id": "835c3cb323ac44cb8ff89707efef8baf", "correlation_id": null, "user": null, "method": "POST", "path": "/api/v1/tools/structure_template_generate", "client_ip": "testclient"}}
{"timestamp": "2026-07-08T16:57:07.866Z", "event_type": "mcp_tool.mcp.tool.structure_template_generate", "actor": {"type": "service", "id": "configured:ac6fc16fd23f", "roles": [], "ip": "unknown"}, "action": "mcp.tool.structure_template_generate", "outcome": "success", "severity": "INFO", "correlation_id": "3bccbd1704a14be38ca68355430d8428", "trace_id": "3bccbd1704a14be38ca68355430d8428", "request_id": "3bccbd1704a14be38ca68355430d8428", "service": "unknown", "service_instance": "server0.viewdeck.com", "component": "unknown", "source_host": "server0.viewdeck.com", "source_process": "3733358", "source_application": "unknown", "process_id": "3733358", "environment": "dev", "target": {"type": "mcp_tool", "id": "structure_template_generate"}, "details": {"details": {"phase": "invoke", "profile": null, "collection": null}}}
{"timestamp": "2026-07-08T16:57:07.909052Z", "level": "INFO", "logger": "cloud_dog_api_kit.request_logging", "message": "Request completed", "correlation_id": "3bccbd1704a14be38ca68355430d8428", "service": "index-retriever-mcp-server", "service_instance": "index-retriever-local", "environment": "dev", "extra": {"request_id": "835c3cb323ac44cb8ff89707efef8baf", "correlation_id": null, "user": null, "method": "POST", "path": "/api/v1/tools/structure_template_generate", "status_code": 200, "duration_ms": 53.62, "client_ip": "testclient"}}
{"timestamp": "2026-07-08T16:57:07.918Z", "event_type": "http.create", "actor": {"type": "system", "id": "anonymous", "roles": [], "ip": "testclient", "user_agent": "testclient"}, "action": "create", "outcome": "success", "severity": "INFO", "correlation_id": "3bccbd1704a14be38ca68355430d8428", "trace_id": "3bccbd1704a14be38ca68355430d8428", "request_id": "3bccbd1704a14be38ca68355430d8428", "service": "index-retriever-mcp-server", "service_instance": "index-retriever-local", "component": "http", "source_host": "index-retriever-local", "source_process": "3733358", "source_application": "testclient", "process_id": "3733358", "environment": "dev", "source_address": "testclient:50000", "destination_address": "testserver:80", "target": {"type": "endpoint", "id": "/api/v1/tools/structure_template_generate", "name": "POST /api/v1/tools/structure_template_generate"}, "details": {"status_code": 200, "method": "POST", "client_ip": "testclient"}, "duration_ms": 69}
{"timestamp": "2026-07-08T16:57:07.930122Z", "level": "INFO", "logger": "httpx", "message": "HTTP Request: POST http://testserver/api/v1/tools/structure_template_generate \"HTTP/1.1 200 OK\"", "correlation_id": "3bccbd1704a14be38ca68355430d8428", "service": "index-retriever-mcp-server", "service_instance": "index-retriever-local", "environment": "dev"}
{"timestamp": "2026-07-08T16:57:07.940217Z", "level": "INFO", "logger": "cloud_dog_api_kit.request_logging", "message": "Request started", "correlation_id": "3bccbd1704a14be38ca68355430d8428", "service": "index-retriever-mcp-server", "service_instance": "index-retriever-local", "environment": "dev", "extra": {"request_id": "cbe0c20fd2a44d7f92ac316f87892b4a", "correlation_id": null, "user": null, "method": "POST", "path": "/api/v1/tools/structure_template_export", "client_ip": "testclient"}}
{"timestamp": "2026-07-08T16:57:07.959Z", "event_type": "mcp_tool.mcp.tool.structure_template_export", "actor": {"type": "service", "id": "configured:ac6fc16fd23f", "roles": [], "ip": "unknown"}, "action": "mcp.tool.structure_template_export", "outcome": "success", "severity": "INFO", "correlation_id": "3bccbd1704a14be38ca68355430d8428", "trace_id": "3bccbd1704a14be38ca68355430d8428", "request_id": "3bccbd1704a14be38ca68355430d8428", "service": "unknown", "service_instance": "server0.viewdeck.com", "component": "unknown", "source_host": "server0.viewdeck.com", "source_process": "3733358", "source_application": "unknown", "process_id": "3733358", "environment": "dev", "target": {"type": "mcp_tool", "id": "structure_template_export"}, "details": {"details": {"phase": "invoke", "profile": null, "collection": null}}}
{"timestamp": "2026-07-08T16:57:07.971492Z", "level": "INFO", "logger": "cloud_dog_api_kit.request_logging", "message": "Request completed", "correlation_id": "3bccbd1704a14be38ca68355430d8428", "service": "index-retriever-mcp-server", "service_instance": "index-retriever-local", "environment": "dev", "extra": {"request_id": "cbe0c20fd2a44d7f92ac316f87892b4a", "correlation_id": null, "user": null, "method": "POST", "path": "/api/v1/tools/structure_template_export", "status_code": 200, "duration_ms": 23.57, "client_ip": "testclient"}}
{"timestamp": "2026-07-08T16:57:07.981Z", "event_type": "http.create", "actor": {"type": "system", "id": "anonymous", "roles": [], "ip": "testclient", "user_agent": "testclient"}, "action": "create", "outcome": "success", "severity": "INFO", "correlation_id": "3bccbd1704a14be38ca68355430d8428", "trace_id": "3bccbd1704a14be38ca68355430d8428", "request_id": "3bccbd1704a14be38ca68355430d8428", "service": "index-retriever-mcp-server", "service_instance": "index-retriever-local", "component": "http", "source_host": "index-retriever-local", "source_process": "3733358", "source_application": "testclient", "process_id": "3733358", "environment": "dev", "source_address": "testclient:50000", "destination_address": "testserver:80", "target": {"type": "endpoint", "id": "/api/v1/tools/structure_template_export", "name": "POST /api/v1/tools/structure_template_export"}, "details": {"status_code": 200, "method": "POST", "client_ip": "testclient"}, "duration_ms": 41}
{"timestamp": "2026-07-08T16:57:07.990040Z", "level": "INFO", "logger": "httpx", "message": "HTTP Request: POST http://testserver/api/v1/tools/structure_template_export \"HTTP/1.1 200 OK\"", "correlation_id": "3bccbd1704a14be38ca68355430d8428", "service": "index-retriever-mcp-server", "service_instance": "index-retriever-local", "environment": "dev"}
{"timestamp": "2026-07-08T16:57:08.000221Z", "level": "INFO", "logger": "cloud_dog_api_kit.request_logging", "message": "Request started", "correlation_id": "3bccbd1704a14be38ca68355430d8428", "service": "index-retriever-mcp-server", "service_instance": "index-retriever-local", "environment": "dev", "extra": {"request_id": "9c2985d26dba4a208bbd136ffb8b0058", "correlation_id": null, "user": null, "method": "POST", "path": "/api/v1/tools/structure_template_delete", "client_ip": "testclient"}}
{"timestamp": "2026-07-08T16:57:08.016Z", "event_type": "mcp_tool.mcp.tool.structure_template_delete", "actor": {"type": "service", "id": "configured:ac6fc16fd23f", "roles": [], "ip": "unknown"}, "action": "mcp.tool.structure_template_delete", "outcome": "success", "severity": "INFO", "correlation_id": "3bccbd1704a14be38ca68355430d8428", "trace_id": "3bccbd1704a14be38ca68355430d8428", "request_id": "3bccbd1704a14be38ca68355430d8428", "service": "unknown", "service_instance": "server0.viewdeck.com", "component": "unknown", "source_host": "server0.viewdeck.com", "source_process": "3733358", "source_application": "unknown", "process_id": "3733358", "environment": "dev", "target": {"type": "mcp_tool", "id": "structure_template_delete"}, "details": {"details": {"phase": "invoke", "profile": null, "collection": null}}}
{"timestamp": "2026-07-08T16:57:08.056293Z", "level": "INFO", "logger": "cloud_dog_api_kit.request_logging", "message": "Request completed", "correlation_id": "3bccbd1704a14be38ca68355430d8428", "service": "index-retriever-mcp-server", "service_instance": "index-retriever-local", "environment": "dev", "extra": {"request_id": "9c2985d26dba4a208bbd136ffb8b0058", "correlation_id": null, "user": null, "method": "POST", "path": "/api/v1/tools/structure_template_delete", "status_code": 200, "duration_ms": 49.18, "client_ip": "testclient"}}
{"timestamp": "2026-07-08T16:57:08.064Z", "event_type": "http.create", "actor": {"type": "system", "id": "anonymous", "roles": [], "ip": "testclient", "user_agent": "testclient"}, "action": "create", "outcome": "success", "severity": "INFO", "correlation_id": "3bccbd1704a14be38ca68355430d8428", "trace_id": "3bccbd1704a14be38ca68355430d8428", "request_id": "3bccbd1704a14be38ca68355430d8428", "service": "index-retriever-mcp-server", "service_instance": "index-retriever-local", "component": "http", "source_host": "index-retriever-local", "source_process": "3733358", "source_application": "testclient", "process_id": "3733358", "environment": "dev", "source_address": "testclient:50000", "destination_address": "testserver:80", "target": {"type": "endpoint", "id": "/api/v1/tools/structure_template_delete", "name": "POST /api/v1/tools/structure_template_delete"}, "details": {"status_code": 200, "method": "POST", "client_ip": "testclient"}, "duration_ms": 65}
{"timestamp": "2026-07-08T16:57:08.073983Z", "level": "INFO", "logger": "httpx", "message": "HTTP Request: POST http://testserver/api/v1/tools/structure_template_delete \"HTTP/1.1 200 OK\"", "correlation_id": "3bccbd1704a14be38ca68355430d8428", "service": "index-retriever-mcp-server", "service_instance": "index-retriever-local", "environment": "dev"}
------------------------------ Captured log call -------------------------------
INFO     cloud_dog_logging.integrity:integrity.py:185 audit_integrity_check
__________________________ test_phase25_rest_surface ___________________________
----------------------------- Captured stdout call -----------------------------
{"timestamp": "2026-07-08T16:57:08.539851Z", "level": "INFO", "logger": "cloud_dog_logging.integrity", "message": "audit_integrity_check", "correlation_id": "3bccbd1704a14be38ca68355430d8428", "service": "index-retriever-mcp-server", "service_instance": "index-retriever-local", "environment": "dev", "extra": {"integrity_record": {"timestamp": "2026-07-08T16:57:08.539Z", "record_type": "audit_integrity_check", "service": "index-retriever-mcp-server", "service_instance": "index-retriever-local", "audit_log_path": "logs/audit.log.jsonl", "hash_algorithm": "sha256", "hash_value": "4a9e6304b05c5d6c1426d1151219ea0d0861735611212ae334d77bd74a35ea9b", "file_size_bytes": 622719, "line_count": 706, "last_event_timestamp": "2026-07-08T16:57:08.064Z", "verification_status": "valid", "trigger": "shutdown"}}}
{"timestamp": "2026-07-08T16:57:08.590387Z", "level": "INFO", "logger": "cloud_dog_logging.integrity", "message": "audit_integrity_check", "correlation_id": "3bccbd1704a14be38ca68355430d8428", "service": "index-retriever-mcp-server", "service_instance": "index-retriever-local", "environment": "dev", "extra": {"integrity_record": {"timestamp": "2026-07-08T16:57:08.590Z", "record_type": "audit_integrity_check", "service": "index-retriever-mcp-server", "service_instance": "index-retriever-local", "audit_log_path": "logs/audit.log.jsonl", "hash_algorithm": "sha256", "hash_value": "4a9e6304b05c5d6c1426d1151219ea0d0861735611212ae334d77bd74a35ea9b", "file_size_bytes": 622719, "line_count": 706, "last_event_timestamp": "2026-07-08T16:57:08.064Z", "verification_status": "valid", "trigger": "startup"}}}
{"timestamp": "2026-07-08T16:57:09.354664Z", "level": "INFO", "logger": "cloud_dog_api_kit.request_logging", "message": "Request started", "correlation_id": "3bccbd1704a14be38ca68355430d8428", "service": "index-retriever-mcp-server", "service_instance": "index-retriever-local", "environment": "dev", "extra": {"request_id": "2483729031b54662b62b9caf2108cf0b", "correlation_id": null, "user": null, "method": "POST", "path": "/api/v1/structure/extract", "client_ip": "testclient"}}
{"timestamp": "2026-07-08T16:57:09.411979Z", "level": "INFO", "logger": "cloud_dog_api_kit.request_logging", "message": "Request completed", "correlation_id": "3bccbd1704a14be38ca68355430d8428", "service": "index-retriever-mcp-server", "service_instance": "index-retriever-local", "environment": "dev", "extra": {"request_id": "2483729031b54662b62b9caf2108cf0b", "correlation_id": null, "user": null, "method": "POST", "path": "/api/v1/structure/extract", "status_code": 200, "duration_ms": 48.33, "client_ip": "testclient"}}
{"timestamp": "2026-07-08T16:57:09.421Z", "event_type": "http.create", "actor": {"type": "system", "id": "anonymous", "roles": [], "ip": "testclient", "user_agent": "testclient"}, "action": "create", "outcome": "success", "severity": "INFO", "correlation_id": "3bccbd1704a14be38ca68355430d8428", "trace_id": "3bccbd1704a14be38ca68355430d8428", "request_id": "3bccbd1704a14be38ca68355430d8428", "service": "index-retriever-mcp-server", "service_instance": "index-retriever-local", "component": "http", "source_host": "index-retriever-local", "source_process": "3733358", "source_application": "testclient", "process_id": "3733358", "environment": "dev", "source_address": "testclient:50000", "destination_address": "testserver:80", "target": {"type": "endpoint", "id": "/api/v1/structure/extract", "name": "POST /api/v1/structure/extract"}, "details": {"status_code": 200, "method": "POST", "client_ip": "testclient"}, "duration_ms": 67}
{"timestamp": "2026-07-08T16:57:09.430442Z", "level": "INFO", "logger": "httpx", "message": "HTTP Request: POST http://testserver/api/v1/structure/extract \"HTTP/1.1 200 OK\"", "correlation_id": "3bccbd1704a14be38ca68355430d8428", "service": "index-retriever-mcp-server", "service_instance": "index-retriever-local", "environment": "dev"}
{"timestamp": "2026-07-08T16:57:09.439969Z", "level": "INFO", "logger": "cloud_dog_api_kit.request_logging", "message": "Request started", "correlation_id": "3bccbd1704a14be38ca68355430d8428", "service": "index-retriever-mcp-server", "service_instance": "index-retriever-local", "environment": "dev", "extra": {"request_id": "2e0568c27813418a98edf3efcbddab8e", "correlation_id": null, "user": null, "method": "POST", "path": "/api/v1/structure/extract", "client_ip": "testclient"}}
{"timestamp": "2026-07-08T16:57:09.494442Z", "level": "INFO", "logger": "cloud_dog_api_kit.request_logging", "message": "Request completed", "correlation_id": "3bccbd1704a14be38ca68355430d8428", "service": "index-retriever-mcp-server", "service_instance": "index-retriever-local", "environment": "dev", "extra": {"request_id": "2e0568c27813418a98edf3efcbddab8e", "correlation_id": null, "user": null, "method": "POST", "path": "/api/v1/structure/extract", "status_code": 200, "duration_ms": 47.46, "client_ip": "testclient"}}
{"timestamp": "2026-07-08T16:57:09.502Z", "event_type": "http.create", "actor": {"type": "system", "id": "anonymous", "roles": [], "ip": "testclient", "user_agent": "testclient"}, "action": "create", "outcome": "success", "severity": "INFO", "correlation_id": "3bccbd1704a14be38ca68355430d8428", "trace_id": "3bccbd1704a14be38ca68355430d8428", "request_id": "3bccbd1704a14be38ca68355430d8428", "service": "index-retriever-mcp-server", "service_instance": "index-retriever-local", "component": "http", "source_host": "index-retriever-local", "source_process": "3733358", "source_application": "testclient", "process_id": "3733358", "environment": "dev", "source_address": "testclient:50000", "destination_address": "testserver:80", "target": {"type": "endpoint", "id": "/api/v1/structure/extract", "name": "POST /api/v1/structure/extract"}, "details": {"status_code": 200, "method": "POST", "client_ip": "testclient"}, "duration_ms": 62}
{"timestamp": "2026-07-08T16:57:09.510787Z", "level": "INFO", "logger": "httpx", "message": "HTTP Request: POST http://testserver/api/v1/structure/extract \"HTTP/1.1 200 OK\"", "correlation_id": "3bccbd1704a14be38ca68355430d8428", "service": "index-retriever-mcp-server", "service_instance": "index-retriever-local", "environment": "dev"}
{"timestamp": "2026-07-08T16:57:09.521907Z", "level": "INFO", "logger": "cloud_dog_api_kit.request_logging", "message": "Request started", "correlation_id": "3bccbd1704a14be38ca68355430d8428", "service": "index-retriever-mcp-server", "service_instance": "index-retriever-local", "environment": "dev", "extra": {"request_id": "0675449f6ba348cc82a4de6ba3092fd9", "correlation_id": null, "user": null, "method": "POST", "path": "/api/v1/structure/corpora", "client_ip": "testclient"}}
{"timestamp": "2026-07-08T16:57:09.564989Z", "level": "INFO", "logger": "cloud_dog_api_kit.request_logging", "message": "Request completed", "correlation_id": "3bccbd1704a14be38ca68355430d8428", "service": "index-retriever-mcp-server", "service_instance": "index-retriever-local", "environment": "dev", "extra": {"request_id": "0675449f6ba348cc82a4de6ba3092fd9", "correlation_id": null, "user": null, "method": "POST", "path": "/api/v1/structure/corpora", "status_code": 200, "duration_ms": 35.95, "client_ip": "testclient"}}
{"timestamp": "2026-07-08T16:57:09.574Z", "event_type": "http.create", "actor": {"type": "system", "id": "anonymous", "roles": [], "ip": "testclient", "user_agent": "testclient"}, "action": "create", "outcome": "success", "severity": "INFO", "correlation_id": "3bccbd1704a14be38ca68355430d8428", "trace_id": "3bccbd1704a14be38ca68355430d8428", "request_id": "3bccbd1704a14be38ca68355430d8428", "service": "index-retriever-mcp-server", "service_instance": "index-retriever-local", "component": "http", "source_host": "index-retriever-local", "source_process": "3733358", "source_application": "testclient", "process_id": "3733358", "environment": "dev", "source_address": "testclient:50000", "destination_address": "testserver:80", "target": {"type": "endpoint", "id": "/api/v1/structure/corpora", "name": "POST /api/v1/structure/corpora"}, "details": {"status_code": 200, "method": "POST", "client_ip": "testclient"}, "duration_ms": 53}
{"timestamp": "2026-07-08T16:57:09.583091Z", "level": "INFO", "logger": "httpx", "message": "HTTP Request: POST http://testserver/api/v1/structure/corpora \"HTTP/1.1 200 OK\"", "correlation_id": "3bccbd1704a14be38ca68355430d8428", "service": "index-retriever-mcp-server", "service_instance": "index-retriever-local", "environment": "dev"}
{"timestamp": "2026-07-08T16:57:09.592309Z", "level": "INFO", "logger": "cloud_dog_api_kit.request_logging", "message": "Request started", "correlation_id": "3bccbd1704a14be38ca68355430d8428", "service": "index-retriever-mcp-server", "service_instance": "index-retriever-local", "environment": "dev", "extra": {"request_id": "dcc1b012e88744948147d931eacbd207", "correlation_id": null, "user": null, "method": "GET", "path": "/api/v1/structure/corpora/corp_5ec25dc4fbfd446788c387878716cd83", "client_ip": "testclient"}}
{"timestamp": "2026-07-08T16:57:09.647137Z", "level": "INFO", "logger": "cloud_dog_api_kit.request_logging", "message": "Request completed", "correlation_id": "3bccbd1704a14be38ca68355430d8428", "service": "index-retriever-mcp-server", "service_instance": "index-retriever-local", "environment": "dev", "extra": {"request_id": "dcc1b012e88744948147d931eacbd207", "correlation_id": null, "user": null, "method": "GET", "path": "/api/v1/structure/corpora/corp_5ec25dc4fbfd446788c387878716cd83", "status_code": 200, "duration_ms": 17.25, "client_ip": "testclient"}}
{"timestamp": "2026-07-08T16:57:09.655Z", "event_type": "http.read", "actor": {"type": "system", "id": "anonymous", "roles": [], "ip": "testclient", "user_agent": "testclient"}, "action": "read", "outcome": "success", "severity": "INFO", "correlation_id": "3bccbd1704a14be38ca68355430d8428", "trace_id": "3bccbd1704a14be38ca68355430d8428", "request_id": "3bccbd1704a14be38ca68355430d8428", "service": "index-retriever-mcp-server", "service_instance": "index-retriever-local", "component": "http", "source_host": "index-retriever-local", "source_process": "3733358", "source_application": "testclient", "process_id": "3733358", "environment": "dev", "source_address": "testclient:50000", "destination_address": "testserver:80", "target": {"type": "endpoint", "id": "/api/v1/structure/corpora/corp_5ec25dc4fbfd446788c387878716cd83", "name": "GET /api/v1/structure/corpora/corp_5ec25dc4fbfd446788c387878716cd83"}, "details": {"status_code": 200, "method": "GET", "client_ip": "testclient"}, "duration_ms": 63}
{"timestamp": "2026-07-08T16:57:09.663025Z", "level": "INFO", "logger": "httpx", "message": "HTTP Request: GET http://testserver/api/v1/structure/corpora/corp_5ec25dc4fbfd446788c387878716cd83 \"HTTP/1.1 200 OK\"", "correlation_id": "3bccbd1704a14be38ca68355430d8428", "service": "index-retriever-mcp-server", "service_instance": "index-retriever-local", "environment": "dev"}
{"timestamp": "2026-07-08T16:57:09.671528Z", "level": "INFO", "logger": "cloud_dog_api_kit.request_logging", "message": "Request started", "correlation_id": "3bccbd1704a14be38ca68355430d8428", "service": "index-retriever-mcp-server", "service_instance": "index-retriever-local", "environment": "dev", "extra": {"request_id": "2ad200d68880488b96916ec86b0a17bf", "correlation_id": null, "user": null, "method": "GET", "path": "/api/v1/structure/corpora", "client_ip": "testclient"}}
{"timestamp": "2026-07-08T16:57:09.697169Z", "level": "INFO", "logger": "cloud_dog_api_kit.request_logging", "message": "Request completed", "correlation_id": "3bccbd1704a14be38ca68355430d8428", "service": "index-retriever-mcp-server", "service_instance": "index-retriever-local", "environment": "dev", "extra": {"request_id": "2ad200d68880488b96916ec86b0a17bf", "correlation_id": null, "user": null, "method": "GET", "path": "/api/v1/structure/corpora", "status_code": 200, "duration_ms": 19.11, "client_ip": "testclient"}}
{"timestamp": "2026-07-08T16:57:09.705Z", "event_type": "http.read", "actor": {"type": "system", "id": "anonymous", "roles": [], "ip": "testclient", "user_agent": "testclient"}, "action": "read", "outcome": "success", "severity": "INFO", "correlation_id": "3bccbd1704a14be38ca68355430d8428", "trace_id": "3bccbd1704a14be38ca68355430d8428", "request_id": "3bccbd1704a14be38ca68355430d8428", "service": "index-retriever-mcp-server", "service_instance": "index-retriever-local", "component": "http", "source_host": "index-retriever-local", "source_process": "3733358", "source_application": "testclient", "process_id": "3733358", "environment": "dev", "source_address": "testclient:50000", "destination_address": "testserver:80", "target": {"type": "endpoint", "id": "/api/v1/structure/corpora", "name": "GET /api/v1/structure/corpora"}, "details": {"status_code": 200, "method": "GET", "client_ip": "testclient"}, "duration_ms": 34}
{"timestamp": "2026-07-08T16:57:09.713978Z", "level": "INFO", "logger": "httpx", "message": "HTTP Request: GET http://testserver/api/v1/structure/corpora?profile=default \"HTTP/1.1 200 OK\"", "correlation_id": "3bccbd1704a14be38ca68355430d8428", "service": "index-retriever-mcp-server", "service_instance": "index-retriever-local", "environment": "dev"}
{"timestamp": "2026-07-08T16:57:09.722281Z", "level": "INFO", "logger": "cloud_dog_api_kit.request_logging", "message": "Request started", "correlation_id": "3bccbd1704a14be38ca68355430d8428", "service": "index-retriever-mcp-server", "service_instance": "index-retriever-local", "environment": "dev", "extra": {"request_id": "ffcdbc9c0f3a48539b8f5335e0c4f030", "correlation_id": null, "user": null, "method": "POST", "path": "/api/v1/structure/corpora/corp_5ec25dc4fbfd446788c387878716cd83/analyse", "client_ip": "testclient"}}
{"timestamp": "2026-07-08T16:57:09.826992Z", "level": "INFO", "logger": "cloud_dog_api_kit.request_logging", "message": "Request completed", "correlation_id": "3bccbd1704a14be38ca68355430d8428", "service": "index-retriever-mcp-server", "service_instance": "index-retriever-local", "environment": "dev", "extra": {"request_id": "ffcdbc9c0f3a48539b8f5335e0c4f030", "correlation_id": null, "user": null, "method": "POST", "path": "/api/v1/structure/corpora/corp_5ec25dc4fbfd446788c387878716cd83/analyse", "status_code": 200, "duration_ms": 98.11, "client_ip": "testclient"}}
{"timestamp": "2026-07-08T16:57:09.835Z", "event_type": "http.create", "actor": {"type": "system", "id": "anonymous", "roles": [], "ip": "testclient", "user_agent": "testclient"}, "action": "create", "outcome": "success", "severity": "INFO", "correlation_id": "3bccbd1704a14be38ca68355430d8428", "trace_id": "3bccbd1704a14be38ca68355430d8428", "request_id": "3bccbd1704a14be38ca68355430d8428", "service": "index-retriever-mcp-server", "service_instance": "index-retriever-local", "component": "http", "source_host": "index-retriever-local", "source_process": "3733358", "source_application": "testclient", "process_id": "3733358", "environment": "dev", "source_address": "testclient:50000", "destination_address": "testserver:80", "target": {"type": "endpoint", "id": "/api/v1/structure/corpora/corp_5ec25dc4fbfd446788c387878716cd83/analyse", "name": "POST /api/v1/structure/corpora/corp_5ec25dc4fbfd446788c387878716cd83/analyse"}, "details": {"status_code": 200, "method": "POST", "client_ip": "testclient"}, "duration_ms": 114}
{"timestamp": "2026-07-08T16:57:09.845827Z", "level": "INFO", "logger": "httpx", "message": "HTTP Request: POST http://testserver/api/v1/structure/corpora/corp_5ec25dc4fbfd446788c387878716cd83/analyse \"HTTP/1.1 200 OK\"", "correlation_id": "3bccbd1704a14be38ca68355430d8428", "service": "index-retriever-mcp-server", "service_instance": "index-retriever-local", "environment": "dev"}
{"timestamp": "2026-07-08T16:57:09.856096Z", "level": "INFO", "logger": "cloud_dog_api_kit.request_logging", "message": "Request started", "correlation_id": "3bccbd1704a14be38ca68355430d8428", "service": "index-retriever-mcp-server", "service_instance": "index-retriever-local", "environment": "dev", "extra": {"request_id": "f3a8b6579f2a40189d5d5b0c9d341483", "correlation_id": null, "user": null, "method": "GET", "path": "/api/v1/structure/corpora/corp_5ec25dc4fbfd446788c387878716cd83/patterns", "client_ip": "testclient"}}
{"timestamp": "2026-07-08T16:57:09.878289Z", "level": "INFO", "logger": "cloud_dog_api_kit.request_logging", "message": "Request completed", "correlation_id": "3bccbd1704a14be38ca68355430d8428", "service": "index-retriever-mcp-server", "service_instance": "index-retriever-local", "environment": "dev", "extra": {"request_id": "f3a8b6579f2a40189d5d5b0c9d341483", "correlation_id": null, "user": null, "method": "GET", "path": "/api/v1/structure/corpora/corp_5ec25dc4fbfd446788c387878716cd83/patterns", "status_code": 200, "duration_ms": 15.05, "client_ip": "testclient"}}
{"timestamp": "2026-07-08T16:57:09.888Z", "event_type": "http.read", "actor": {"type": "system", "id": "anonymous", "roles": [], "ip": "testclient", "user_agent": "testclient"}, "action": "read", "outcome": "success", "severity": "INFO", "correlation_id": "3bccbd1704a14be38ca68355430d8428", "trace_id": "3bccbd1704a14be38ca68355430d8428", "request_id": "3bccbd1704a14be38ca68355430d8428", "service": "index-retriever-mcp-server", "service_instance": "index-retriever-local", "component": "http", "source_host": "index-retriever-local", "source_process": "3733358", "source_application": "testclient", "process_id": "3733358", "environment": "dev", "source_address": "testclient:50000", "destination_address": "testserver:80", "target": {"type": "endpoint", "id": "/api/v1/structure/corpora/corp_5ec25dc4fbfd446788c387878716cd83/patterns", "name": "GET /api/v1/structure/corpora/corp_5ec25dc4fbfd446788c387878716cd83/patterns"}, "details": {"status_code": 200, "method": "GET", "client_ip": "testclient"}, "duration_ms": 32}
{"timestamp": "2026-07-08T16:57:09.899372Z", "level": "INFO", "logger": "httpx", "message": "HTTP Request: GET http://testserver/api/v1/structure/corpora/corp_5ec25dc4fbfd446788c387878716cd83/patterns?pattern_type=section \"HTTP/1.1 200 OK\"", "correlation_id": "3bccbd1704a14be38ca68355430d8428", "service": "index-retriever-mcp-server", "service_instance": "index-retriever-local", "environment": "dev"}
{"timestamp": "2026-07-08T16:57:09.920089Z", "level": "INFO", "logger": "cloud_dog_api_kit.request_logging", "message": "Request started", "correlation_id": "3bccbd1704a14be38ca68355430d8428", "service": "index-retriever-mcp-server", "service_instance": "index-retriever-local", "environment": "dev", "extra": {"request_id": "c3cfadf4039e485b81b008ce9359d7e8", "correlation_id": null, "user": null, "method": "POST", "path": "/api/v1/structure/templates", "client_ip": "testclient"}}
{"timestamp": "2026-07-08T16:57:09.977121Z", "level": "INFO", "logger": "cloud_dog_api_kit.request_logging", "message": "Request completed", "correlation_id": "3bccbd1704a14be38ca68355430d8428", "service": "index-retriever-mcp-server", "service_instance": "index-retriever-local", "environment": "dev", "extra": {"request_id": "c3cfadf4039e485b81b008ce9359d7e8", "correlation_id": null, "user": null, "method": "POST", "path": "/api/v1/structure/templates", "status_code": 200, "duration_ms": 50.54, "client_ip": "testclient"}}
{"timestamp": "2026-07-08T16:57:09.984Z", "event_type": "http.create", "actor": {"type": "system", "id": "anonymous", "roles": [], "ip": "testclient", "user_agent": "testclient"}, "action": "create", "outcome": "success", "severity": "INFO", "correlation_id": "3bccbd1704a14be38ca68355430d8428", "trace_id": "3bccbd1704a14be38ca68355430d8428", "request_id": "3bccbd1704a14be38ca68355430d8428", "service": "index-retriever-mcp-server", "service_instance": "index-retriever-local", "component": "http", "source_host": "index-retriever-local", "source_process": "3733358", "source_application": "testclient", "process_id": "3733358", "environment": "dev", "source_address": "testclient:50000", "destination_address": "testserver:80", "target": {"type": "endpoint", "id": "/api/v1/structure/templates", "name": "POST /api/v1/structure/templates"}, "details": {"status_code": 200, "method": "POST", "client_ip": "testclient"}, "duration_ms": 65}
{"timestamp": "2026-07-08T16:57:09.993244Z", "level": "INFO", "logger": "httpx", "message": "HTTP Request: POST http://testserver/api/v1/structure/templates \"HTTP/1.1 200 OK\"", "correlation_id": "3bccbd1704a14be38ca68355430d8428", "service": "index-retriever-mcp-server", "service_instance": "index-retriever-local", "environment": "dev"}
{"timestamp": "2026-07-08T16:57:10.001434Z", "level": "INFO", "logger": "cloud_dog_api_kit.request_logging", "message": "Request started", "correlation_id": "3bccbd1704a14be38ca68355430d8428", "service": "index-retriever-mcp-server", "service_instance": "index-retriever-local", "environment": "dev", "extra": {"request_id": "bae88050da704391a32246487743d3c9", "correlation_id": null, "user": null, "method": "GET", "path": "/api/v1/structure/templates/tmpl_1eef21f86ce849f5997d98a224c31db0", "client_ip": "testclient"}}
{"timestamp": "2026-07-08T16:57:10.025203Z", "level": "INFO", "logger": "cloud_dog_api_kit.request_logging", "message": "Request completed", "correlation_id": "3bccbd1704a14be38ca68355430d8428", "service": "index-retriever-mcp-server", "service_instance": "index-retriever-local", "environment": "dev", "extra": {"request_id": "bae88050da704391a32246487743d3c9", "correlation_id": null, "user": null, "method": "GET", "path": "/api/v1/structure/templates/tmpl_1eef21f86ce849f5997d98a224c31db0", "status_code": 200, "duration_ms": 16.33, "client_ip": "testclient"}}
{"timestamp": "2026-07-08T16:57:10.032Z", "event_type": "http.read", "actor": {"type": "system", "id": "anonymous", "roles": [], "ip": "testclient", "user_agent": "testclient"}, "action": "read", "outcome": "success", "severity": "INFO", "correlation_id": "3bccbd1704a14be38ca68355430d8428", "trace_id": "3bccbd1704a14be38ca68355430d8428", "request_id": "3bccbd1704a14be38ca68355430d8428", "service": "index-retriever-mcp-server", "service_instance": "index-retriever-local", "component": "http", "source_host": "index-retriever-local", "source_process": "3733358", "source_application": "testclient", "process_id": "3733358", "environment": "dev", "source_address": "testclient:50000", "destination_address": "testserver:80", "target": {"type": "endpoint", "id": "/api/v1/structure/templates/tmpl_1eef21f86ce849f5997d98a224c31db0", "name": "GET /api/v1/structure/templates/tmpl_1eef21f86ce849f5997d98a224c31db0"}, "details": {"status_code": 200, "method": "GET", "client_ip": "testclient"}, "duration_ms": 31}
{"timestamp": "2026-07-08T16:57:10.040707Z", "level": "INFO", "logger": "httpx", "message": "HTTP Request: GET http://testserver/api/v1/structure/templates/tmpl_1eef21f86ce849f5997d98a224c31db0 \"HTTP/1.1 200 OK\"", "correlation_id": "3bccbd1704a14be38ca68355430d8428", "service": "index-retriever-mcp-server", "service_instance": "index-retriever-local", "environment": "dev"}
{"timestamp": "2026-07-08T16:57:10.050000Z", "level": "INFO", "logger": "cloud_dog_api_kit.request_logging", "message": "Request started", "correlation_id": "3bccbd1704a14be38ca68355430d8428", "service": "index-retriever-mcp-server", "service_instance": "index-retriever-local", "environment": "dev", "extra": {"request_id": "35e6e42942b74df58c8078a92b095f95", "correlation_id": null, "user": null, "method": "GET", "path": "/api/v1/structure/templates", "client_ip": "testclient"}}
{"timestamp": "2026-07-08T16:57:10.078989Z", "level": "INFO", "logger": "cloud_dog_api_kit.request_logging", "message": "Request completed", "correlation_id": "3bccbd1704a14be38ca68355430d8428", "service": "index-retriever-mcp-server", "service_instance": "index-retriever-local", "environment": "dev", "extra": {"request_id": "35e6e42942b74df58c8078a92b095f95", "correlation_id": null, "user": null, "method": "GET", "path": "/api/v1/structure/templates", "status_code": 200, "duration_ms": 22.18, "client_ip": "testclient"}}
{"timestamp": "2026-07-08T16:57:10.087Z", "event_type": "http.read", "actor": {"type": "system", "id": "anonymous", "roles": [], "ip": "testclient", "user_agent": "testclient"}, "action": "read", "outcome": "success", "severity": "INFO", "correlation_id": "3bccbd1704a14be38ca68355430d8428", "trace_id": "3bccbd1704a14be38ca68355430d8428", "request_id": "3bccbd1704a14be38ca68355430d8428", "service": "index-retriever-mcp-server", "service_instance": "index-retriever-local", "component": "http", "source_host": "index-retriever-local", "source_process": "3733358", "source_application": "testclient", "process_id": "3733358", "environment": "dev", "source_address": "testclient:50000", "destination_address": "testserver:80", "target": {"type": "endpoint", "id": "/api/v1/structure/templates", "name": "GET /api/v1/structure/templates"}, "details": {"status_code": 200, "method": "GET", "client_ip": "testclient"}, "duration_ms": 37}
{"timestamp": "2026-07-08T16:57:10.095438Z", "level": "INFO", "logger": "httpx", "message": "HTTP Request: GET http://testserver/api/v1/structure/templates?corpus_id=corp_5ec25dc4fbfd446788c387878716cd83 \"HTTP/1.1 200 OK\"", "correlation_id": "3bccbd1704a14be38ca68355430d8428", "service": "index-retriever-mcp-server", "service_instance": "index-retriever-local", "environment": "dev"}
{"timestamp": "2026-07-08T16:57:10.104136Z", "level": "INFO", "logger": "cloud_dog_api_kit.request_logging", "message": "Request started", "correlation_id": "3bccbd1704a14be38ca68355430d8428", "service": "index-retriever-mcp-server", "service_instance": "index-retriever-local", "environment": "dev", "extra": {"request_id": "d52e255d34f649029b834fa23ee44610", "correlation_id": null, "user": null, "method": "GET", "path": "/api/v1/structure/templates/tmpl_1eef21f86ce849f5997d98a224c31db0/export", "client_ip": "testclient"}}
{"timestamp": "2026-07-08T16:57:10.125684Z", "level": "INFO", "logger": "cloud_dog_api_kit.request_logging", "message": "Request completed", "correlation_id": "3bccbd1704a14be38ca68355430d8428", "service": "index-retriever-mcp-server", "service_instance": "index-retriever-local", "environment": "dev", "extra": {"request_id": "d52e255d34f649029b834fa23ee44610", "correlation_id": null, "user": null, "method": "GET", "path": "/api/v1/structure/templates/tmpl_1eef21f86ce849f5997d98a224c31db0/export", "status_code": 200, "duration_ms": 15.43, "client_ip": "testclient"}}
{"timestamp": "2026-07-08T16:57:10.134Z", "event_type": "http.read", "actor": {"type": "system", "id": "anonymous", "roles": [], "ip": "testclient", "user_agent": "testclient"}, "action": "read", "outcome": "success", "severity": "INFO", "correlation_id": "3bccbd1704a14be38ca68355430d8428", "trace_id": "3bccbd1704a14be38ca68355430d8428", "request_id": "3bccbd1704a14be38ca68355430d8428", "service": "index-retriever-mcp-server", "service_instance": "index-retriever-local", "component": "http", "source_host": "index-retriever-local", "source_process": "3733358", "source_application": "testclient", "process_id": "3733358", "environment": "dev", "source_address": "testclient:50000", "destination_address": "testserver:80", "target": {"type": "endpoint", "id": "/api/v1/structure/templates/tmpl_1eef21f86ce849f5997d98a224c31db0/export", "name": "GET /api/v1/structure/templates/tmpl_1eef21f86ce849f5997d98a224c31db0/export"}, "details": {"status_code": 200, "method": "GET", "client_ip": "testclient"}, "duration_ms": 31}
{"timestamp": "2026-07-08T16:57:10.143283Z", "level": "INFO", "logger": "httpx", "message": "HTTP Request: GET http://testserver/api/v1/structure/templates/tmpl_1eef21f86ce849f5997d98a224c31db0/export?format=markdown \"HTTP/1.1 200 OK\"", "correlation_id": "3bccbd1704a14be38ca68355430d8428", "service": "index-retriever-mcp-server", "service_instance": "index-retriever-local", "environment": "dev"}
{"timestamp": "2026-07-08T16:57:10.152074Z", "level": "INFO", "logger": "cloud_dog_api_kit.request_logging", "message": "Request started", "correlation_id": "3bccbd1704a14be38ca68355430d8428", "service": "index-retriever-mcp-server", "service_instance": "index-retriever-local", "environment": "dev", "extra": {"request_id": "dac9c503b6d548d587a338093d280f63", "correlation_id": null, "user": null, "method": "GET", "path": "/api/v1/structure/templates/tmpl_1eef21f86ce849f5997d98a224c31db0/export", "client_ip": "testclient"}}
{"timestamp": "2026-07-08T16:57:10.173198Z", "level": "INFO", "logger": "cloud_dog_api_kit.request_logging", "message": "Request completed", "correlation_id": "3bccbd1704a14be38ca68355430d8428", "service": "index-retriever-mcp-server", "service_instance": "index-retriever-local", "environment": "dev", "extra": {"request_id": "dac9c503b6d548d587a338093d280f63", "correlation_id": null, "user": null, "method": "GET", "path": "/api/v1/structure/templates/tmpl_1eef21f86ce849f5997d98a224c31db0/export", "status_code": 200, "duration_ms": 14.68, "client_ip": "testclient"}}
{"timestamp": "2026-07-08T16:57:10.183Z", "event_type": "http.read", "actor": {"type": "system", "id": "anonymous", "roles": [], "ip": "testclient", "user_agent": "testclient"}, "action": "read", "outcome": "success", "severity": "INFO", "correlation_id": "3bccbd1704a14be38ca68355430d8428", "trace_id": "3bccbd1704a14be38ca68355430d8428", "request_id": "3bccbd1704a14be38ca68355430d8428", "service": "index-retriever-mcp-server", "service_instance": "index-retriever-local", "component": "http", "source_host": "index-retriever-local", "source_process": "3733358", "source_application": "testclient", "process_id": "3733358", "environment": "dev", "source_address": "testclient:50000", "destination_address": "testserver:80", "target": {"type": "endpoint", "id": "/api/v1/structure/templates/tmpl_1eef21f86ce849f5997d98a224c31db0/export", "name": "GET /api/v1/structure/templates/tmpl_1eef21f86ce849f5997d98a224c31db0/export"}, "details": {"status_code": 200, "method": "GET", "client_ip": "testclient"}, "duration_ms": 31}
{"timestamp": "2026-07-08T16:57:10.190990Z", "level": "INFO", "logger": "httpx", "message": "HTTP Request: GET http://testserver/api/v1/structure/templates/tmpl_1eef21f86ce849f5997d98a224c31db0/export?format=json \"HTTP/1.1 200 OK\"", "correlation_id": "3bccbd1704a14be38ca68355430d8428", "service": "index-retriever-mcp-server", "service_instance": "index-retriever-local", "environment": "dev"}
{"timestamp": "2026-07-08T16:57:10.200544Z", "level": "INFO", "logger": "cloud_dog_api_kit.request_logging", "message": "Request started", "correlation_id": "3bccbd1704a14be38ca68355430d8428", "service": "index-retriever-mcp-server", "service_instance": "index-retriever-local", "environment": "dev", "extra": {"request_id": "f88080c6a921489683c6ce772111eafc", "correlation_id": null, "user": null, "method": "DELETE", "path": "/api/v1/structure/templates/tmpl_1eef21f86ce849f5997d98a224c31db0", "client_ip": "testclient"}}
{"timestamp": "2026-07-08T16:57:10.226371Z", "level": "INFO", "logger": "cloud_dog_api_kit.request_logging", "message": "Request completed", "correlation_id": "3bccbd1704a14be38ca68355430d8428", "service": "index-retriever-mcp-server", "service_instance": "index-retriever-local", "environment": "dev", "extra": {"request_id": "f88080c6a921489683c6ce772111eafc", "correlation_id": null, "user": null, "method": "DELETE", "path": "/api/v1/structure/templates/tmpl_1eef21f86ce849f5997d98a224c31db0", "status_code": 403, "duration_ms": 19.46, "client_ip": "testclient"}}
{"timestamp": "2026-07-08T16:57:10.234Z", "event_type": "http.delete", "actor": {"type": "system", "id": "anonymous", "roles": [], "ip": "testclient", "user_agent": "testclient"}, "action": "delete", "outcome": "denied", "severity": "ERROR", "correlation_id": "3bccbd1704a14be38ca68355430d8428", "trace_id": "3bccbd1704a14be38ca68355430d8428", "request_id": "3bccbd1704a14be38ca68355430d8428", "service": "index-retriever-mcp-server", "service_instance": "index-retriever-local", "component": "http", "source_host": "index-retriever-local", "source_process": "3733358", "source_application": "testclient", "process_id": "3733358", "environment": "dev", "source_address": "testclient:50000", "destination_address": "testserver:80", "target": {"type": "endpoint", "id": "/api/v1/structure/templates/tmpl_1eef21f86ce849f5997d98a224c31db0", "name": "DELETE /api/v1/structure/templates/tmpl_1eef21f86ce849f5997d98a224c31db0"}, "details": {"status_code": 403, "method": "DELETE", "client_ip": "testclient"}, "duration_ms": 34}
{"timestamp": "2026-07-08T16:57:10.241901Z", "level": "INFO", "logger": "httpx", "message": "HTTP Request: DELETE http://testserver/api/v1/structure/templates/tmpl_1eef21f86ce849f5997d98a224c31db0 \"HTTP/1.1 403 Forbidden\"", "correlation_id": "3bccbd1704a14be38ca68355430d8428", "service": "index-retriever-mcp-server", "service_instance": "index-retriever-local", "environment": "dev"}
{"timestamp": "2026-07-08T16:57:10.251554Z", "level": "INFO", "logger": "cloud_dog_api_kit.request_logging", "message": "Request started", "correlation_id": "3bccbd1704a14be38ca68355430d8428", "service": "index-retriever-mcp-server", "service_instance": "index-retriever-local", "environment": "dev", "extra": {"request_id": "5307436a0b7c42e9987fb25b4465a2b1", "correlation_id": null, "user": null, "method": "DELETE", "path": "/api/v1/structure/templates/tmpl_1eef21f86ce849f5997d98a224c31db0", "client_ip": "testclient"}}
{"timestamp": "2026-07-08T16:57:10.297336Z", "level": "INFO", "logger": "cloud_dog_api_kit.request_logging", "message": "Request completed", "correlation_id": "3bccbd1704a14be38ca68355430d8428", "service": "index-retriever-mcp-server", "service_instance": "index-retriever-local", "environment": "dev", "extra": {"request_id": "5307436a0b7c42e9987fb25b4465a2b1", "correlation_id": null, "user": null, "method": "DELETE", "path": "/api/v1/structure/templates/tmpl_1eef21f86ce849f5997d98a224c31db0", "status_code": 200, "duration_ms": 39.23, "client_ip": "testclient"}}
{"timestamp": "2026-07-08T16:57:10.304Z", "event_type": "http.delete", "actor": {"type": "system", "id": "anonymous", "roles": [], "ip": "testclient", "user_agent": "testclient"}, "action": "delete", "outcome": "success", "severity": "INFO", "correlation_id": "3bccbd1704a14be38ca68355430d8428", "trace_id": "3bccbd1704a14be38ca68355430d8428", "request_id": "3bccbd1704a14be38ca68355430d8428", "service": "index-retriever-mcp-server", "service_instance": "index-retriever-local", "component": "http", "source_host": "index-retriever-local", "source_process": "3733358", "source_application": "testclient", "process_id": "3733358", "environment": "dev", "source_address": "testclient:50000", "destination_address": "testserver:80", "target": {"type": "endpoint", "id": "/api/v1/structure/templates/tmpl_1eef21f86ce849f5997d98a224c31db0", "name": "DELETE /api/v1/structure/templates/tmpl_1eef21f86ce849f5997d98a224c31db0"}, "details": {"status_code": 200, "method": "DELETE", "client_ip": "testclient"}, "duration_ms": 53}
{"timestamp": "2026-07-08T16:57:10.312566Z", "level": "INFO", "logger": "httpx", "message": "HTTP Request: DELETE http://testserver/api/v1/structure/templates/tmpl_1eef21f86ce849f5997d98a224c31db0 \"HTTP/1.1 200 OK\"", "correlation_id": "3bccbd1704a14be38ca68355430d8428", "service": "index-retriever-mcp-server", "service_instance": "index-retriever-local", "environment": "dev"}
{"timestamp": "2026-07-08T16:57:10.323744Z", "level": "INFO", "logger": "cloud_dog_api_kit.request_logging", "message": "Request started", "correlation_id": "3bccbd1704a14be38ca68355430d8428", "service": "index-retriever-mcp-server", "service_instance": "index-retriever-local", "environment": "dev", "extra": {"request_id": "d7201800e04d4d26886e90555d90062e", "correlation_id": null, "user": null, "method": "GET", "path": "/api/v1/structure/templates/tmpl_1eef21f86ce849f5997d98a224c31db0", "client_ip": "testclient"}}
{"timestamp": "2026-07-08T16:57:10.345788Z", "level": "INFO", "logger": "cloud_dog_api_kit.request_logging", "message": "Request completed", "correlation_id": "3bccbd1704a14be38ca68355430d8428", "service": "index-retriever-mcp-server", "service_instance": "index-retriever-local", "environment": "dev", "extra": {"request_id": "d7201800e04d4d26886e90555d90062e", "correlation_id": null, "user": null, "method": "GET", "path": "/api/v1/structure/templates/tmpl_1eef21f86ce849f5997d98a224c31db0", "status_code": 404, "duration_ms": 14.34, "client_ip": "testclient"}}
{"timestamp": "2026-07-08T16:57:10.353Z", "event_type": "http.read", "actor": {"type": "system", "id": "anonymous", "roles": [], "ip": "testclient", "user_agent": "testclient"}, "action": "read", "outcome": "failure", "severity": "ERROR", "correlation_id": "3bccbd1704a14be38ca68355430d8428", "trace_id": "3bccbd1704a14be38ca68355430d8428", "request_id": "3bccbd1704a14be38ca68355430d8428", "service": "index-retriever-mcp-server", "service_instance": "index-retriever-local", "component": "http", "source_host": "index-retriever-local", "source_process": "3733358", "source_application": "testclient", "process_id": "3733358", "environment": "dev", "source_address": "testclient:50000", "destination_address": "testserver:80", "target": {"type": "endpoint", "id": "/api/v1/structure/templates/tmpl_1eef21f86ce849f5997d98a224c31db0", "name": "GET /api/v1/structure/templates/tmpl_1eef21f86ce849f5997d98a224c31db0"}, "details": {"status_code": 404, "method": "GET", "client_ip": "testclient"}, "duration_ms": 30}
{"timestamp": "2026-07-08T16:57:10.361915Z", "level": "INFO", "logger": "httpx", "message": "HTTP Request: GET http://testserver/api/v1/structure/templates/tmpl_1eef21f86ce849f5997d98a224c31db0 \"HTTP/1.1 404 Not Found\"", "correlation_id": "3bccbd1704a14be38ca68355430d8428", "service": "index-retriever-mcp-server", "service_instance": "index-retriever-local", "environment": "dev"}
{"timestamp": "2026-07-08T16:57:10.372206Z", "level": "INFO", "logger": "cloud_dog_api_kit.request_logging", "message": "Request started", "correlation_id": "3bccbd1704a14be38ca68355430d8428", "service": "index-retriever-mcp-server", "service_instance": "index-retriever-local", "environment": "dev", "extra": {"request_id": "501298e9c03b4207a2ce8816085e6248", "correlation_id": null, "user": null, "method": "DELETE", "path": "/api/v1/structure/corpora/corp_5ec25dc4fbfd446788c387878716cd83", "client_ip": "testclient"}}
{"timestamp": "2026-07-08T16:57:10.416697Z", "level": "INFO", "logger": "cloud_dog_api_kit.request_logging", "message": "Request completed", "correlation_id": "3bccbd1704a14be38ca68355430d8428", "service": "index-retriever-mcp-server", "service_instance": "index-retriever-local", "environment": "dev", "extra": {"request_id": "501298e9c03b4207a2ce8816085e6248", "correlation_id": null, "user": null, "method": "DELETE", "path": "/api/v1/structure/corpora/corp_5ec25dc4fbfd446788c387878716cd83", "status_code": 200, "duration_ms": 35.82, "client_ip": "testclient"}}
{"timestamp": "2026-07-08T16:57:10.426Z", "event_type": "http.delete", "actor": {"type": "system", "id": "anonymous", "roles": [], "ip": "testclient", "user_agent": "testclient"}, "action": "delete", "outcome": "success", "severity": "INFO", "correlation_id": "3bccbd1704a14be38ca68355430d8428", "trace_id": "3bccbd1704a14be38ca68355430d8428", "request_id": "3bccbd1704a14be38ca68355430d8428", "service": "index-retriever-mcp-server", "service_instance": "index-retriever-local", "component": "http", "source_host": "index-retriever-local", "source_process": "3733358", "source_application": "testclient", "process_id": "3733358", "environment": "dev", "source_address": "testclient:50000", "destination_address": "testserver:80", "target": {"type": "endpoint", "id": "/api/v1/structure/corpora/corp_5ec25dc4fbfd446788c387878716cd83", "name": "DELETE /api/v1/structure/corpora/corp_5ec25dc4fbfd446788c387878716cd83"}, "details": {"status_code": 200, "method": "DELETE", "client_ip": "testclient"}, "duration_ms": 55}
{"timestamp": "2026-07-08T16:57:10.436478Z", "level": "INFO", "logger": "httpx", "message": "HTTP Request: DELETE http://testserver/api/v1/structure/corpora/corp_5ec25dc4fbfd446788c387878716cd83 \"HTTP/1.1 200 OK\"", "correlation_id": "3bccbd1704a14be38ca68355430d8428", "service": "index-retriever-mcp-server", "service_instance": "index-retriever-local", "environment": "dev"}
------------------------------ Captured log call -------------------------------
INFO     cloud_dog_logging.integrity:integrity.py:185 audit_integrity_check
____________________ test_phase25_rbac_reader_cannot_write _____________________
----------------------------- Captured stdout call -----------------------------
{"timestamp": "2026-07-08T16:57:10.866079Z", "level": "INFO", "logger": "cloud_dog_logging.integrity", "message": "audit_integrity_check", "correlation_id": "3bccbd1704a14be38ca68355430d8428", "service": "index-retriever-mcp-server", "service_instance": "index-retriever-local", "environment": "dev", "extra": {"integrity_record": {"timestamp": "2026-07-08T16:57:10.865Z", "record_type": "audit_integrity_check", "service": "index-retriever-mcp-server", "service_instance": "index-retriever-local", "audit_log_path": "logs/audit.log.jsonl", "hash_algorithm": "sha256", "hash_value": "a6d118e3e32949fb39478b53a11e20bc7a307a663b5774cee960482348389ab8", "file_size_bytes": 638531, "line_count": 722, "last_event_timestamp": "2026-07-08T16:57:10.426Z", "verification_status": "valid", "trigger": "shutdown"}}}
{"timestamp": "2026-07-08T16:57:10.910266Z", "level": "INFO", "logger": "cloud_dog_logging.integrity", "message": "audit_integrity_check", "correlation_id": "3bccbd1704a14be38ca68355430d8428", "service": "index-retriever-mcp-server", "service_instance": "index-retriever-local", "environment": "dev", "extra": {"integrity_record": {"timestamp": "2026-07-08T16:57:10.910Z", "record_type": "audit_integrity_check", "service": "index-retriever-mcp-server", "service_instance": "index-retriever-local", "audit_log_path": "logs/audit.log.jsonl", "hash_algorithm": "sha256", "hash_value": "a6d118e3e32949fb39478b53a11e20bc7a307a663b5774cee960482348389ab8", "file_size_bytes": 638531, "line_count": 722, "last_event_timestamp": "2026-07-08T16:57:10.426Z", "verification_status": "valid", "trigger": "startup"}}}
{"timestamp": "2026-07-08T16:57:11.601057Z", "level": "INFO", "logger": "cloud_dog_api_kit.request_logging", "message": "Request started", "correlation_id": "3bccbd1704a14be38ca68355430d8428", "service": "index-retriever-mcp-server", "service_instance": "index-retriever-local", "environment": "dev", "extra": {"request_id": "b521df13d3b54841bd6f3b846d52637f", "correlation_id": null, "user": null, "method": "POST", "path": "/api/v1/structure/extract", "client_ip": "testclient"}}
{"timestamp": "2026-07-08T16:57:11.628072Z", "level": "INFO", "logger": "cloud_dog_api_kit.request_logging", "message": "Request completed", "correlation_id": "3bccbd1704a14be38ca68355430d8428", "service": "index-retriever-mcp-server", "service_instance": "index-retriever-local", "environment": "dev", "extra": {"request_id": "b521df13d3b54841bd6f3b846d52637f", "correlation_id": null, "user": null, "method": "POST", "path": "/api/v1/structure/extract", "status_code": 403, "duration_ms": 19.31, "client_ip": "testclient"}}
{"timestamp": "2026-07-08T16:57:11.636Z", "event_type": "http.create", "actor": {"type": "system", "id": "anonymous", "roles": [], "ip": "testclient", "user_agent": "testclient"}, "action": "create", "outcome": "denied", "severity": "ERROR", "correlation_id": "3bccbd1704a14be38ca68355430d8428", "trace_id": "3bccbd1704a14be38ca68355430d8428", "request_id": "3bccbd1704a14be38ca68355430d8428", "service": "index-retriever-mcp-server", "service_instance": "index-retriever-local", "component": "http", "source_host": "index-retriever-local", "source_process": "3733358", "source_application": "testclient", "process_id": "3733358", "environment": "dev", "source_address": "testclient:50000", "destination_address": "testserver:80", "target": {"type": "endpoint", "id": "/api/v1/structure/extract", "name": "POST /api/v1/structure/extract"}, "details": {"status_code": 403, "method": "POST", "client_ip": "testclient"}, "duration_ms": 36}
{"timestamp": "2026-07-08T16:57:11.647955Z", "level": "INFO", "logger": "httpx", "message": "HTTP Request: POST http://testserver/api/v1/structure/extract \"HTTP/1.1 403 Forbidden\"", "correlation_id": "3bccbd1704a14be38ca68355430d8428", "service": "index-retriever-mcp-server", "service_instance": "index-retriever-local", "environment": "dev"}
{"timestamp": "2026-07-08T16:57:11.658103Z", "level": "INFO", "logger": "cloud_dog_api_kit.request_logging", "message": "Request started", "correlation_id": "3bccbd1704a14be38ca68355430d8428", "service": "index-retriever-mcp-server", "service_instance": "index-retriever-local", "environment": "dev", "extra": {"request_id": "3b870b8e32914d5ab7c014190da4e523", "correlation_id": null, "user": null, "method": "POST", "path": "/api/v1/structure/corpora", "client_ip": "testclient"}}
{"timestamp": "2026-07-08T16:57:11.848494Z", "level": "INFO", "logger": "cloud_dog_api_kit.request_logging", "message": "Request completed", "correlation_id": "3bccbd1704a14be38ca68355430d8428", "service": "index-retriever-mcp-server", "service_instance": "index-retriever-local", "environment": "dev", "extra": {"request_id": "3b870b8e32914d5ab7c014190da4e523", "correlation_id": null, "user": null, "method": "POST", "path": "/api/v1/structure/corpora", "status_code": 403, "duration_ms": 183.18, "client_ip": "testclient"}}
{"timestamp": "2026-07-08T16:57:11.859Z", "event_type": "http.create", "actor": {"type": "system", "id": "anonymous", "roles": [], "ip": "testclient", "user_agent": "testclient"}, "action": "create", "outcome": "denied", "severity": "ERROR", "correlation_id": "3bccbd1704a14be38ca68355430d8428", "trace_id": "3bccbd1704a14be38ca68355430d8428", "request_id": "3bccbd1704a14be38ca68355430d8428", "service": "index-retriever-mcp-server", "service_instance": "index-retriever-local", "component": "http", "source_host": "index-retriever-local", "source_process": "3733358", "source_application": "testclient", "process_id": "3733358", "environment": "dev", "source_address": "testclient:50000", "destination_address": "testserver:80", "target": {"type": "endpoint", "id": "/api/v1/structure/corpora", "name": "POST /api/v1/structure/corpora"}, "details": {"status_code": 403, "method": "POST", "client_ip": "testclient"}, "duration_ms": 202}
{"timestamp": "2026-07-08T16:57:11.869997Z", "level": "INFO", "logger": "httpx", "message": "HTTP Request: POST http://testserver/api/v1/structure/corpora \"HTTP/1.1 403 Forbidden\"", "correlation_id": "3bccbd1704a14be38ca68355430d8428", "service": "index-retriever-mcp-server", "service_instance": "index-retriever-local", "environment": "dev"}
{"timestamp": "2026-07-08T16:57:11.879054Z", "level": "INFO", "logger": "cloud_dog_api_kit.request_logging", "message": "Request started", "correlation_id": "3bccbd1704a14be38ca68355430d8428", "service": "index-retriever-mcp-server", "service_instance": "index-retriever-local", "environment": "dev", "extra": {"request_id": "b07ef1e0a81f4566806aa8fd137f787b", "correlation_id": null, "user": null, "method": "GET", "path": "/api/v1/structure/corpora", "client_ip": "testclient"}}
{"timestamp": "2026-07-08T16:57:11.908653Z", "level": "INFO", "logger": "cloud_dog_api_kit.request_logging", "message": "Request completed", "correlation_id": "3bccbd1704a14be38ca68355430d8428", "service": "index-retriever-mcp-server", "service_instance": "index-retriever-local", "environment": "dev", "extra": {"request_id": "b07ef1e0a81f4566806aa8fd137f787b", "correlation_id": null, "user": null, "method": "GET", "path": "/api/v1/structure/corpora", "status_code": 200, "duration_ms": 22.53, "client_ip": "testclient"}}
{"timestamp": "2026-07-08T16:57:11.918Z", "event_type": "http.read", "actor": {"type": "system", "id": "anonymous", "roles": [], "ip": "testclient", "user_agent": "testclient"}, "action": "read", "outcome": "success", "severity": "INFO", "correlation_id": "3bccbd1704a14be38ca68355430d8428", "trace_id": "3bccbd1704a14be38ca68355430d8428", "request_id": "3bccbd1704a14be38ca68355430d8428", "service": "index-retriever-mcp-server", "service_instance": "index-retriever-local", "component": "http", "source_host": "index-retriever-local", "source_process": "3733358", "source_application": "testclient", "process_id": "3733358", "environment": "dev", "source_address": "testclient:50000", "destination_address": "testserver:80", "target": {"type": "endpoint", "id": "/api/v1/structure/corpora", "name": "GET /api/v1/structure/corpora"}, "details": {"status_code": 200, "method": "GET", "client_ip": "testclient"}, "duration_ms": 39}
{"timestamp": "2026-07-08T16:57:11.928327Z", "level": "INFO", "logger": "httpx", "message": "HTTP Request: GET http://testserver/api/v1/structure/corpora \"HTTP/1.1 200 OK\"", "correlation_id": "3bccbd1704a14be38ca68355430d8428", "service": "index-retriever-mcp-server", "service_instance": "index-retriever-local", "environment": "dev"}
------------------------------ Captured log call -------------------------------
INFO     cloud_dog_logging.integrity:integrity.py:185 audit_integrity_check
________________ test_phase25_openapi_includes_structure_routes ________________
----------------------------- Captured stdout call -----------------------------
{"timestamp": "2026-07-08T16:57:12.359527Z", "level": "INFO", "logger": "cloud_dog_logging.integrity", "message": "audit_integrity_check", "correlation_id": "3bccbd1704a14be38ca68355430d8428", "service": "index-retriever-mcp-server", "service_instance": "index-retriever-local", "environment": "dev", "extra": {"integrity_record": {"timestamp": "2026-07-08T16:57:12.359Z", "record_type": "audit_integrity_check", "service": "index-retriever-mcp-server", "service_instance": "index-retriever-local", "audit_log_path": "logs/audit.log.jsonl", "hash_algorithm": "sha256", "hash_value": "855ac7a49931f16469151ac27877e119b06aebfb1b065d835082ad20084a9bfa", "file_size_bytes": 641337, "line_count": 725, "last_event_timestamp": "2026-07-08T16:57:11.918Z", "verification_status": "valid", "trigger": "shutdown"}}}
{"timestamp": "2026-07-08T16:57:12.403519Z", "level": "INFO", "logger": "cloud_dog_logging.integrity", "message": "audit_integrity_check", "correlation_id": "3bccbd1704a14be38ca68355430d8428", "service": "index-retriever-mcp-server", "service_instance": "index-retriever-local", "environment": "dev", "extra": {"integrity_record": {"timestamp": "2026-07-08T16:57:12.403Z", "record_type": "audit_integrity_check", "service": "index-retriever-mcp-server", "service_instance": "index-retriever-local", "audit_log_path": "logs/audit.log.jsonl", "hash_algorithm": "sha256", "hash_value": "855ac7a49931f16469151ac27877e119b06aebfb1b065d835082ad20084a9bfa", "file_size_bytes": 641337, "line_count": 725, "last_event_timestamp": "2026-07-08T16:57:11.918Z", "verification_status": "valid", "trigger": "startup"}}}
{"timestamp": "2026-07-08T16:57:13.023958Z", "level": "INFO", "logger": "cloud_dog_api_kit.request_logging", "message": "Request started", "correlation_id": "3bccbd1704a14be38ca68355430d8428", "service": "index-retriever-mcp-server", "service_instance": "index-retriever-local", "environment": "dev", "extra": {"request_id": "a4f8ace5cba04645a609e5d8ccffe445", "correlation_id": null, "user": null, "method": "GET", "path": "/openapi.json", "client_ip": "testclient"}}
{"timestamp": "2026-07-08T16:57:13.184076Z", "level": "INFO", "logger": "cloud_dog_api_kit.request_logging", "message": "Request completed", "correlation_id": "3bccbd1704a14be38ca68355430d8428", "service": "index-retriever-mcp-server", "service_instance": "index-retriever-local", "environment": "dev", "extra": {"request_id": "a4f8ace5cba04645a609e5d8ccffe445", "correlation_id": null, "user": null, "method": "GET", "path": "/openapi.json", "status_code": 200, "duration_ms": 148.48, "client_ip": "testclient"}}
{"timestamp": "2026-07-08T16:57:13.192Z", "event_type": "http.read", "actor": {"type": "system", "id": "anonymous", "roles": [], "ip": "testclient", "user_agent": "testclient"}, "action": "read", "outcome": "success", "severity": "INFO", "correlation_id": "3bccbd1704a14be38ca68355430d8428", "trace_id": "3bccbd1704a14be38ca68355430d8428", "request_id": "3bccbd1704a14be38ca68355430d8428", "service": "index-retriever-mcp-server", "service_instance": "index-retriever-local", "component": "http", "source_host": "index-retriever-local", "source_process": "3733358", "source_application": "testclient", "process_id": "3733358", "environment": "dev", "source_address": "testclient:50000", "destination_address": "testserver:80", "target": {"type": "endpoint", "id": "/openapi.json", "name": "GET /openapi.json"}, "details": {"status_code": 200, "method": "GET", "client_ip": "testclient"}, "duration_ms": 168}
{"timestamp": "2026-07-08T16:57:13.201399Z", "level": "INFO", "logger": "httpx", "message": "HTTP Request: GET http://testserver/openapi.json \"HTTP/1.1 200 OK\"", "correlation_id": "3bccbd1704a14be38ca68355430d8428", "service": "index-retriever-mcp-server", "service_instance": "index-retriever-local", "environment": "dev"}
------------------------------ Captured log call -------------------------------
INFO     cloud_dog_logging.integrity:integrity.py:185 audit_integrity_check
___________________________ test_phase25_vdb_linkage ___________________________
----------------------------- Captured stdout call -----------------------------
{"timestamp": "2026-07-08T16:57:13.630017Z", "level": "INFO", "logger": "cloud_dog_logging.integrity", "message": "audit_integrity_check", "correlation_id": "3bccbd1704a14be38ca68355430d8428", "service": "index-retriever-mcp-server", "service_instance": "index-retriever-local", "environment": "dev", "extra": {"integrity_record": {"timestamp": "2026-07-08T16:57:13.629Z", "record_type": "audit_integrity_check", "service": "index-retriever-mcp-server", "service_instance": "index-retriever-local", "audit_log_path": "logs/audit.log.jsonl", "hash_algorithm": "sha256", "hash_value": "4d951ec13fa0b44f91bc81f9fef5aa83b8f218b0b9cdf422842e85d02718932b", "file_size_bytes": 642245, "line_count": 726, "last_event_timestamp": "2026-07-08T16:57:13.192Z", "verification_status": "valid", "trigger": "shutdown"}}}
{"timestamp": "2026-07-08T16:57:13.679053Z", "level": "INFO", "logger": "cloud_dog_logging.integrity", "message": "audit_integrity_check", "correlation_id": "3bccbd1704a14be38ca68355430d8428", "service": "index-retriever-mcp-server", "service_instance": "index-retriever-local", "environment": "dev", "extra": {"integrity_record": {"timestamp": "2026-07-08T16:57:13.678Z", "record_type": "audit_integrity_check", "service": "index-retriever-mcp-server", "service_instance": "index-retriever-local", "audit_log_path": "logs/audit.log.jsonl", "hash_algorithm": "sha256", "hash_value": "4d951ec13fa0b44f91bc81f9fef5aa83b8f218b0b9cdf422842e85d02718932b", "file_size_bytes": 642245, "line_count": 726, "last_event_timestamp": "2026-07-08T16:57:13.192Z", "verification_status": "valid", "trigger": "startup"}}}
{"timestamp": "2026-07-08T16:57:14.270785Z", "level": "INFO", "logger": "cloud_dog_api_kit.request_logging", "message": "Request started", "correlation_id": "3bccbd1704a14be38ca68355430d8428", "service": "index-retriever-mcp-server", "service_instance": "index-retriever-local", "environment": "dev", "extra": {"request_id": "aa21372e245346ffbff954508a905143", "correlation_id": null, "user": null, "method": "POST", "path": "/api/v1/tools/structure_extract", "client_ip": "testclient"}}
{"timestamp": "2026-07-08T16:57:14.289Z", "event_type": "mcp_tool.mcp.tool.structure_extract", "actor": {"type": "service", "id": "configured:ac6fc16fd23f", "roles": [], "ip": "unknown"}, "action": "mcp.tool.structure_extract", "outcome": "success", "severity": "INFO", "correlation_id": "3bccbd1704a14be38ca68355430d8428", "trace_id": "3bccbd1704a14be38ca68355430d8428", "request_id": "3bccbd1704a14be38ca68355430d8428", "service": "unknown", "service_instance": "server0.viewdeck.com", "component": "unknown", "source_host": "server0.viewdeck.com", "source_process": "3733358", "source_application": "unknown", "process_id": "3733358", "environment": "dev", "target": {"type": "mcp_tool", "id": "structure_extract"}, "details": {"details": {"phase": "invoke", "profile": "default", "collection": "it_p25"}}}
{"timestamp": "2026-07-08T16:57:14.334595Z", "level": "INFO", "logger": "cloud_dog_api_kit.request_logging", "message": "Request completed", "correlation_id": "3bccbd1704a14be38ca68355430d8428", "service": "index-retriever-mcp-server", "service_instance": "index-retriever-local", "environment": "dev", "extra": {"request_id": "aa21372e245346ffbff954508a905143", "correlation_id": null, "user": null, "method": "POST", "path": "/api/v1/tools/structure_extract", "status_code": 200, "duration_ms": 56.81, "client_ip": "testclient"}}
{"timestamp": "2026-07-08T16:57:14.341Z", "event_type": "http.create", "actor": {"type": "system", "id": "anonymous", "roles": [], "ip": "testclient", "user_agent": "testclient"}, "action": "create", "outcome": "success", "severity": "INFO", "correlation_id": "3bccbd1704a14be38ca68355430d8428", "trace_id": "3bccbd1704a14be38ca68355430d8428", "request_id": "3bccbd1704a14be38ca68355430d8428", "service": "index-retriever-mcp-server", "service_instance": "index-retriever-local", "component": "http", "source_host": "index-retriever-local", "source_process": "3733358", "source_application": "testclient", "process_id": "3733358", "environment": "dev", "source_address": "testclient:50000", "destination_address": "testserver:80", "target": {"type": "endpoint", "id": "/api/v1/tools/structure_extract", "name": "POST /api/v1/tools/structure_extract"}, "details": {"status_code": 200, "method": "POST", "client_ip": "testclient"}, "duration_ms": 71}
{"timestamp": "2026-07-08T16:57:14.349836Z", "level": "INFO", "logger": "httpx", "message": "HTTP Request: POST http://testserver/api/v1/tools/structure_extract \"HTTP/1.1 200 OK\"", "correlation_id": "3bccbd1704a14be38ca68355430d8428", "service": "index-retriever-mcp-server", "service_instance": "index-retriever-local", "environment": "dev"}
{"timestamp": "2026-07-08T16:57:14.358251Z", "level": "INFO", "logger": "cloud_dog_api_kit.request_logging", "message": "Request started", "correlation_id": "3bccbd1704a14be38ca68355430d8428", "service": "index-retriever-mcp-server", "service_instance": "index-retriever-local", "environment": "dev", "extra": {"request_id": "a502a06a644849b5a742bf0c8b32b055", "correlation_id": null, "user": null, "method": "POST", "path": "/api/v1/tools/structure_link_to_vdb_records", "client_ip": "testclient"}}
{"timestamp": "2026-07-08T16:57:14.378Z", "event_type": "mcp_tool.mcp.tool.structure_link_to_vdb_records", "actor": {"type": "service", "id": "configured:ac6fc16fd23f", "roles": [], "ip": "unknown"}, "action": "mcp.tool.structure_link_to_vdb_records", "outcome": "success", "severity": "INFO", "correlation_id": "3bccbd1704a14be38ca68355430d8428", "trace_id": "3bccbd1704a14be38ca68355430d8428", "request_id": "3bccbd1704a14be38ca68355430d8428", "service": "unknown", "service_instance": "server0.viewdeck.com", "component": "unknown", "source_host": "server0.viewdeck.com", "source_process": "3733358", "source_application": "unknown", "process_id": "3733358", "environment": "dev", "target": {"type": "mcp_tool", "id": "structure_link_to_vdb_records"}, "details": {"details": {"phase": "invoke", "profile": null, "collection": null}}}
{"timestamp": "2026-07-08T16:57:14.443957Z", "level": "INFO", "logger": "cloud_dog_api_kit.request_logging", "message": "Request completed", "correlation_id": "3bccbd1704a14be38ca68355430d8428", "service": "index-retriever-mcp-server", "service_instance": "index-retriever-local", "environment": "dev", "extra": {"request_id": "a502a06a644849b5a742bf0c8b32b055", "correlation_id": null, "user": null, "method": "POST", "path": "/api/v1/tools/structure_link_to_vdb_records", "status_code": 200, "duration_ms": 76.75, "client_ip": "testclient"}}
{"timestamp": "2026-07-08T16:57:14.452Z", "event_type": "http.create", "actor": {"type": "system", "id": "anonymous", "roles": [], "ip": "testclient", "user_agent": "testclient"}, "action": "create", "outcome": "success", "severity": "INFO", "correlation_id": "3bccbd1704a14be38ca68355430d8428", "trace_id": "3bccbd1704a14be38ca68355430d8428", "request_id": "3bccbd1704a14be38ca68355430d8428", "service": "index-retriever-mcp-server", "service_instance": "index-retriever-local", "component": "http", "source_host": "index-retriever-local", "source_process": "3733358", "source_application": "testclient", "process_id": "3733358", "environment": "dev", "source_address": "testclient:50000", "destination_address": "testserver:80", "target": {"type": "endpoint", "id": "/api/v1/tools/structure_link_to_vdb_records", "name": "POST /api/v1/tools/structure_link_to_vdb_records"}, "details": {"status_code": 200, "method": "POST", "client_ip": "testclient"}, "duration_ms": 94}
{"timestamp": "2026-07-08T16:57:14.461735Z", "level": "INFO", "logger": "httpx", "message": "HTTP Request: POST http://testserver/api/v1/tools/structure_link_to_vdb_records \"HTTP/1.1 200 OK\"", "correlation_id": "3bccbd1704a14be38ca68355430d8428", "service": "index-retriever-mcp-server", "service_instance": "index-retriever-local", "environment": "dev"}
{"timestamp": "2026-07-08T16:57:14.470937Z", "level": "INFO", "logger": "cloud_dog_api_kit.request_logging", "message": "Request started", "correlation_id": "3bccbd1704a14be38ca68355430d8428", "service": "index-retriever-mcp-server", "service_instance": "index-retriever-local", "environment": "dev", "extra": {"request_id": "3eb764015e4d4839910c1fe494cf4cbf", "correlation_id": null, "user": null, "method": "POST", "path": "/api/v1/structure/documents/sd_ba782b8ea45b1c11ca3b4255867dc0ed1031134d7a108c81f58d945798ad6018/vdb-links", "client_ip": "testclient"}}
{"timestamp": "2026-07-08T16:57:14.555229Z", "level": "INFO", "logger": "cloud_dog_api_kit.request_logging", "message": "Request completed", "correlation_id": "3bccbd1704a14be38ca68355430d8428", "service": "index-retriever-mcp-server", "service_instance": "index-retriever-local", "environment": "dev", "extra": {"request_id": "3eb764015e4d4839910c1fe494cf4cbf", "correlation_id": null, "user": null, "method": "POST", "path": "/api/v1/structure/documents/sd_ba782b8ea45b1c11ca3b4255867dc0ed1031134d7a108c81f58d945798ad6018/vdb-links", "status_code": 200, "duration_ms": 77.44, "client_ip": "testclient"}}
{"timestamp": "2026-07-08T16:57:14.565Z", "event_type": "http.create", "actor": {"type": "system", "id": "anonymous", "roles": [], "ip": "testclient", "user_agent": "testclient"}, "action": "create", "outcome": "success", "severity": "INFO", "correlation_id": "3bccbd1704a14be38ca68355430d8428", "trace_id": "3bccbd1704a14be38ca68355430d8428", "request_id": "3bccbd1704a14be38ca68355430d8428", "service": "index-retriever-mcp-server", "service_instance": "index-retriever-local", "component": "http", "source_host": "index-retriever-local", "source_process": "3733358", "source_application": "testclient", "process_id": "3733358", "environment": "dev", "source_address": "testclient:50000", "destination_address": "testserver:80", "target": {"type": "endpoint", "id": "/api/v1/structure/documents/sd_ba782b8ea45b1c11ca3b4255867dc0ed1031134d7a108c81f58d945798ad6018/vdb-links", "name": "POST /api/v1/structure/documents/sd_ba782b8ea45b1c11ca3b4255867dc0ed1031134d7a108c81f58d945798ad6018/vdb-links"}, "details": {"status_code": 200, "method": "POST", "client_ip": "testclient"}, "duration_ms": 94}
{"timestamp": "2026-07-08T16:57:14.579548Z", "level": "INFO", "logger": "httpx", "message": "HTTP Request: POST http://testserver/api/v1/structure/documents/sd_ba782b8ea45b1c11ca3b4255867dc0ed1031134d7a108c81f58d945798ad6018/vdb-links \"HTTP/1.1 200 OK\"", "correlation_id": "3bccbd1704a14be38ca68355430d8428", "service": "index-retriever-mcp-server", "service_instance": "index-retriever-local", "environment": "dev"}
{"timestamp": "2026-07-08T16:57:14.591622Z", "level": "INFO", "logger": "cloud_dog_api_kit.request_logging", "message": "Request started", "correlation_id": "3bccbd1704a14be38ca68355430d8428", "service": "index-retriever-mcp-server", "service_instance": "index-retriever-local", "environment": "dev", "extra": {"request_id": "3a6a06cb98054049805cc92f06239cb6", "correlation_id": null, "user": null, "method": "GET", "path": "/api/v1/structure/documents/sd_ba782b8ea45b1c11ca3b4255867dc0ed1031134d7a108c81f58d945798ad6018", "client_ip": "testclient"}}
{"timestamp": "2026-07-08T16:57:14.652944Z", "level": "INFO", "logger": "cloud_dog_api_kit.request_logging", "message": "Request completed", "correlation_id": "3bccbd1704a14be38ca68355430d8428", "service": "index-retriever-mcp-server", "service_instance": "index-retriever-local", "environment": "dev", "extra": {"request_id": "3a6a06cb98054049805cc92f06239cb6", "correlation_id": null, "user": null, "method": "GET", "path": "/api/v1/structure/documents/sd_ba782b8ea45b1c11ca3b4255867dc0ed1031134d7a108c81f58d945798ad6018", "status_code": 200, "duration_ms": 53.06, "client_ip": "testclient"}}
{"timestamp": "2026-07-08T16:57:14.662Z", "event_type": "http.read", "actor": {"type": "system", "id": "anonymous", "roles": [], "ip": "testclient", "user_agent": "testclient"}, "action": "read", "outcome": "success", "severity": "INFO", "correlation_id": "3bccbd1704a14be38ca68355430d8428", "trace_id": "3bccbd1704a14be38ca68355430d8428", "request_id": "3bccbd1704a14be38ca68355430d8428", "service": "index-retriever-mcp-server", "service_instance": "index-retriever-local", "component": "http", "source_host": "index-retriever-local", "source_process": "3733358", "source_application": "testclient", "process_id": "3733358", "environment": "dev", "source_address": "testclient:50000", "destination_address": "testserver:80", "target": {"type": "endpoint", "id": "/api/v1/structure/documents/sd_ba782b8ea45b1c11ca3b4255867dc0ed1031134d7a108c81f58d945798ad6018", "name": "GET /api/v1/structure/documents/sd_ba782b8ea45b1c11ca3b4255867dc0ed1031134d7a108c81f58d945798ad6018"}, "details": {"status_code": 200, "method": "GET", "client_ip": "testclient"}, "duration_ms": 71}
{"timestamp": "2026-07-08T16:57:14.674820Z", "level": "INFO", "logger": "httpx", "message": "HTTP Request: GET http://testserver/api/v1/structure/documents/sd_ba782b8ea45b1c11ca3b4255867dc0ed1031134d7a108c81f58d945798ad6018 \"HTTP/1.1 200 OK\"", "correlation_id": "3bccbd1704a14be38ca68355430d8428", "service": "index-retriever-mcp-server", "service_instance": "index-retriever-local", "environment": "dev"}
------------------------------ Captured log call -------------------------------
INFO     cloud_dog_logging.integrity:integrity.py:185 audit_integrity_check
_____________ test_structure_webui_page_renders_workflow_controls ______________
----------------------------- Captured stdout call -----------------------------
{"timestamp": "2026-07-08T16:57:15.359746Z", "level": "INFO", "logger": "cloud_dog_logging.integrity", "message": "audit_integrity_check", "correlation_id": "3bccbd1704a14be38ca68355430d8428", "service": "index-retriever-mcp-server", "service_instance": "index-retriever-local", "environment": "dev", "extra": {"integrity_record": {"timestamp": "2026-07-08T16:57:15.359Z", "record_type": "audit_integrity_check", "service": "index-retriever-mcp-server", "service_instance": "index-retriever-local", "audit_log_path": "logs/audit.log.jsonl", "hash_algorithm": "sha256", "hash_value": "1815944dd7c6edf7210798a26cad8e7a21f4af9a10fe5de5429da1b4d7704169", "file_size_bytes": 647982, "line_count": 732, "last_event_timestamp": "2026-07-08T16:57:14.662Z", "verification_status": "valid", "trigger": "shutdown"}}}
{"timestamp": "2026-07-08T16:57:15.419397Z", "level": "INFO", "logger": "cloud_dog_logging.integrity", "message": "audit_integrity_check", "correlation_id": "3bccbd1704a14be38ca68355430d8428", "service": "index-retriever-mcp-server", "service_instance": "index-retriever-local", "environment": "dev", "extra": {"integrity_record": {"timestamp": "2026-07-08T16:57:15.419Z", "record_type": "audit_integrity_check", "service": "index-retriever-mcp-server", "service_instance": "index-retriever-local", "audit_log_path": "logs/audit.log.jsonl", "hash_algorithm": "sha256", "hash_value": "1815944dd7c6edf7210798a26cad8e7a21f4af9a10fe5de5429da1b4d7704169", "file_size_bytes": 647982, "line_count": 732, "last_event_timestamp": "2026-07-08T16:57:14.662Z", "verification_status": "valid", "trigger": "startup"}}}
{"timestamp": "2026-07-08T16:57:16.019056Z", "level": "INFO", "logger": "cloud_dog_api_kit.request_logging", "message": "Request started", "correlation_id": "3bccbd1704a14be38ca68355430d8428", "service": "index-retriever-mcp-server", "service_instance": "index-retriever-local", "environment": "dev", "extra": {"request_id": "1ac186a2bfab41bb887b8e5391e9924f", "correlation_id": null, "user": null, "method": "GET", "path": "/admin/ui/structure", "client_ip": "testclient"}}
{"timestamp": "2026-07-08T16:57:16.030018Z", "level": "INFO", "logger": "cloud_dog_api_kit.request_logging", "message": "Request completed", "correlation_id": "3bccbd1704a14be38ca68355430d8428", "service": "index-retriever-mcp-server", "service_instance": "index-retriever-local", "environment": "dev", "extra": {"request_id": "1ac186a2bfab41bb887b8e5391e9924f", "correlation_id": null, "user": null, "method": "GET", "path": "/admin/ui/structure", "status_code": 200, "duration_ms": 1.49, "client_ip": "testclient"}}
{"timestamp": "2026-07-08T16:57:16.042Z", "event_type": "http.read", "actor": {"type": "system", "id": "anonymous", "roles": [], "ip": "testclient", "user_agent": "testclient"}, "action": "read", "outcome": "success", "severity": "INFO", "correlation_id": "3bccbd1704a14be38ca68355430d8428", "trace_id": "3bccbd1704a14be38ca68355430d8428", "request_id": "3bccbd1704a14be38ca68355430d8428", "service": "index-retriever-mcp-server", "service_instance": "index-retriever-local", "component": "http", "source_host": "index-retriever-local", "source_process": "3733358", "source_application": "testclient", "process_id": "3733358", "environment": "dev", "source_address": "testclient:50000", "destination_address": "testserver:80", "target": {"type": "endpoint", "id": "/admin/ui/structure", "name": "GET /admin/ui/structure"}, "details": {"status_code": 200, "method": "GET", "client_ip": "testclient"}, "duration_ms": 23}
{"timestamp": "2026-07-08T16:57:16.054130Z", "level": "INFO", "logger": "httpx", "message": "HTTP Request: GET http://testserver/admin/ui/structure \"HTTP/1.1 200 OK\"", "correlation_id": "3bccbd1704a14be38ca68355430d8428", "service": "index-retriever-mcp-server", "service_instance": "index-retriever-local", "environment": "dev"}
------------------------------ Captured log call -------------------------------
INFO     cloud_dog_logging.integrity:integrity.py:185 audit_integrity_check
_________________ test_structure_webui_script_wires_workflows __________________
----------------------------- Captured stdout call -----------------------------
{"timestamp": "2026-07-08T16:57:16.509169Z", "level": "INFO", "logger": "cloud_dog_logging.integrity", "message": "audit_integrity_check", "correlation_id": "3bccbd1704a14be38ca68355430d8428", "service": "index-retriever-mcp-server", "service_instance": "index-retriever-local", "environment": "dev", "extra": {"integrity_record": {"timestamp": "2026-07-08T16:57:16.509Z", "record_type": "audit_integrity_check", "service": "index-retriever-mcp-server", "service_instance": "index-retriever-local", "audit_log_path": "logs/audit.log.jsonl", "hash_algorithm": "sha256", "hash_value": "8de6379f5cf936f6e0ea5707ae2606508bc140002692c0d46306a03d1542217f", "file_size_bytes": 648901, "line_count": 733, "last_event_timestamp": "2026-07-08T16:57:16.042Z", "verification_status": "valid", "trigger": "shutdown"}}}
{"timestamp": "2026-07-08T16:57:16.563303Z", "level": "INFO", "logger": "cloud_dog_logging.integrity", "message": "audit_integrity_check", "correlation_id": "3bccbd1704a14be38ca68355430d8428", "service": "index-retriever-mcp-server", "service_instance": "index-retriever-local", "environment": "dev", "extra": {"integrity_record": {"timestamp": "2026-07-08T16:57:16.563Z", "record_type": "audit_integrity_check", "service": "index-retriever-mcp-server", "service_instance": "index-retriever-local", "audit_log_path": "logs/audit.log.jsonl", "hash_algorithm": "sha256", "hash_value": "8de6379f5cf936f6e0ea5707ae2606508bc140002692c0d46306a03d1542217f", "file_size_bytes": 648901, "line_count": 733, "last_event_timestamp": "2026-07-08T16:57:16.042Z", "verification_status": "valid", "trigger": "startup"}}}
{"timestamp": "2026-07-08T16:57:17.202467Z", "level": "INFO", "logger": "cloud_dog_api_kit.request_logging", "message": "Request started", "correlation_id": "3bccbd1704a14be38ca68355430d8428", "service": "index-retriever-mcp-server", "service_instance": "index-retriever-local", "environment": "dev", "extra": {"request_id": "99ba3c66388744cbb43f2c28e0b4defc", "correlation_id": null, "user": null, "method": "GET", "path": "/admin/ui/app.js", "client_ip": "testclient"}}
{"timestamp": "2026-07-08T16:57:17.215247Z", "level": "INFO", "logger": "cloud_dog_api_kit.request_logging", "message": "Request completed", "correlation_id": "3bccbd1704a14be38ca68355430d8428", "service": "index-retriever-mcp-server", "service_instance": "index-retriever-local", "environment": "dev", "extra": {"request_id": "99ba3c66388744cbb43f2c28e0b4defc", "correlation_id": null, "user": null, "method": "GET", "path": "/admin/ui/app.js", "status_code": 200, "duration_ms": 1.65, "client_ip": "testclient"}}
{"timestamp": "2026-07-08T16:57:17.225Z", "event_type": "http.read", "actor": {"type": "system", "id": "anonymous", "roles": [], "ip": "testclient", "user_agent": "testclient"}, "action": "read", "outcome": "success", "severity": "INFO", "correlation_id": "3bccbd1704a14be38ca68355430d8428", "trace_id": "3bccbd1704a14be38ca68355430d8428", "request_id": "3bccbd1704a14be38ca68355430d8428", "service": "index-retriever-mcp-server", "service_instance": "index-retriever-local", "component": "http", "source_host": "index-retriever-local", "source_process": "3733358", "source_application": "testclient", "process_id": "3733358", "environment": "dev", "source_address": "testclient:50000", "destination_address": "testserver:80", "target": {"type": "endpoint", "id": "/admin/ui/app.js", "name": "GET /admin/ui/app.js"}, "details": {"status_code": 200, "method": "GET", "client_ip": "testclient"}, "duration_ms": 23}
{"timestamp": "2026-07-08T16:57:17.236721Z", "level": "INFO", "logger": "httpx", "message": "HTTP Request: GET http://testserver/admin/ui/app.js \"HTTP/1.1 200 OK\"", "correlation_id": "3bccbd1704a14be38ca68355430d8428", "service": "index-retriever-mcp-server", "service_instance": "index-retriever-local", "environment": "dev"}
------------------------------ Captured log call -------------------------------
INFO     cloud_dog_logging.integrity:integrity.py:185 audit_integrity_check
______________________ test_structure_rest_crud_lifecycle ______________________
----------------------------- Captured stdout call -----------------------------
{"timestamp": "2026-07-08T16:57:17.690019Z", "level": "INFO", "logger": "cloud_dog_logging.integrity", "message": "audit_integrity_check", "correlation_id": "3bccbd1704a14be38ca68355430d8428", "service": "index-retriever-mcp-server", "service_instance": "index-retriever-local", "environment": "dev", "extra": {"integrity_record": {"timestamp": "2026-07-08T16:57:17.689Z", "record_type": "audit_integrity_check", "service": "index-retriever-mcp-server", "service_instance": "index-retriever-local", "audit_log_path": "logs/audit.log.jsonl", "hash_algorithm": "sha256", "hash_value": "56e3cb2431385e8c09ed6aa5a82a9c1c7982655176fcaadc99e172b0f1d8fbae", "file_size_bytes": 649814, "line_count": 734, "last_event_timestamp": "2026-07-08T16:57:17.225Z", "verification_status": "valid", "trigger": "shutdown"}}}
{"timestamp": "2026-07-08T16:57:17.742517Z", "level": "INFO", "logger": "cloud_dog_logging.integrity", "message": "audit_integrity_check", "correlation_id": "3bccbd1704a14be38ca68355430d8428", "service": "index-retriever-mcp-server", "service_instance": "index-retriever-local", "environment": "dev", "extra": {"integrity_record": {"timestamp": "2026-07-08T16:57:17.742Z", "record_type": "audit_integrity_check", "service": "index-retriever-mcp-server", "service_instance": "index-retriever-local", "audit_log_path": "logs/audit.log.jsonl", "hash_algorithm": "sha256", "hash_value": "56e3cb2431385e8c09ed6aa5a82a9c1c7982655176fcaadc99e172b0f1d8fbae", "file_size_bytes": 649814, "line_count": 734, "last_event_timestamp": "2026-07-08T16:57:17.225Z", "verification_status": "valid", "trigger": "startup"}}}
{"timestamp": "2026-07-08T16:57:18.529041Z", "level": "INFO", "logger": "cloud_dog_api_kit.request_logging", "message": "Request started", "correlation_id": "3bccbd1704a14be38ca68355430d8428", "service": "index-retriever-mcp-server", "service_instance": "index-retriever-local", "environment": "dev", "extra": {"request_id": "5841a911612e4a689392ff2e34bd1754", "correlation_id": null, "user": null, "method": "GET", "path": "/api/v1/structure/health", "client_ip": "testclient"}}
{"timestamp": "2026-07-08T16:57:18.554537Z", "level": "INFO", "logger": "cloud_dog_api_kit.request_logging", "message": "Request completed", "correlation_id": "3bccbd1704a14be38ca68355430d8428", "service": "index-retriever-mcp-server", "service_instance": "index-retriever-local", "environment": "dev", "extra": {"request_id": "5841a911612e4a689392ff2e34bd1754", "correlation_id": null, "user": null, "method": "GET", "path": "/api/v1/structure/health", "status_code": 200, "duration_ms": 16.48, "client_ip": "testclient"}}
{"timestamp": "2026-07-08T16:57:18.564Z", "event_type": "http.read", "actor": {"type": "system", "id": "anonymous", "roles": [], "ip": "testclient", "user_agent": "testclient"}, "action": "read", "outcome": "success", "severity": "INFO", "correlation_id": "3bccbd1704a14be38ca68355430d8428", "trace_id": "3bccbd1704a14be38ca68355430d8428", "request_id": "3bccbd1704a14be38ca68355430d8428", "service": "index-retriever-mcp-server", "service_instance": "index-retriever-local", "component": "http", "source_host": "index-retriever-local", "source_process": "3733358", "source_application": "testclient", "process_id": "3733358", "environment": "dev", "source_address": "testclient:50000", "destination_address": "testserver:80", "target": {"type": "endpoint", "id": "/api/v1/structure/health", "name": "GET /api/v1/structure/health"}, "details": {"status_code": 200, "method": "GET", "client_ip": "testclient"}, "duration_ms": 36}
{"timestamp": "2026-07-08T16:57:18.578693Z", "level": "INFO", "logger": "httpx", "message": "HTTP Request: GET http://testserver/api/v1/structure/health \"HTTP/1.1 200 OK\"", "correlation_id": "3bccbd1704a14be38ca68355430d8428", "service": "index-retriever-mcp-server", "service_instance": "index-retriever-local", "environment": "dev"}
{"timestamp": "2026-07-08T16:57:18.591381Z", "level": "INFO", "logger": "cloud_dog_api_kit.request_logging", "message": "Request started", "correlation_id": "3bccbd1704a14be38ca68355430d8428", "service": "index-retriever-mcp-server", "service_instance": "index-retriever-local", "environment": "dev", "extra": {"request_id": "0beadb0583ea4219afcbefad4d734d70", "correlation_id": null, "user": null, "method": "POST", "path": "/api/v1/structure/documents", "client_ip": "testclient"}}
{"timestamp": "2026-07-08T16:57:18.662915Z", "level": "INFO", "logger": "cloud_dog_api_kit.request_logging", "message": "Request completed", "correlation_id": "3bccbd1704a14be38ca68355430d8428", "service": "index-retriever-mcp-server", "service_instance": "index-retriever-local", "environment": "dev", "extra": {"request_id": "0beadb0583ea4219afcbefad4d734d70", "correlation_id": null, "user": null, "method": "POST", "path": "/api/v1/structure/documents", "status_code": 200, "duration_ms": 59.36, "client_ip": "testclient"}}
{"timestamp": "2026-07-08T16:57:18.672Z", "event_type": "http.create", "actor": {"type": "system", "id": "anonymous", "roles": [], "ip": "testclient", "user_agent": "testclient"}, "action": "create", "outcome": "success", "severity": "INFO", "correlation_id": "3bccbd1704a14be38ca68355430d8428", "trace_id": "3bccbd1704a14be38ca68355430d8428", "request_id": "3bccbd1704a14be38ca68355430d8428", "service": "index-retriever-mcp-server", "service_instance": "index-retriever-local", "component": "http", "source_host": "index-retriever-local", "source_process": "3733358", "source_application": "testclient", "process_id": "3733358", "environment": "dev", "source_address": "testclient:50000", "destination_address": "testserver:80", "target": {"type": "endpoint", "id": "/api/v1/structure/documents", "name": "POST /api/v1/structure/documents"}, "details": {"status_code": 200, "method": "POST", "client_ip": "testclient"}, "duration_ms": 81}
{"timestamp": "2026-07-08T16:57:18.685252Z", "level": "INFO", "logger": "httpx", "message": "HTTP Request: POST http://testserver/api/v1/structure/documents \"HTTP/1.1 200 OK\"", "correlation_id": "3bccbd1704a14be38ca68355430d8428", "service": "index-retriever-mcp-server", "service_instance": "index-retriever-local", "environment": "dev"}
{"timestamp": "2026-07-08T16:57:18.698245Z", "level": "INFO", "logger": "cloud_dog_api_kit.request_logging", "message": "Request started", "correlation_id": "3bccbd1704a14be38ca68355430d8428", "service": "index-retriever-mcp-server", "service_instance": "index-retriever-local", "environment": "dev", "extra": {"request_id": "06b24727c0d64b12bfa93a351e3b9719", "correlation_id": null, "user": null, "method": "GET", "path": "/api/v1/structure/documents", "client_ip": "testclient"}}
{"timestamp": "2026-07-08T16:57:18.733275Z", "level": "INFO", "logger": "cloud_dog_api_kit.request_logging", "message": "Request completed", "correlation_id": "3bccbd1704a14be38ca68355430d8428", "service": "index-retriever-mcp-server", "service_instance": "index-retriever-local", "environment": "dev", "extra": {"request_id": "06b24727c0d64b12bfa93a351e3b9719", "correlation_id": null, "user": null, "method": "GET", "path": "/api/v1/structure/documents", "status_code": 200, "duration_ms": 24.9, "client_ip": "testclient"}}
{"timestamp": "2026-07-08T16:57:18.745Z", "event_type": "http.read", "actor": {"type": "system", "id": "anonymous", "roles": [], "ip": "testclient", "user_agent": "testclient"}, "action": "read", "outcome": "success", "severity": "INFO", "correlation_id": "3bccbd1704a14be38ca68355430d8428", "trace_id": "3bccbd1704a14be38ca68355430d8428", "request_id": "3bccbd1704a14be38ca68355430d8428", "service": "index-retriever-mcp-server", "service_instance": "index-retriever-local", "component": "http", "source_host": "index-retriever-local", "source_process": "3733358", "source_application": "testclient", "process_id": "3733358", "environment": "dev", "source_address": "testclient:50000", "destination_address": "testserver:80", "target": {"type": "endpoint", "id": "/api/v1/structure/documents", "name": "GET /api/v1/structure/documents"}, "details": {"status_code": 200, "method": "GET", "client_ip": "testclient"}, "duration_ms": 47}
{"timestamp": "2026-07-08T16:57:18.754469Z", "level": "INFO", "logger": "httpx", "message": "HTTP Request: GET http://testserver/api/v1/structure/documents?collection=it_w28e603 \"HTTP/1.1 200 OK\"", "correlation_id": "3bccbd1704a14be38ca68355430d8428", "service": "index-retriever-mcp-server", "service_instance": "index-retriever-local", "environment": "dev"}
{"timestamp": "2026-07-08T16:57:18.766462Z", "level": "INFO", "logger": "cloud_dog_api_kit.request_logging", "message": "Request started", "correlation_id": "3bccbd1704a14be38ca68355430d8428", "service": "index-retriever-mcp-server", "service_instance": "index-retriever-local", "environment": "dev", "extra": {"request_id": "0556a7fca75a44d99bcf7ef0d9364032", "correlation_id": null, "user": null, "method": "GET", "path": "/api/v1/structure/documents/sd_ed21fbab1d9bc7759ee94d912c07e84a081a6b922b35b5732b18e26b1da714dc", "client_ip": "testclient"}}
{"timestamp": "2026-07-08T16:57:18.812076Z", "level": "INFO", "logger": "cloud_dog_api_kit.request_logging", "message": "Request completed", "correlation_id": "3bccbd1704a14be38ca68355430d8428", "service": "index-retriever-mcp-server", "service_instance": "index-retriever-local", "environment": "dev", "extra": {"request_id": "0556a7fca75a44d99bcf7ef0d9364032", "correlation_id": null, "user": null, "method": "GET", "path": "/api/v1/structure/documents/sd_ed21fbab1d9bc7759ee94d912c07e84a081a6b922b35b5732b18e26b1da714dc", "status_code": 200, "duration_ms": 35.07, "client_ip": "testclient"}}
{"timestamp": "2026-07-08T16:57:18.821Z", "event_type": "http.read", "actor": {"type": "system", "id": "anonymous", "roles": [], "ip": "testclient", "user_agent": "testclient"}, "action": "read", "outcome": "success", "severity": "INFO", "correlation_id": "3bccbd1704a14be38ca68355430d8428", "trace_id": "3bccbd1704a14be38ca68355430d8428", "request_id": "3bccbd1704a14be38ca68355430d8428", "service": "index-retriever-mcp-server", "service_instance": "index-retriever-local", "component": "http", "source_host": "index-retriever-local", "source_process": "3733358", "source_application": "testclient", "process_id": "3733358", "environment": "dev", "source_address": "testclient:50000", "destination_address": "testserver:80", "target": {"type": "endpoint", "id": "/api/v1/structure/documents/sd_ed21fbab1d9bc7759ee94d912c07e84a081a6b922b35b5732b18e26b1da714dc", "name": "GET /api/v1/structure/documents/sd_ed21fbab1d9bc7759ee94d912c07e84a081a6b922b35b5732b18e26b1da714dc"}, "details": {"status_code": 200, "method": "GET", "client_ip": "testclient"}, "duration_ms": 55}
{"timestamp": "2026-07-08T16:57:18.833113Z", "level": "INFO", "logger": "httpx", "message": "HTTP Request: GET http://testserver/api/v1/structure/documents/sd_ed21fbab1d9bc7759ee94d912c07e84a081a6b922b35b5732b18e26b1da714dc \"HTTP/1.1 200 OK\"", "correlation_id": "3bccbd1704a14be38ca68355430d8428", "service": "index-retriever-mcp-server", "service_instance": "index-retriever-local", "environment": "dev"}
{"timestamp": "2026-07-08T16:57:18.843310Z", "level": "INFO", "logger": "cloud_dog_api_kit.request_logging", "message": "Request started", "correlation_id": "3bccbd1704a14be38ca68355430d8428", "service": "index-retriever-mcp-server", "service_instance": "index-retriever-local", "environment": "dev", "extra": {"request_id": "9d00d0c0b8b1487e9a9f19e717e49a1b", "correlation_id": null, "user": null, "method": "GET", "path": "/api/v1/structure/documents/sd_ed21fbab1d9bc7759ee94d912c07e84a081a6b922b35b5732b18e26b1da714dc/outline", "client_ip": "testclient"}}
{"timestamp": "2026-07-08T16:57:18.872287Z", "level": "INFO", "logger": "cloud_dog_api_kit.request_logging", "message": "Request completed", "correlation_id": "3bccbd1704a14be38ca68355430d8428", "service": "index-retriever-mcp-server", "service_instance": "index-retriever-local", "environment": "dev", "extra": {"request_id": "9d00d0c0b8b1487e9a9f19e717e49a1b", "correlation_id": null, "user": null, "method": "GET", "path": "/api/v1/structure/documents/sd_ed21fbab1d9bc7759ee94d912c07e84a081a6b922b35b5732b18e26b1da714dc/outline", "status_code": 200, "duration_ms": 18.81, "client_ip": "testclient"}}
{"timestamp": "2026-07-08T16:57:18.885Z", "event_type": "http.read", "actor": {"type": "system", "id": "anonymous", "roles": [], "ip": "testclient", "user_agent": "testclient"}, "action": "read", "outcome": "success", "severity": "INFO", "correlation_id": "3bccbd1704a14be38ca68355430d8428", "trace_id": "3bccbd1704a14be38ca68355430d8428", "request_id": "3bccbd1704a14be38ca68355430d8428", "service": "index-retriever-mcp-server", "service_instance": "index-retriever-local", "component": "http", "source_host": "index-retriever-local", "source_process": "3733358", "source_application": "testclient", "process_id": "3733358", "environment": "dev", "source_address": "testclient:50000", "destination_address": "testserver:80", "target": {"type": "endpoint", "id": "/api/v1/structure/documents/sd_ed21fbab1d9bc7759ee94d912c07e84a081a6b922b35b5732b18e26b1da714dc/outline", "name": "GET /api/v1/structure/documents/sd_ed21fbab1d9bc7759ee94d912c07e84a081a6b922b35b5732b18e26b1da714dc/outline"}, "details": {"status_code": 200, "method": "GET", "client_ip": "testclient"}, "duration_ms": 42}
{"timestamp": "2026-07-08T16:57:18.895028Z", "level": "INFO", "logger": "httpx", "message": "HTTP Request: GET http://testserver/api/v1/structure/documents/sd_ed21fbab1d9bc7759ee94d912c07e84a081a6b922b35b5732b18e26b1da714dc/outline \"HTTP/1.1 200 OK\"", "correlation_id": "3bccbd1704a14be38ca68355430d8428", "service": "index-retriever-mcp-server", "service_instance": "index-retriever-local", "environment": "dev"}
{"timestamp": "2026-07-08T16:57:18.907331Z", "level": "INFO", "logger": "cloud_dog_api_kit.request_logging", "message": "Request started", "correlation_id": "3bccbd1704a14be38ca68355430d8428", "service": "index-retriever-mcp-server", "service_instance": "index-retriever-local", "environment": "dev", "extra": {"request_id": "3f1e4f8c21304959b10f37f56c2094db", "correlation_id": null, "user": null, "method": "GET", "path": "/api/v1/structure/documents/sd_ed21fbab1d9bc7759ee94d912c07e84a081a6b922b35b5732b18e26b1da714dc/pages", "client_ip": "testclient"}}
{"timestamp": "2026-07-08T16:57:18.934462Z", "level": "INFO", "logger": "cloud_dog_api_kit.request_logging", "message": "Request completed", "correlation_id": "3bccbd1704a14be38ca68355430d8428", "service": "index-retriever-mcp-server", "service_instance": "index-retriever-local", "environment": "dev", "extra": {"request_id": "3f1e4f8c21304959b10f37f56c2094db", "correlation_id": null, "user": null, "method": "GET", "path": "/api/v1/structure/documents/sd_ed21fbab1d9bc7759ee94d912c07e84a081a6b922b35b5732b18e26b1da714dc/pages", "status_code": 200, "duration_ms": 17.05, "client_ip": "testclient"}}
{"timestamp": "2026-07-08T16:57:18.946Z", "event_type": "http.read", "actor": {"type": "system", "id": "anonymous", "roles": [], "ip": "testclient", "user_agent": "testclient"}, "action": "read", "outcome": "success", "severity": "INFO", "correlation_id": "3bccbd1704a14be38ca68355430d8428", "trace_id": "3bccbd1704a14be38ca68355430d8428", "request_id": "3bccbd1704a14be38ca68355430d8428", "service": "index-retriever-mcp-server", "service_instance": "index-retriever-local", "component": "http", "source_host": "index-retriever-local", "source_process": "3733358", "source_application": "testclient", "process_id": "3733358", "environment": "dev", "source_address": "testclient:50000", "destination_address": "testserver:80", "target": {"type": "endpoint", "id": "/api/v1/structure/documents/sd_ed21fbab1d9bc7759ee94d912c07e84a081a6b922b35b5732b18e26b1da714dc/pages", "name": "GET /api/v1/structure/documents/sd_ed21fbab1d9bc7759ee94d912c07e84a081a6b922b35b5732b18e26b1da714dc/pages"}, "details": {"status_code": 200, "method": "GET", "client_ip": "testclient"}, "duration_ms": 39}
{"timestamp": "2026-07-08T16:57:18.956887Z", "level": "INFO", "logger": "httpx", "message": "HTTP Request: GET http://testserver/api/v1/structure/documents/sd_ed21fbab1d9bc7759ee94d912c07e84a081a6b922b35b5732b18e26b1da714dc/pages \"HTTP/1.1 200 OK\"", "correlation_id": "3bccbd1704a14be38ca68355430d8428", "service": "index-retriever-mcp-server", "service_instance": "index-retriever-local", "environment": "dev"}
{"timestamp": "2026-07-08T16:57:18.970270Z", "level": "INFO", "logger": "cloud_dog_api_kit.request_logging", "message": "Request started", "correlation_id": "3bccbd1704a14be38ca68355430d8428", "service": "index-retriever-mcp-server", "service_instance": "index-retriever-local", "environment": "dev", "extra": {"request_id": "e3cfe7a53d9540bda2fc4e37ba59cc0a", "correlation_id": null, "user": null, "method": "GET", "path": "/api/v1/structure/documents/sd_ed21fbab1d9bc7759ee94d912c07e84a081a6b922b35b5732b18e26b1da714dc/sections", "client_ip": "testclient"}}
{"timestamp": "2026-07-08T16:57:18.998726Z", "level": "INFO", "logger": "cloud_dog_api_kit.request_logging", "message": "Request completed", "correlation_id": "3bccbd1704a14be38ca68355430d8428", "service": "index-retriever-mcp-server", "service_instance": "index-retriever-local", "environment": "dev", "extra": {"request_id": "e3cfe7a53d9540bda2fc4e37ba59cc0a", "correlation_id": null, "user": null, "method": "GET", "path": "/api/v1/structure/documents/sd_ed21fbab1d9bc7759ee94d912c07e84a081a6b922b35b5732b18e26b1da714dc/sections", "status_code": 200, "duration_ms": 20.0, "client_ip": "testclient"}}
{"timestamp": "2026-07-08T16:57:19.008Z", "event_type": "http.read", "actor": {"type": "system", "id": "anonymous", "roles": [], "ip": "testclient", "user_agent": "testclient"}, "action": "read", "outcome": "success", "severity": "INFO", "correlation_id": "3bccbd1704a14be38ca68355430d8428", "trace_id": "3bccbd1704a14be38ca68355430d8428", "request_id": "3bccbd1704a14be38ca68355430d8428", "service": "index-retriever-mcp-server", "service_instance": "index-retriever-local", "component": "http", "source_host": "index-retriever-local", "source_process": "3733358", "source_application": "testclient", "process_id": "3733358", "environment": "dev", "source_address": "testclient:50000", "destination_address": "testserver:80", "target": {"type": "endpoint", "id": "/api/v1/structure/documents/sd_ed21fbab1d9bc7759ee94d912c07e84a081a6b922b35b5732b18e26b1da714dc/sections", "name": "GET /api/v1/structure/documents/sd_ed21fbab1d9bc7759ee94d912c07e84a081a6b922b35b5732b18e26b1da714dc/sections"}, "details": {"status_code": 200, "method": "GET", "client_ip": "testclient"}, "duration_ms": 39}
{"timestamp": "2026-07-08T16:57:19.022155Z", "level": "INFO", "logger": "httpx", "message": "HTTP Request: GET http://testserver/api/v1/structure/documents/sd_ed21fbab1d9bc7759ee94d912c07e84a081a6b922b35b5732b18e26b1da714dc/sections \"HTTP/1.1 200 OK\"", "correlation_id": "3bccbd1704a14be38ca68355430d8428", "service": "index-retriever-mcp-server", "service_instance": "index-retriever-local", "environment": "dev"}
{"timestamp": "2026-07-08T16:57:19.034912Z", "level": "INFO", "logger": "cloud_dog_api_kit.request_logging", "message": "Request started", "correlation_id": "3bccbd1704a14be38ca68355430d8428", "service": "index-retriever-mcp-server", "service_instance": "index-retriever-local", "environment": "dev", "extra": {"request_id": "0d0bcfcb5f5b41f3a28cf72b3fd6d68d", "correlation_id": null, "user": null, "method": "DELETE", "path": "/api/v1/structure/documents/sd_ed21fbab1d9bc7759ee94d912c07e84a081a6b922b35b5732b18e26b1da714dc", "client_ip": "testclient"}}
{"timestamp": "2026-07-08T16:57:19.095575Z", "level": "INFO", "logger": "cloud_dog_api_kit.request_logging", "message": "Request completed", "correlation_id": "3bccbd1704a14be38ca68355430d8428", "service": "index-retriever-mcp-server", "service_instance": "index-retriever-local", "environment": "dev", "extra": {"request_id": "0d0bcfcb5f5b41f3a28cf72b3fd6d68d", "correlation_id": null, "user": null, "method": "DELETE", "path": "/api/v1/structure/documents/sd_ed21fbab1d9bc7759ee94d912c07e84a081a6b922b35b5732b18e26b1da714dc", "status_code": 200, "duration_ms": 50.59, "client_ip": "testclient"}}
{"timestamp": "2026-07-08T16:57:19.108Z", "event_type": "http.delete", "actor": {"type": "system", "id": "anonymous", "roles": [], "ip": "testclient", "user_agent": "testclient"}, "action": "delete", "outcome": "success", "severity": "INFO", "correlation_id": "3bccbd1704a14be38ca68355430d8428", "trace_id": "3bccbd1704a14be38ca68355430d8428", "request_id": "3bccbd1704a14be38ca68355430d8428", "service": "index-retriever-mcp-server", "service_instance": "index-retriever-local", "component": "http", "source_host": "index-retriever-local", "source_process": "3733358", "source_application": "testclient", "process_id": "3733358", "environment": "dev", "source_address": "testclient:50000", "destination_address": "testserver:80", "target": {"type": "endpoint", "id": "/api/v1/structure/documents/sd_ed21fbab1d9bc7759ee94d912c07e84a081a6b922b35b5732b18e26b1da714dc", "name": "DELETE /api/v1/structure/documents/sd_ed21fbab1d9bc7759ee94d912c07e84a081a6b922b35b5732b18e26b1da714dc"}, "details": {"status_code": 200, "method": "DELETE", "client_ip": "testclient"}, "duration_ms": 73}
{"timestamp": "2026-07-08T16:57:19.121181Z", "level": "INFO", "logger": "httpx", "message": "HTTP Request: DELETE http://testserver/api/v1/structure/documents/sd_ed21fbab1d9bc7759ee94d912c07e84a081a6b922b35b5732b18e26b1da714dc \"HTTP/1.1 200 OK\"", "correlation_id": "3bccbd1704a14be38ca68355430d8428", "service": "index-retriever-mcp-server", "service_instance": "index-retriever-local", "environment": "dev"}
{"timestamp": "2026-07-08T16:57:19.134073Z", "level": "INFO", "logger": "cloud_dog_api_kit.request_logging", "message": "Request started", "correlation_id": "3bccbd1704a14be38ca68355430d8428", "service": "index-retriever-mcp-server", "service_instance": "index-retriever-local", "environment": "dev", "extra": {"request_id": "111b19fbee5142259b9d3238c3cdabd8", "correlation_id": null, "user": null, "method": "GET", "path": "/api/v1/structure/documents/sd_ed21fbab1d9bc7759ee94d912c07e84a081a6b922b35b5732b18e26b1da714dc", "client_ip": "testclient"}}
{"timestamp": "2026-07-08T16:57:19.161494Z", "level": "INFO", "logger": "cloud_dog_api_kit.request_logging", "message": "Request completed", "correlation_id": "3bccbd1704a14be38ca68355430d8428", "service": "index-retriever-mcp-server", "service_instance": "index-retriever-local", "environment": "dev", "extra": {"request_id": "111b19fbee5142259b9d3238c3cdabd8", "correlation_id": null, "user": null, "method": "GET", "path": "/api/v1/structure/documents/sd_ed21fbab1d9bc7759ee94d912c07e84a081a6b922b35b5732b18e26b1da714dc", "status_code": 404, "duration_ms": 17.97, "client_ip": "testclient"}}
{"timestamp": "2026-07-08T16:57:19.171Z", "event_type": "http.read", "actor": {"type": "system", "id": "anonymous", "roles": [], "ip": "testclient", "user_agent": "testclient"}, "action": "read", "outcome": "failure", "severity": "ERROR", "correlation_id": "3bccbd1704a14be38ca68355430d8428", "trace_id": "3bccbd1704a14be38ca68355430d8428", "request_id": "3bccbd1704a14be38ca68355430d8428", "service": "index-retriever-mcp-server", "service_instance": "index-retriever-local", "component": "http", "source_host": "index-retriever-local", "source_process": "3733358", "source_application": "testclient", "process_id": "3733358", "environment": "dev", "source_address": "testclient:50000", "destination_address": "testserver:80", "target": {"type": "endpoint", "id": "/api/v1/structure/documents/sd_ed21fbab1d9bc7759ee94d912c07e84a081a6b922b35b5732b18e26b1da714dc", "name": "GET /api/v1/structure/documents/sd_ed21fbab1d9bc7759ee94d912c07e84a081a6b922b35b5732b18e26b1da714dc"}, "details": {"status_code": 404, "method": "GET", "client_ip": "testclient"}, "duration_ms": 37}
{"timestamp": "2026-07-08T16:57:19.180876Z", "level": "INFO", "logger": "httpx", "message": "HTTP Request: GET http://testserver/api/v1/structure/documents/sd_ed21fbab1d9bc7759ee94d912c07e84a081a6b922b35b5732b18e26b1da714dc \"HTTP/1.1 404 Not Found\"", "correlation_id": "3bccbd1704a14be38ca68355430d8428", "service": "index-retriever-mcp-server", "service_instance": "index-retriever-local", "environment": "dev"}
------------------------------ Captured log call -------------------------------
INFO     cloud_dog_logging.integrity:integrity.py:185 audit_integrity_check
________________ test_structure_rest_requires_write_permission _________________
----------------------------- Captured stdout call -----------------------------
{"timestamp": "2026-07-08T16:57:19.633484Z", "level": "INFO", "logger": "cloud_dog_logging.integrity", "message": "audit_integrity_check", "correlation_id": "3bccbd1704a14be38ca68355430d8428", "service": "index-retriever-mcp-server", "service_instance": "index-retriever-local", "environment": "dev", "extra": {"integrity_record": {"timestamp": "2026-07-08T16:57:19.633Z", "record_type": "audit_integrity_check", "service": "index-retriever-mcp-server", "service_instance": "index-retriever-local", "audit_log_path": "logs/audit.log.jsonl", "hash_algorithm": "sha256", "hash_value": "4ff754cbc9a3bb545c61c59c9acffc2f957e073d78438e312a7291ae22d4b5ea", "file_size_bytes": 659102, "line_count": 743, "last_event_timestamp": "2026-07-08T16:57:19.171Z", "verification_status": "valid", "trigger": "shutdown"}}}
{"timestamp": "2026-07-08T16:57:19.688843Z", "level": "INFO", "logger": "cloud_dog_logging.integrity", "message": "audit_integrity_check", "correlation_id": "3bccbd1704a14be38ca68355430d8428", "service": "index-retriever-mcp-server", "service_instance": "index-retriever-local", "environment": "dev", "extra": {"integrity_record": {"timestamp": "2026-07-08T16:57:19.688Z", "record_type": "audit_integrity_check", "service": "index-retriever-mcp-server", "service_instance": "index-retriever-local", "audit_log_path": "logs/audit.log.jsonl", "hash_algorithm": "sha256", "hash_value": "4ff754cbc9a3bb545c61c59c9acffc2f957e073d78438e312a7291ae22d4b5ea", "file_size_bytes": 659102, "line_count": 743, "last_event_timestamp": "2026-07-08T16:57:19.171Z", "verification_status": "valid", "trigger": "startup"}}}
{"timestamp": "2026-07-08T16:57:20.461740Z", "level": "INFO", "logger": "cloud_dog_api_kit.request_logging", "message": "Request started", "correlation_id": "3bccbd1704a14be38ca68355430d8428", "service": "index-retriever-mcp-server", "service_instance": "index-retriever-local", "environment": "dev", "extra": {"request_id": "f874f5b86b3f4165b63da058b8e3bbba", "correlation_id": null, "user": null, "method": "POST", "path": "/api/v1/structure/documents", "client_ip": "testclient"}}
{"timestamp": "2026-07-08T16:57:20.496774Z", "level": "INFO", "logger": "cloud_dog_api_kit.request_logging", "message": "Request completed", "correlation_id": "3bccbd1704a14be38ca68355430d8428", "service": "index-retriever-mcp-server", "service_instance": "index-retriever-local", "environment": "dev", "extra": {"request_id": "f874f5b86b3f4165b63da058b8e3bbba", "correlation_id": null, "user": null, "method": "POST", "path": "/api/v1/structure/documents", "status_code": 403, "duration_ms": 25.11, "client_ip": "testclient"}}
{"timestamp": "2026-07-08T16:57:20.506Z", "event_type": "http.create", "actor": {"type": "system", "id": "anonymous", "roles": [], "ip": "testclient", "user_agent": "testclient"}, "action": "create", "outcome": "denied", "severity": "ERROR", "correlation_id": "3bccbd1704a14be38ca68355430d8428", "trace_id": "3bccbd1704a14be38ca68355430d8428", "request_id": "3bccbd1704a14be38ca68355430d8428", "service": "index-retriever-mcp-server", "service_instance": "index-retriever-local", "component": "http", "source_host": "index-retriever-local", "source_process": "3733358", "source_application": "testclient", "process_id": "3733358", "environment": "dev", "source_address": "testclient:50000", "destination_address": "testserver:80", "target": {"type": "endpoint", "id": "/api/v1/structure/documents", "name": "POST /api/v1/structure/documents"}, "details": {"status_code": 403, "method": "POST", "client_ip": "testclient"}, "duration_ms": 45}
{"timestamp": "2026-07-08T16:57:20.518523Z", "level": "INFO", "logger": "httpx", "message": "HTTP Request: POST http://testserver/api/v1/structure/documents \"HTTP/1.1 403 Forbidden\"", "correlation_id": "3bccbd1704a14be38ca68355430d8428", "service": "index-retriever-mcp-server", "service_instance": "index-retriever-local", "environment": "dev"}
{"timestamp": "2026-07-08T16:57:20.529683Z", "level": "INFO", "logger": "cloud_dog_api_kit.request_logging", "message": "Request started", "correlation_id": "3bccbd1704a14be38ca68355430d8428", "service": "index-retriever-mcp-server", "service_instance": "index-retriever-local", "environment": "dev", "extra": {"request_id": "a48e9595d1eb437ca4976a626b6b0bbb", "correlation_id": null, "user": null, "method": "GET", "path": "/api/v1/structure/documents", "client_ip": "testclient"}}
{"timestamp": "2026-07-08T16:57:20.565184Z", "level": "INFO", "logger": "cloud_dog_api_kit.request_logging", "message": "Request completed", "correlation_id": "3bccbd1704a14be38ca68355430d8428", "service": "index-retriever-mcp-server", "service_instance": "index-retriever-local", "environment": "dev", "extra": {"request_id": "a48e9595d1eb437ca4976a626b6b0bbb", "correlation_id": null, "user": null, "method": "GET", "path": "/api/v1/structure/documents", "status_code": 200, "duration_ms": 24.2, "client_ip": "testclient"}}
{"timestamp": "2026-07-08T16:57:20.575Z", "event_type": "http.read", "actor": {"type": "system", "id": "anonymous", "roles": [], "ip": "testclient", "user_agent": "testclient"}, "action": "read", "outcome": "success", "severity": "INFO", "correlation_id": "3bccbd1704a14be38ca68355430d8428", "trace_id": "3bccbd1704a14be38ca68355430d8428", "request_id": "3bccbd1704a14be38ca68355430d8428", "service": "index-retriever-mcp-server", "service_instance": "index-retriever-local", "component": "http", "source_host": "index-retriever-local", "source_process": "3733358", "source_application": "testclient", "process_id": "3733358", "environment": "dev", "source_address": "testclient:50000", "destination_address": "testserver:80", "target": {"type": "endpoint", "id": "/api/v1/structure/documents", "name": "GET /api/v1/structure/documents"}, "details": {"status_code": 200, "method": "GET", "client_ip": "testclient"}, "duration_ms": 46}
{"timestamp": "2026-07-08T16:57:20.586728Z", "level": "INFO", "logger": "httpx", "message": "HTTP Request: GET http://testserver/api/v1/structure/documents \"HTTP/1.1 200 OK\"", "correlation_id": "3bccbd1704a14be38ca68355430d8428", "service": "index-retriever-mcp-server", "service_instance": "index-retriever-local", "environment": "dev"}
------------------------------ Captured log call -------------------------------
INFO     cloud_dog_logging.integrity:integrity.py:185 audit_integrity_check
_________________ test_structure_mcp_tools_call_real_execution _________________
----------------------------- Captured stdout call -----------------------------
{"timestamp": "2026-07-08T16:57:21.262280Z", "level": "INFO", "logger": "cloud_dog_logging.integrity", "message": "audit_integrity_check", "correlation_id": "3bccbd1704a14be38ca68355430d8428", "service": "index-retriever-mcp-server", "service_instance": "index-retriever-local", "environment": "dev", "extra": {"integrity_record": {"timestamp": "2026-07-08T16:57:21.262Z", "record_type": "audit_integrity_check", "service": "index-retriever-mcp-server", "service_instance": "index-retriever-local", "audit_log_path": "logs/audit.log.jsonl", "hash_algorithm": "sha256", "hash_value": "3552d182c8777e0059e074a13a2b24ec50fe491eb2286dfb4d686cf18f67d37d", "file_size_bytes": 660978, "line_count": 745, "last_event_timestamp": "2026-07-08T16:57:20.575Z", "verification_status": "valid", "trigger": "shutdown"}}}
{"timestamp": "2026-07-08T16:57:21.315346Z", "level": "INFO", "logger": "cloud_dog_logging.integrity", "message": "audit_integrity_check", "correlation_id": "3bccbd1704a14be38ca68355430d8428", "service": "index-retriever-mcp-server", "service_instance": "index-retriever-local", "environment": "dev", "extra": {"integrity_record": {"timestamp": "2026-07-08T16:57:21.315Z", "record_type": "audit_integrity_check", "service": "index-retriever-mcp-server", "service_instance": "index-retriever-local", "audit_log_path": "logs/audit.log.jsonl", "hash_algorithm": "sha256", "hash_value": "3552d182c8777e0059e074a13a2b24ec50fe491eb2286dfb4d686cf18f67d37d", "file_size_bytes": 660978, "line_count": 745, "last_event_timestamp": "2026-07-08T16:57:20.575Z", "verification_status": "valid", "trigger": "startup"}}}
{"timestamp": "2026-07-08T16:57:21.943913Z", "level": "INFO", "logger": "cloud_dog_api_kit.request_logging", "message": "Request started", "correlation_id": "3bccbd1704a14be38ca68355430d8428", "service": "index-retriever-mcp-server", "service_instance": "index-retriever-local", "environment": "dev", "extra": {"request_id": "7d4478ce9d84426c903442b6614e2534", "correlation_id": null, "user": null, "method": "POST", "path": "/api/v1/tools/structure_document_create", "client_ip": "testclient"}}
{"timestamp": "2026-07-08T16:57:21.968Z", "event_type": "mcp_tool.mcp.tool.structure_document_create", "actor": {"type": "service", "id": "it-mcp", "roles": [], "ip": "unknown"}, "action": "mcp.tool.structure_document_create", "outcome": "success", "severity": "INFO", "correlation_id": "3bccbd1704a14be38ca68355430d8428", "trace_id": "3bccbd1704a14be38ca68355430d8428", "request_id": "3bccbd1704a14be38ca68355430d8428", "service": "unknown", "service_instance": "server0.viewdeck.com", "component": "unknown", "source_host": "server0.viewdeck.com", "source_process": "3733358", "source_application": "unknown", "process_id": "3733358", "environment": "dev", "target": {"type": "mcp_tool", "id": "structure_document_create"}, "details": {"details": {"phase": "invoke", "profile": null, "collection": null}}}
{"timestamp": "2026-07-08T16:57:22.015149Z", "level": "INFO", "logger": "cloud_dog_api_kit.request_logging", "message": "Request completed", "correlation_id": "3bccbd1704a14be38ca68355430d8428", "service": "index-retriever-mcp-server", "service_instance": "index-retriever-local", "environment": "dev", "extra": {"request_id": "7d4478ce9d84426c903442b6614e2534", "correlation_id": null, "user": null, "method": "POST", "path": "/api/v1/tools/structure_document_create", "status_code": 200, "duration_ms": 62.13, "client_ip": "testclient"}}
{"timestamp": "2026-07-08T16:57:22.028Z", "event_type": "http.create", "actor": {"type": "system", "id": "anonymous", "roles": [], "ip": "testclient", "user_agent": "testclient"}, "action": "create", "outcome": "success", "severity": "INFO", "correlation_id": "3bccbd1704a14be38ca68355430d8428", "trace_id": "3bccbd1704a14be38ca68355430d8428", "request_id": "3bccbd1704a14be38ca68355430d8428", "service": "index-retriever-mcp-server", "service_instance": "index-retriever-local", "component": "http", "source_host": "index-retriever-local", "source_process": "3733358", "source_application": "testclient", "process_id": "3733358", "environment": "dev", "source_address": "testclient:50000", "destination_address": "testserver:80", "target": {"type": "endpoint", "id": "/api/v1/tools/structure_document_create", "name": "POST /api/v1/tools/structure_document_create"}, "details": {"status_code": 200, "method": "POST", "client_ip": "testclient"}, "duration_ms": 85}
{"timestamp": "2026-07-08T16:57:22.039154Z", "level": "INFO", "logger": "httpx", "message": "HTTP Request: POST http://testserver/api/v1/tools/structure_document_create \"HTTP/1.1 200 OK\"", "correlation_id": "3bccbd1704a14be38ca68355430d8428", "service": "index-retriever-mcp-server", "service_instance": "index-retriever-local", "environment": "dev"}
{"timestamp": "2026-07-08T16:57:22.051404Z", "level": "INFO", "logger": "cloud_dog_api_kit.request_logging", "message": "Request started", "correlation_id": "3bccbd1704a14be38ca68355430d8428", "service": "index-retriever-mcp-server", "service_instance": "index-retriever-local", "environment": "dev", "extra": {"request_id": "d5a4dc78702a4261ad83349a7ebc166f", "correlation_id": null, "user": null, "method": "POST", "path": "/api/v1/tools/structure_document_get", "client_ip": "testclient"}}
{"timestamp": "2026-07-08T16:57:22.072Z", "event_type": "mcp_tool.mcp.tool.structure_document_get", "actor": {"type": "service", "id": "configured:ac6fc16fd23f", "roles": [], "ip": "unknown"}, "action": "mcp.tool.structure_document_get", "outcome": "success", "severity": "INFO", "correlation_id": "3bccbd1704a14be38ca68355430d8428", "trace_id": "3bccbd1704a14be38ca68355430d8428", "request_id": "3bccbd1704a14be38ca68355430d8428", "service": "unknown", "service_instance": "server0.viewdeck.com", "component": "unknown", "source_host": "server0.viewdeck.com", "source_process": "3733358", "source_application": "unknown", "process_id": "3733358", "environment": "dev", "target": {"type": "mcp_tool", "id": "structure_document_get"}, "details": {"details": {"phase": "invoke", "profile": null, "collection": null}}}
{"timestamp": "2026-07-08T16:57:22.108286Z", "level": "INFO", "logger": "cloud_dog_api_kit.request_logging", "message": "Request completed", "correlation_id": "3bccbd1704a14be38ca68355430d8428", "service": "index-retriever-mcp-server", "service_instance": "index-retriever-local", "environment": "dev", "extra": {"request_id": "d5a4dc78702a4261ad83349a7ebc166f", "correlation_id": null, "user": null, "method": "POST", "path": "/api/v1/tools/structure_document_get", "status_code": 200, "duration_ms": 48.3, "client_ip": "testclient"}}
{"timestamp": "2026-07-08T16:57:22.122Z", "event_type": "http.create", "actor": {"type": "system", "id": "anonymous", "roles": [], "ip": "testclient", "user_agent": "testclient"}, "action": "create", "outcome": "success", "severity": "INFO", "correlation_id": "3bccbd1704a14be38ca68355430d8428", "trace_id": "3bccbd1704a14be38ca68355430d8428", "request_id": "3bccbd1704a14be38ca68355430d8428", "service": "index-retriever-mcp-server", "service_instance": "index-retriever-local", "component": "http", "source_host": "index-retriever-local", "source_process": "3733358", "source_application": "testclient", "process_id": "3733358", "environment": "dev", "source_address": "testclient:50000", "destination_address": "testserver:80", "target": {"type": "endpoint", "id": "/api/v1/tools/structure_document_get", "name": "POST /api/v1/tools/structure_document_get"}, "details": {"status_code": 200, "method": "POST", "client_ip": "testclient"}, "duration_ms": 71}
{"timestamp": "2026-07-08T16:57:22.131989Z", "level": "INFO", "logger": "httpx", "message": "HTTP Request: POST http://testserver/api/v1/tools/structure_document_get \"HTTP/1.1 200 OK\"", "correlation_id": "3bccbd1704a14be38ca68355430d8428", "service": "index-retriever-mcp-server", "service_instance": "index-retriever-local", "environment": "dev"}
{"timestamp": "2026-07-08T16:57:22.146733Z", "level": "INFO", "logger": "cloud_dog_api_kit.request_logging", "message": "Request started", "correlation_id": "3bccbd1704a14be38ca68355430d8428", "service": "index-retriever-mcp-server", "service_instance": "index-retriever-local", "environment": "dev", "extra": {"request_id": "f8234c9483bd4fd388c9b51ee4c9a2e2", "correlation_id": null, "user": null, "method": "POST", "path": "/api/v1/tools/structure_document_list", "client_ip": "testclient"}}
{"timestamp": "2026-07-08T16:57:22.169Z", "event_type": "mcp_tool.mcp.tool.structure_document_list", "actor": {"type": "service", "id": "configured:ac6fc16fd23f", "roles": [], "ip": "unknown"}, "action": "mcp.tool.structure_document_list", "outcome": "success", "severity": "INFO", "correlation_id": "3bccbd1704a14be38ca68355430d8428", "trace_id": "3bccbd1704a14be38ca68355430d8428", "request_id": "3bccbd1704a14be38ca68355430d8428", "service": "unknown", "service_instance": "server0.viewdeck.com", "component": "unknown", "source_host": "server0.viewdeck.com", "source_process": "3733358", "source_application": "unknown", "process_id": "3733358", "environment": "dev", "target": {"type": "mcp_tool", "id": "structure_document_list"}, "details": {"details": {"phase": "invoke", "profile": null, "collection": "it_w28e603_mcp"}}}
{"timestamp": "2026-07-08T16:57:22.185322Z", "level": "INFO", "logger": "cloud_dog_api_kit.request_logging", "message": "Request completed", "correlation_id": "3bccbd1704a14be38ca68355430d8428", "service": "index-retriever-mcp-server", "service_instance": "index-retriever-local", "environment": "dev", "extra": {"request_id": "f8234c9483bd4fd388c9b51ee4c9a2e2", "correlation_id": null, "user": null, "method": "POST", "path": "/api/v1/tools/structure_document_list", "status_code": 200, "duration_ms": 29.45, "client_ip": "testclient"}}
{"timestamp": "2026-07-08T16:57:22.198Z", "event_type": "http.create", "actor": {"type": "system", "id": "anonymous", "roles": [], "ip": "testclient", "user_agent": "testclient"}, "action": "create", "outcome": "success", "severity": "INFO", "correlation_id": "3bccbd1704a14be38ca68355430d8428", "trace_id": "3bccbd1704a14be38ca68355430d8428", "request_id": "3bccbd1704a14be38ca68355430d8428", "service": "index-retriever-mcp-server", "service_instance": "index-retriever-local", "component": "http", "source_host": "index-retriever-local", "source_process": "3733358", "source_application": "testclient", "process_id": "3733358", "environment": "dev", "source_address": "testclient:50000", "destination_address": "testserver:80", "target": {"type": "endpoint", "id": "/api/v1/tools/structure_document_list", "name": "POST /api/v1/tools/structure_document_list"}, "details": {"status_code": 200, "method": "POST", "client_ip": "testclient"}, "duration_ms": 52}
{"timestamp": "2026-07-08T16:57:22.208106Z", "level": "INFO", "logger": "httpx", "message": "HTTP Request: POST http://testserver/api/v1/tools/structure_document_list \"HTTP/1.1 200 OK\"", "correlation_id": "3bccbd1704a14be38ca68355430d8428", "service": "index-retriever-mcp-server", "service_instance": "index-retriever-local", "environment": "dev"}
{"timestamp": "2026-07-08T16:57:22.219296Z", "level": "INFO", "logger": "cloud_dog_api_kit.request_logging", "message": "Request started", "correlation_id": "3bccbd1704a14be38ca68355430d8428", "service": "index-retriever-mcp-server", "service_instance": "index-retriever-local", "environment": "dev", "extra": {"request_id": "23b23104a2334259a765dde6789a9ce9", "correlation_id": null, "user": null, "method": "POST", "path": "/api/v1/tools/structure_document_delete", "client_ip": "testclient"}}
{"timestamp": "2026-07-08T16:57:22.241Z", "event_type": "mcp_tool.mcp.tool.structure_document_delete", "actor": {"type": "service", "id": "configured:ac6fc16fd23f", "roles": [], "ip": "unknown"}, "action": "mcp.tool.structure_document_delete", "outcome": "success", "severity": "INFO", "correlation_id": "3bccbd1704a14be38ca68355430d8428", "trace_id": "3bccbd1704a14be38ca68355430d8428", "request_id": "3bccbd1704a14be38ca68355430d8428", "service": "unknown", "service_instance": "server0.viewdeck.com", "component": "unknown", "source_host": "server0.viewdeck.com", "source_process": "3733358", "source_application": "unknown", "process_id": "3733358", "environment": "dev", "target": {"type": "mcp_tool", "id": "structure_document_delete"}, "details": {"details": {"phase": "invoke", "profile": null, "collection": null}}}
{"timestamp": "2026-07-08T16:57:22.290366Z", "level": "INFO", "logger": "cloud_dog_api_kit.request_logging", "message": "Request completed", "correlation_id": "3bccbd1704a14be38ca68355430d8428", "service": "index-retriever-mcp-server", "service_instance": "index-retriever-local", "environment": "dev", "extra": {"request_id": "23b23104a2334259a765dde6789a9ce9", "correlation_id": null, "user": null, "method": "POST", "path": "/api/v1/tools/structure_document_delete", "status_code": 200, "duration_ms": 61.02, "client_ip": "testclient"}}
{"timestamp": "2026-07-08T16:57:22.299Z", "event_type": "http.create", "actor": {"type": "system", "id": "anonymous", "roles": [], "ip": "testclient", "user_agent": "testclient"}, "action": "create", "outcome": "success", "severity": "INFO", "correlation_id": "3bccbd1704a14be38ca68355430d8428", "trace_id": "3bccbd1704a14be38ca68355430d8428", "request_id": "3bccbd1704a14be38ca68355430d8428", "service": "index-retriever-mcp-server", "service_instance": "index-retriever-local", "component": "http", "source_host": "index-retriever-local", "source_process": "3733358", "source_application": "testclient", "process_id": "3733358", "environment": "dev", "source_address": "testclient:50000", "destination_address": "testserver:80", "target": {"type": "endpoint", "id": "/api/v1/tools/structure_document_delete", "name": "POST /api/v1/tools/structure_document_delete"}, "details": {"status_code": 200, "method": "POST", "client_ip": "testclient"}, "duration_ms": 80}
{"timestamp": "2026-07-08T16:57:22.311581Z", "level": "INFO", "logger": "httpx", "message": "HTTP Request: POST http://testserver/api/v1/tools/structure_document_delete \"HTTP/1.1 200 OK\"", "correlation_id": "3bccbd1704a14be38ca68355430d8428", "service": "index-retriever-mcp-server", "service_instance": "index-retriever-local", "environment": "dev"}
------------------------------ Captured log call -------------------------------
INFO     cloud_dog_logging.integrity:integrity.py:185 audit_integrity_check
_____________________ test_structure_family_in_tools_list ______________________
----------------------------- Captured stdout call -----------------------------
{"timestamp": "2026-07-08T16:57:22.743767Z", "level": "INFO", "logger": "cloud_dog_logging.integrity", "message": "audit_integrity_check", "correlation_id": "3bccbd1704a14be38ca68355430d8428", "service": "index-retriever-mcp-server", "service_instance": "index-retriever-local", "environment": "dev", "extra": {"integrity_record": {"timestamp": "2026-07-08T16:57:22.743Z", "record_type": "audit_integrity_check", "service": "index-retriever-mcp-server", "service_instance": "index-retriever-local", "audit_log_path": "logs/audit.log.jsonl", "hash_algorithm": "sha256", "hash_value": "95ba5331fd90044bf68d2fd98f2f178108aff4c35cea6bf5174ad1c1134a7853", "file_size_bytes": 668108, "line_count": 753, "last_event_timestamp": "2026-07-08T16:57:22.299Z", "verification_status": "valid", "trigger": "shutdown"}}}
{"timestamp": "2026-07-08T16:57:22.796544Z", "level": "INFO", "logger": "cloud_dog_logging.integrity", "message": "audit_integrity_check", "correlation_id": "3bccbd1704a14be38ca68355430d8428", "service": "index-retriever-mcp-server", "service_instance": "index-retriever-local", "environment": "dev", "extra": {"integrity_record": {"timestamp": "2026-07-08T16:57:22.796Z", "record_type": "audit_integrity_check", "service": "index-retriever-mcp-server", "service_instance": "index-retriever-local", "audit_log_path": "logs/audit.log.jsonl", "hash_algorithm": "sha256", "hash_value": "95ba5331fd90044bf68d2fd98f2f178108aff4c35cea6bf5174ad1c1134a7853", "file_size_bytes": 668108, "line_count": 753, "last_event_timestamp": "2026-07-08T16:57:22.299Z", "verification_status": "valid", "trigger": "startup"}}}
{"timestamp": "2026-07-08T16:57:23.529108Z", "level": "INFO", "logger": "cloud_dog_api_kit.request_logging", "message": "Request started", "correlation_id": "3bccbd1704a14be38ca68355430d8428", "service": "index-retriever-mcp-server", "service_instance": "index-retriever-local", "environment": "dev", "extra": {"request_id": "b1dbea43a7e6497285f6088762b30b71", "correlation_id": null, "user": null, "method": "GET", "path": "/api/v1/tools", "client_ip": "testclient"}}
{"timestamp": "2026-07-08T16:57:23.776503Z", "level": "INFO", "logger": "cloud_dog_api_kit.request_logging", "message": "Request completed", "correlation_id": "3bccbd1704a14be38ca68355430d8428", "service": "index-retriever-mcp-server", "service_instance": "index-retriever-local", "environment": "dev", "extra": {"request_id": "b1dbea43a7e6497285f6088762b30b71", "correlation_id": null, "user": null, "method": "GET", "path": "/api/v1/tools", "status_code": 200, "duration_ms": 238.85, "client_ip": "testclient"}}
{"timestamp": "2026-07-08T16:57:23.787Z", "event_type": "http.read", "actor": {"type": "system", "id": "anonymous", "roles": [], "ip": "testclient", "user_agent": "testclient"}, "action": "read", "outcome": "success", "severity": "INFO", "correlation_id": "3bccbd1704a14be38ca68355430d8428", "trace_id": "3bccbd1704a14be38ca68355430d8428", "request_id": "3bccbd1704a14be38ca68355430d8428", "service": "index-retriever-mcp-server", "service_instance": "index-retriever-local", "component": "http", "source_host": "index-retriever-local", "source_process": "3733358", "source_application": "testclient", "process_id": "3733358", "environment": "dev", "source_address": "testclient:50000", "destination_address": "testserver:80", "target": {"type": "endpoint", "id": "/api/v1/tools", "name": "GET /api/v1/tools"}, "details": {"status_code": 200, "method": "GET", "client_ip": "testclient"}, "duration_ms": 258}
{"timestamp": "2026-07-08T16:57:23.799896Z", "level": "INFO", "logger": "httpx", "message": "HTTP Request: GET http://testserver/api/v1/tools \"HTTP/1.1 200 OK\"", "correlation_id": "3bccbd1704a14be38ca68355430d8428", "service": "index-retriever-mcp-server", "service_instance": "index-retriever-local", "environment": "dev"}
------------------------------ Captured log call -------------------------------
INFO     cloud_dog_logging.integrity:integrity.py:185 audit_integrity_check
--------------------------- Captured stdout teardown ---------------------------
{"timestamp": "2026-07-08T16:57:23.843036Z", "level": "INFO", "logger": "cloud_dog_logging.integrity", "message": "audit_integrity_check", "correlation_id": "3bccbd1704a14be38ca68355430d8428", "service": "index-retriever-mcp-server", "service_instance": "index-retriever-local", "environment": "dev", "extra": {"integrity_record": {"timestamp": "2026-07-08T16:57:23.842Z", "record_type": "audit_integrity_check", "service": "index-retriever-mcp-server", "service_instance": "index-retriever-local", "audit_log_path": "logs/audit.log.jsonl", "hash_algorithm": "sha256", "hash_value": "432426f95df03ded10731057c1c9c413212d51642f95086aabe20b1faba32c75", "file_size_bytes": 669016, "line_count": 754, "last_event_timestamp": "2026-07-08T16:57:23.787Z", "verification_status": "valid", "trigger": "shutdown"}}}
---------------------------- Captured log teardown -----------------------------
INFO     cloud_dog_logging.integrity:integrity.py:185 audit_integrity_check
=========================== short test summary info ============================
PASSED tests/integration/IT1_1/test_it1_1.py::test_api_health_endpoint
PASSED tests/integration/IT1_10/test_it1_10.py::test_qdrant_contract_test
PASSED tests/integration/IT1_11/test_it1_11.py::test_embedding_provider_ollama
PASSED tests/integration/IT1_12/test_it1_12.py::test_streaming_ingest_sse
PASSED tests/integration/IT1_13/test_it1_13.py::test_source_metadata_round_trip
PASSED tests/integration/IT1_14/test_it1_14.py::test_capability_aware_backend_planning
PASSED tests/integration/IT1_15/test_it1_15.py::test_infinity_adapter_contract_path
PASSED tests/integration/IT1_16/test_it1_16.py::test_delegation_boundary_via_cloud_dog_vdb_pipeline
PASSED tests/integration/IT1_17/test_it1_17.py::test_tool_catalogue_wrappers_execute
PASSED tests/integration/IT1_18/test_it1_18_a2a_health_auth_matrix.py::test_a2a_health_auth_matrix
PASSED tests/integration/IT1_19/test_it1_19_no_fallback_backend_identity.py::test_no_fallback_backend_identity_it
PASSED tests/integration/IT1_2/test_it1_2.py::test_api_auth_reject
PASSED tests/integration/IT1_20/test_it1_20_job_management_tools.py::test_job_management_tools_contract
PASSED tests/integration/IT1_21/test_it1_21_collection_rbac.py::test_collection_level_rbac_enforced
PASSED tests/integration/IT1_21/test_it1_21_jobs_migration.py::test_jobs_backend_concurrency_and_recovery
PASSED tests/integration/IT1_22/test_it1_22_admin_rest_config_crud.py::test_admin_rest_profile_user_group_api_key_lifecycle
PASSED tests/integration/IT1_22/test_it1_22_admin_rest_config_crud.py::test_admin_rest_rejects_non_admin_mutation
PASSED tests/integration/IT1_23/test_it1_23_core_metadata.py::test_mt2_text_and_upload_ingest_store_canonical_metadata
PASSED tests/integration/IT1_23/test_it1_23_core_metadata.py::test_mt2_preview_reports_parser_and_ocr_provenance
PASSED tests/integration/IT1_23/test_it1_23_core_metadata.py::test_mt3_mt4_round_trip_returns_latest_record_with_canonical_metadata
PASSED tests/integration/IT1_23/test_it1_23_core_metadata.py::test_mt3_filters_support_required_metadata_pack_management_fields
PASSED tests/integration/IT1_24/test_it1_24_openapi_contract.py::test_openapi_and_tool_contract_include_canonical_metadata_fields
PASSED tests/integration/IT1_25_IdamCascade/test_it1_25_idam_role_cascade.py::test_it1_25_baseline_roles_and_overlay_merge
PASSED tests/integration/IT1_25_IdamCascade/test_it1_25_idam_role_cascade.py::test_it1_25_group_collection_cascade_live_revoke
PASSED tests/integration/IT1_3/test_it1_3.py::test_api_auth_accept
PASSED tests/integration/IT1_4/test_it1_4.py::test_api_rbac_ingest_gating
PASSED tests/integration/IT1_5/test_it1_5.py::test_api_rbac_admin_gating
PASSED tests/integration/IT1_6/test_it1_6.py::test_mcp_tool_catalogue
PASSED tests/integration/IT1_7/test_it1_7.py::test_mcp_tool_execution
PASSED tests/integration/IT1_8/test_it1_8.py::test_correlation_id_propagation
PASSED tests/integration/IT1_9/test_it1_9.py::test_chroma_contract_test
PASSED tests/integration/IT2_1/test_it2_1_chroma_contract.py::test_it2_1_chroma_contract_roundtrip
PASSED tests/integration/IT2_10/test_it2_10_marker_parser.py::test_it2_10_marker_parser_pdf_ir_output
PASSED tests/integration/IT2_12/test_it2_12_internal_parser.py::test_it2_12_internal_parser_pdf_ir_output
PASSED tests/integration/IT2_13/test_it2_13_ocr_provider_matrix.py::test_it2_13_ocr_capable_parser_matrix_extracts_text
PASSED tests/integration/IT2_14/test_it2_14_table_extraction_matrix.py::test_it2_14_table_extraction_returns_structured_tables
PASSED tests/integration/IT2_15_DatabaseStartup/test_it2_15_database_startup.py::test_it2_15_database_startup_and_crud
PASSED tests/integration/IT2_16/test_it2_16_provenance_contract.py::test_plain_text_provenance_contract_fields
PASSED tests/integration/IT2_16/test_it2_16_provenance_contract.py::test_pdf_ocr_and_table_provenance_fields_recorded
PASSED tests/integration/IT2_16/test_it2_16_provenance_contract.py::test_reingest_provenance_is_preserved_not_overwritten
PASSED tests/integration/IT2_2/test_it2_2_qdrant_contract.py::test_it2_2_qdrant_contract_roundtrip
PASSED tests/integration/IT2_3/test_it2_3_opensearch_contract.py::test_it2_3_opensearch_contract_roundtrip
PASSED tests/integration/IT2_4/test_it2_4_pgvector_contract.py::test_it2_4_pgvector_contract_roundtrip
PASSED tests/integration/IT2_5/test_it2_5_weaviate_contract.py::test_it2_5_weaviate_contract_roundtrip
PASSED tests/integration/IT2_6/test_it2_6_infinity_contract.py::test_it2_6_infinity_contract_roundtrip
PASSED tests/integration/IT2_9/test_it2_9_mineru_parser.py::test_it2_9_mineru_parser_pdf_ir_output
PASSED tests/integration/IT_W28D440E5/test_hdro_live.py::test_hdro_live_vault_key_returns_hdi_gii_country_values
PASSED tests/integration/IT_W28E1805B_StructureGaps/test_it_w28e1805b_structure_gaps.py::test_extract_analyse_generate_match_end_to_end
PASSED tests/integration/IT_W28E1859_RbacBindingSlashRoute/test_it_w28e1859_rbac_binding_slash_route.py::test_webui_slash_rbac_binding_create_accepts_subject_id[/v1]
PASSED tests/integration/IT_W28E1859_RbacBindingSlashRoute/test_it_w28e1859_rbac_binding_slash_route.py::test_webui_slash_rbac_binding_create_accepts_subject_id[/api/v1]
PASSED tests/integration/IT_W28E603_Phase25/test_it_w28e603_a2a_skills.py::test_agent_card_advertises_structure_skills
PASSED tests/integration/IT_W28E603_Phase25/test_it_w28e603_a2a_skills.py::test_a2a_structure_extract_skill_executes
PASSED tests/integration/IT_W28E603_Phase25/test_it_w28e603_phase25.py::test_phase25_mcp_extract_corpus_template
PASSED tests/integration/IT_W28E603_Phase25/test_it_w28e603_phase25.py::test_phase25_rest_surface
PASSED tests/integration/IT_W28E603_Phase25/test_it_w28e603_phase25.py::test_phase25_rbac_reader_cannot_write
PASSED tests/integration/IT_W28E603_Phase25/test_it_w28e603_phase25.py::test_phase25_openapi_includes_structure_routes
PASSED tests/integration/IT_W28E603_Phase25/test_it_w28e603_phase25.py::test_phase25_vdb_linkage
PASSED tests/integration/IT_W28E603_Phase25/test_it_w28e603_webui.py::test_structure_webui_page_renders_workflow_controls
PASSED tests/integration/IT_W28E603_Phase25/test_it_w28e603_webui.py::test_structure_webui_script_wires_workflows
PASSED tests/integration/IT_W28E603_StructureTransports/test_it_w28e603_structure_transports.py::test_structure_rest_crud_lifecycle
PASSED tests/integration/IT_W28E603_StructureTransports/test_it_w28e603_structure_transports.py::test_structure_rest_requires_write_permission
PASSED tests/integration/IT_W28E603_StructureTransports/test_it_w28e603_structure_transports.py::test_structure_mcp_tools_call_real_execution
PASSED tests/integration/IT_W28E603_StructureTransports/test_it_w28e603_structure_transports.py::test_structure_family_in_tools_list
SKIPPED [1] tests/integration/IT2_11/test_it2_11_transformers_parser.py:28: transformers parser provider not configured via env/Vault
SKIPPED [1] tests/integration/IT2_7/test_it2_7_deepdoc_parser.py:28: deepdoc parser provider not configured via env/Vault
SKIPPED [1] tests/integration/IT2_8/test_it2_8_docling_parser.py:28: docling parser provider not configured via env/Vault
63 passed, 3 skipped in 464.89s (0:07:44)
