==========================================
Docker Build: cloud-dog/index-retriever-mcp-server:w28a-101a-python312
==========================================
pip.conf generated with authenticated PyPI access.
#0 building with "default" instance using docker driver

#1 [internal] load build definition from Dockerfile
#1 transferring dockerfile: 4.83kB 0.0s done
#1 DONE 0.1s

#2 resolve image config for docker-image://docker.io/docker/dockerfile:1
#2 DONE 0.6s

#3 docker-image://docker.io/docker/dockerfile:1@sha256:2780b5c3bab67f1f76c781860de469442999ed1a0d7992a5efdf2cffc0e3d769
#3 CACHED

#4 [internal] load metadata for docker.io/library/python:3.12-slim
#4 DONE 0.5s

#5 [internal] load .dockerignore
#5 transferring context: 366B done
#5 DONE 0.0s

#6 [builder  1/10] FROM docker.io/library/python:3.12-slim@sha256:ec948fa5f90f4f8907e89f4800cfd2d2e91e391a4bce4a6afa77ba265bc3a2fe
#6 CACHED

#7 [internal] load build context
#7 ...

#8 [builder  2/10] RUN if [ -n "./custom-ca.crt" ] && [ -f "./custom-ca.crt" ]; then       cp "./custom-ca.crt" /usr/local/share/ca-certificates/custom-ca.crt &&       update-ca-certificates;     fi
#8 DONE 0.1s

#7 [internal] load build context
#7 transferring context: 868.27kB 0.2s done
#7 DONE 0.3s

#9 [builder  3/10] WORKDIR /app
#9 DONE 0.2s

#10 [stage-1  3/14] RUN apt-get update && apt-get install -y --no-install-recommends     curl iproute2 netcat-openbsd procps net-tools socat     libxml2     libxmlsec1     libxmlsec1-openssl     libxslt1.1     && rm -rf /var/lib/apt/lists/*
#10 0.248 Hit:1 http://deb.debian.org/debian trixie InRelease
#10 0.286 Get:2 http://deb.debian.org/debian trixie-updates InRelease [47.3 kB]
#10 0.295 Get:3 http://deb.debian.org/debian-security trixie-security InRelease [43.4 kB]
#10 0.336 Get:4 http://deb.debian.org/debian trixie/main amd64 Packages [9671 kB]
#10 0.487 Get:5 http://deb.debian.org/debian trixie-updates/main amd64 Packages [5412 B]
#10 0.500 Get:6 http://deb.debian.org/debian-security trixie-security/main amd64 Packages [156 kB]
#10 1.644 Fetched 9923 kB in 1s (6823 kB/s)
#10 1.644 Reading package lists...
#10 2.577 Reading package lists...
#10 3.477 Building dependency tree...
#10 3.657 Reading state information...
#10 3.902 The following additional packages will be installed:
#10 3.902   libbpf1 libbrotli1 libcap2-bin libcom-err2 libcurl4t64 libelf1t64
#10 3.902   libgcrypt20 libgnutls30t64 libgpg-error0 libgssapi-krb5-2 libidn2-0
#10 3.902   libk5crypto3 libkeyutils1 libkrb5-3 libkrb5support0 libldap2 libmnl0
#10 3.903   libnghttp2-14 libnghttp3-9 libp11-kit0 libproc2-0 libpsl5t64 librtmp1
#10 3.903   libsasl2-2 libsasl2-modules-db libssh2-1t64 libtasn1-6 libtirpc-common
#10 3.903   libtirpc3t64 libunistring5 libwrap0 libxtables12
#10 3.904 Suggested packages:
#10 3.904   python3:any rng-tools gnutls-bin krb5-doc krb5-user
#10 3.904 Recommended packages:
#10 3.904   bash-completion libpam-cap libgpg-error-l10n krb5-locales libldap-common
#10 3.904   publicsuffix libsasl2-modules psmisc linux-sysctl-defaults
#10 4.283 The following NEW packages will be installed:
#10 4.283   curl iproute2 libbpf1 libbrotli1 libcap2-bin libcom-err2 libcurl4t64
#10 4.283   libelf1t64 libgcrypt20 libgnutls30t64 libgpg-error0 libgssapi-krb5-2
#10 4.283   libidn2-0 libk5crypto3 libkeyutils1 libkrb5-3 libkrb5support0 libldap2
#10 4.283   libmnl0 libnghttp2-14 libnghttp3-9 libp11-kit0 libproc2-0 libpsl5t64
#10 4.283   librtmp1 libsasl2-2 libsasl2-modules-db libssh2-1t64 libtasn1-6
#10 4.283   libtirpc-common libtirpc3t64 libunistring5 libwrap0 libxml2 libxmlsec1t64
#10 4.283   libxmlsec1t64-openssl libxslt1.1 libxtables12 net-tools netcat-openbsd
#10 4.283   procps socat
#10 4.344 0 upgraded, 42 newly installed, 0 to remove and 0 not upgraded.
#10 4.344 Need to get 10.3 MB of archives.
#10 4.344 After this operation, 32.2 MB of additional disk space will be used.
#10 4.344 Get:1 http://deb.debian.org/debian trixie/main amd64 libelf1t64 amd64 0.192-4 [189 kB]
#10 4.368 Get:2 http://deb.debian.org/debian trixie/main amd64 libbpf1 amd64 1:1.5.0-3 [169 kB]
#10 4.383 Get:3 http://deb.debian.org/debian trixie/main amd64 libmnl0 amd64 1.0.5-3 [11.9 kB]
#10 4.385 Get:4 http://deb.debian.org/debian trixie/main amd64 libkrb5support0 amd64 1.21.3-5 [33.0 kB]
#10 4.386 Get:5 http://deb.debian.org/debian trixie/main amd64 libcom-err2 amd64 1.47.2-3+b10 [25.0 kB]
#10 4.388 Get:6 http://deb.debian.org/debian trixie/main amd64 libk5crypto3 amd64 1.21.3-5 [81.5 kB]
#10 4.390 Get:7 http://deb.debian.org/debian trixie/main amd64 libkeyutils1 amd64 1.6.3-6 [9456 B]
#10 4.391 Get:8 http://deb.debian.org/debian trixie/main amd64 libkrb5-3 amd64 1.21.3-5 [326 kB]
#10 4.395 Get:9 http://deb.debian.org/debian trixie/main amd64 libgssapi-krb5-2 amd64 1.21.3-5 [138 kB]
#10 4.404 Get:10 http://deb.debian.org/debian trixie/main amd64 libtirpc-common all 1.3.6+ds-1 [11.0 kB]
#10 4.417 Get:11 http://deb.debian.org/debian trixie/main amd64 libtirpc3t64 amd64 1.3.6+ds-1 [83.3 kB]
#10 4.432 Get:12 http://deb.debian.org/debian trixie/main amd64 libxtables12 amd64 1.8.11-2 [31.9 kB]
#10 4.444 Get:13 http://deb.debian.org/debian trixie/main amd64 libcap2-bin amd64 1:2.75-10+b8 [36.4 kB]
#10 4.516 Get:14 http://deb.debian.org/debian trixie/main amd64 iproute2 amd64 6.15.0-1 [1089 kB]
#10 4.542 Get:15 http://deb.debian.org/debian trixie/main amd64 libproc2-0 amd64 2:4.0.4-9 [65.6 kB]
#10 4.543 Get:16 http://deb.debian.org/debian trixie/main amd64 procps amd64 2:4.0.4-9 [882 kB]
#10 4.557 Get:17 http://deb.debian.org/debian trixie/main amd64 libbrotli1 amd64 1.1.0-2+b7 [307 kB]
#10 4.562 Get:18 http://deb.debian.org/debian trixie/main amd64 libunistring5 amd64 1.3-2 [477 kB]
#10 4.572 Get:19 http://deb.debian.org/debian trixie/main amd64 libidn2-0 amd64 2.3.8-2 [109 kB]
#10 4.578 Get:20 http://deb.debian.org/debian trixie/main amd64 libsasl2-modules-db amd64 2.1.28+dfsg1-9 [19.8 kB]
#10 4.580 Get:21 http://deb.debian.org/debian trixie/main amd64 libsasl2-2 amd64 2.1.28+dfsg1-9 [57.5 kB]
#10 4.583 Get:22 http://deb.debian.org/debian trixie/main amd64 libldap2 amd64 2.6.10+dfsg-1 [194 kB]
#10 4.593 Get:23 http://deb.debian.org/debian trixie/main amd64 libnghttp2-14 amd64 1.64.0-1.1 [76.0 kB]
#10 4.597 Get:24 http://deb.debian.org/debian trixie/main amd64 libnghttp3-9 amd64 1.8.0-1 [67.7 kB]
#10 4.600 Get:25 http://deb.debian.org/debian trixie/main amd64 libpsl5t64 amd64 0.21.2-1.1+b1 [57.2 kB]
#10 4.604 Get:26 http://deb.debian.org/debian trixie/main amd64 libp11-kit0 amd64 0.25.5-3 [425 kB]
#10 4.613 Get:27 http://deb.debian.org/debian trixie/main amd64 libtasn1-6 amd64 4.20.0-2 [49.9 kB]
#10 4.615 Get:28 http://deb.debian.org/debian trixie/main amd64 libgnutls30t64 amd64 3.8.9-3+deb13u2 [1468 kB]
#10 4.649 Get:29 http://deb.debian.org/debian trixie/main amd64 librtmp1 amd64 2.4+20151223.gitfa8646d.1-2+b5 [58.8 kB]
#10 4.651 Get:30 http://deb.debian.org/debian trixie/main amd64 libssh2-1t64 amd64 1.11.1-1 [245 kB]
#10 4.654 Get:31 http://deb.debian.org/debian trixie/main amd64 libcurl4t64 amd64 8.14.1-2+deb13u2 [391 kB]
#10 4.658 Get:32 http://deb.debian.org/debian trixie/main amd64 curl amd64 8.14.1-2+deb13u2 [270 kB]
#10 4.661 Get:33 http://deb.debian.org/debian trixie/main amd64 libgpg-error0 amd64 1.51-4 [82.1 kB]
#10 4.662 Get:34 http://deb.debian.org/debian trixie/main amd64 libgcrypt20 amd64 1.11.0-7 [843 kB]
#10 4.671 Get:35 http://deb.debian.org/debian trixie/main amd64 libwrap0 amd64 7.6.q-36 [55.3 kB]
#10 4.672 Get:36 http://deb.debian.org/debian trixie/main amd64 libxml2 amd64 2.12.7+dfsg+really2.9.14-2.1+deb13u2 [698 kB]
#10 4.689 Get:37 http://deb.debian.org/debian trixie/main amd64 libxslt1.1 amd64 1.1.35-1.2+deb13u2 [233 kB]
#10 4.700 Get:38 http://deb.debian.org/debian trixie/main amd64 libxmlsec1t64 amd64 1.2.41-1+b1 [155 kB]
#10 4.702 Get:39 http://deb.debian.org/debian trixie/main amd64 libxmlsec1t64-openssl amd64 1.2.41-1+b1 [87.2 kB]
#10 4.703 Get:40 http://deb.debian.org/debian trixie/main amd64 net-tools amd64 2.10-1.3 [245 kB]
#10 4.704 Get:41 http://deb.debian.org/debian trixie/main amd64 netcat-openbsd amd64 1.229-1 [42.5 kB]
#10 4.728 Get:42 http://deb.debian.org/debian trixie/main amd64 socat amd64 1.8.0.3-1 [423 kB]
#10 4.975 debconf: unable to initialize frontend: Dialog
#10 4.975 debconf: (TERM is not set, so the dialog frontend is not usable.)
#10 4.975 debconf: falling back to frontend: Readline
#10 4.975 debconf: unable to initialize frontend: Readline
#10 4.975 debconf: (Can't locate Term/ReadLine.pm in @INC (you may need to install the Term::ReadLine module) (@INC entries checked: /etc/perl /usr/local/lib/x86_64-linux-gnu/perl/5.40.1 /usr/local/share/perl/5.40.1 /usr/lib/x86_64-linux-gnu/perl5/5.40 /usr/share/perl5 /usr/lib/x86_64-linux-gnu/perl-base /usr/lib/x86_64-linux-gnu/perl/5.40 /usr/share/perl/5.40 /usr/local/lib/site_perl) at /usr/share/perl5/Debconf/FrontEnd/Readline.pm line 8, <STDIN> line 42.)
#10 4.975 debconf: falling back to frontend: Teletype
#10 4.982 debconf: unable to initialize frontend: Teletype
#10 4.982 debconf: (This frontend requires a controlling tty.)
#10 4.982 debconf: falling back to frontend: Noninteractive
#10 6.809 Preconfiguring packages ...
#10 6.886 Fetched 10.3 MB in 0s (23.6 MB/s)
#10 6.923 Selecting previously unselected package libelf1t64:amd64.
#10 6.923 (Reading database ... (Reading database ... 5%(Reading database ... 10%(Reading database ... 15%(Reading database ... 20%(Reading database ... 25%(Reading database ... 30%(Reading database ... 35%(Reading database ... 40%(Reading database ... 45%(Reading database ... 50%(Reading database ... 55%(Reading database ... 60%(Reading database ... 65%(Reading database ... 70%(Reading database ... 75%(Reading database ... 80%(Reading database ... 85%(Reading database ... 90%(Reading database ... 95%(Reading database ... 100%(Reading database ... 5645 files and directories currently installed.)
#10 6.941 Preparing to unpack .../00-libelf1t64_0.192-4_amd64.deb ...
#10 6.951 Unpacking libelf1t64:amd64 (0.192-4) ...
#10 7.007 Selecting previously unselected package libbpf1:amd64.
#10 7.009 Preparing to unpack .../01-libbpf1_1%3a1.5.0-3_amd64.deb ...
#10 7.012 Unpacking libbpf1:amd64 (1:1.5.0-3) ...
#10 7.057 Selecting previously unselected package libmnl0:amd64.
#10 7.059 Preparing to unpack .../02-libmnl0_1.0.5-3_amd64.deb ...
#10 7.061 Unpacking libmnl0:amd64 (1.0.5-3) ...
#10 7.102 Selecting previously unselected package libkrb5support0:amd64.
#10 7.104 Preparing to unpack .../03-libkrb5support0_1.21.3-5_amd64.deb ...
#10 7.110 Unpacking libkrb5support0:amd64 (1.21.3-5) ...
#10 7.146 Selecting previously unselected package libcom-err2:amd64.
#10 7.148 Preparing to unpack .../04-libcom-err2_1.47.2-3+b10_amd64.deb ...
#10 7.151 Unpacking libcom-err2:amd64 (1.47.2-3+b10) ...
#10 7.190 Selecting previously unselected package libk5crypto3:amd64.
#10 7.191 Preparing to unpack .../05-libk5crypto3_1.21.3-5_amd64.deb ...
#10 7.200 Unpacking libk5crypto3:amd64 (1.21.3-5) ...
#10 7.244 Selecting previously unselected package libkeyutils1:amd64.
#10 7.245 Preparing to unpack .../06-libkeyutils1_1.6.3-6_amd64.deb ...
#10 7.248 Unpacking libkeyutils1:amd64 (1.6.3-6) ...
#10 7.282 Selecting previously unselected package libkrb5-3:amd64.
#10 7.283 Preparing to unpack .../07-libkrb5-3_1.21.3-5_amd64.deb ...
#10 7.286 Unpacking libkrb5-3:amd64 (1.21.3-5) ...
#10 7.351 Selecting previously unselected package libgssapi-krb5-2:amd64.
#10 7.353 Preparing to unpack .../08-libgssapi-krb5-2_1.21.3-5_amd64.deb ...
#10 7.356 Unpacking libgssapi-krb5-2:amd64 (1.21.3-5) ...
#10 7.398 Selecting previously unselected package libtirpc-common.
#10 7.400 Preparing to unpack .../09-libtirpc-common_1.3.6+ds-1_all.deb ...
#10 7.403 Unpacking libtirpc-common (1.3.6+ds-1) ...
#10 7.440 Selecting previously unselected package libtirpc3t64:amd64.
#10 7.442 Preparing to unpack .../10-libtirpc3t64_1.3.6+ds-1_amd64.deb ...
#10 7.451 Adding 'diversion of /lib/x86_64-linux-gnu/libtirpc.so.3 to /lib/x86_64-linux-gnu/libtirpc.so.3.usr-is-merged by libtirpc3t64'
#10 7.461 Adding 'diversion of /lib/x86_64-linux-gnu/libtirpc.so.3.0.0 to /lib/x86_64-linux-gnu/libtirpc.so.3.0.0.usr-is-merged by libtirpc3t64'
#10 7.465 Unpacking libtirpc3t64:amd64 (1.3.6+ds-1) ...
#10 7.507 Selecting previously unselected package libxtables12:amd64.
#10 7.508 Preparing to unpack .../11-libxtables12_1.8.11-2_amd64.deb ...
#10 7.511 Unpacking libxtables12:amd64 (1.8.11-2) ...
#10 7.543 Selecting previously unselected package libcap2-bin.
#10 7.544 Preparing to unpack .../12-libcap2-bin_1%3a2.75-10+b8_amd64.deb ...
#10 7.547 Unpacking libcap2-bin (1:2.75-10+b8) ...
#10 7.593 Selecting previously unselected package iproute2.
#10 7.595 Preparing to unpack .../13-iproute2_6.15.0-1_amd64.deb ...
#10 7.665 Unpacking iproute2 (6.15.0-1) ...
#10 7.778 Selecting previously unselected package libproc2-0:amd64.
#10 7.780 Preparing to unpack .../14-libproc2-0_2%3a4.0.4-9_amd64.deb ...
#10 7.783 Unpacking libproc2-0:amd64 (2:4.0.4-9) ...
#10 7.833 Selecting previously unselected package procps.
#10 7.835 Preparing to unpack .../15-procps_2%3a4.0.4-9_amd64.deb ...
#10 7.845 Unpacking procps (2:4.0.4-9) ...
#10 7.937 Selecting previously unselected package libbrotli1:amd64.
#10 7.939 Preparing to unpack .../16-libbrotli1_1.1.0-2+b7_amd64.deb ...
#10 7.942 Unpacking libbrotli1:amd64 (1.1.0-2+b7) ...
#10 7.998 Selecting previously unselected package libunistring5:amd64.
#10 8.000 Preparing to unpack .../17-libunistring5_1.3-2_amd64.deb ...
#10 8.003 Unpacking libunistring5:amd64 (1.3-2) ...
#10 8.078 Selecting previously unselected package libidn2-0:amd64.
#10 8.080 Preparing to unpack .../18-libidn2-0_2.3.8-2_amd64.deb ...
#10 8.083 Unpacking libidn2-0:amd64 (2.3.8-2) ...
#10 8.125 Selecting previously unselected package libsasl2-modules-db:amd64.
#10 8.126 Preparing to unpack .../19-libsasl2-modules-db_2.1.28+dfsg1-9_amd64.deb ...
#10 8.129 Unpacking libsasl2-modules-db:amd64 (2.1.28+dfsg1-9) ...
#10 8.163 Selecting previously unselected package libsasl2-2:amd64.
#10 8.165 Preparing to unpack .../20-libsasl2-2_2.1.28+dfsg1-9_amd64.deb ...
#10 8.168 Unpacking libsasl2-2:amd64 (2.1.28+dfsg1-9) ...
#10 8.213 Selecting previously unselected package libldap2:amd64.
#10 8.215 Preparing to unpack .../21-libldap2_2.6.10+dfsg-1_amd64.deb ...
#10 8.221 Unpacking libldap2:amd64 (2.6.10+dfsg-1) ...
#10 8.268 Selecting previously unselected package libnghttp2-14:amd64.
#10 8.270 Preparing to unpack .../22-libnghttp2-14_1.64.0-1.1_amd64.deb ...
#10 8.273 Unpacking libnghttp2-14:amd64 (1.64.0-1.1) ...
#10 8.313 Selecting previously unselected package libnghttp3-9:amd64.
#10 8.315 Preparing to unpack .../23-libnghttp3-9_1.8.0-1_amd64.deb ...
#10 8.318 Unpacking libnghttp3-9:amd64 (1.8.0-1) ...
#10 8.360 Selecting previously unselected package libpsl5t64:amd64.
#10 8.362 Preparing to unpack .../24-libpsl5t64_0.21.2-1.1+b1_amd64.deb ...
#10 8.365 Unpacking libpsl5t64:amd64 (0.21.2-1.1+b1) ...
#10 8.406 Selecting previously unselected package libp11-kit0:amd64.
#10 8.408 Preparing to unpack .../25-libp11-kit0_0.25.5-3_amd64.deb ...
#10 8.414 Unpacking libp11-kit0:amd64 (0.25.5-3) ...
#10 8.477 Selecting previously unselected package libtasn1-6:amd64.
#10 8.478 Preparing to unpack .../26-libtasn1-6_4.20.0-2_amd64.deb ...
#10 8.481 Unpacking libtasn1-6:amd64 (4.20.0-2) ...
#10 8.519 Selecting previously unselected package libgnutls30t64:amd64.
#10 8.520 Preparing to unpack .../27-libgnutls30t64_3.8.9-3+deb13u2_amd64.deb ...
#10 8.524 Unpacking libgnutls30t64:amd64 (3.8.9-3+deb13u2) ...
#10 8.631 Selecting previously unselected package librtmp1:amd64.
#10 8.633 Preparing to unpack .../28-librtmp1_2.4+20151223.gitfa8646d.1-2+b5_amd64.deb ...
#10 8.636 Unpacking librtmp1:amd64 (2.4+20151223.gitfa8646d.1-2+b5) ...
#10 8.674 Selecting previously unselected package libssh2-1t64:amd64.
#10 8.676 Preparing to unpack .../29-libssh2-1t64_1.11.1-1_amd64.deb ...
#10 8.679 Unpacking libssh2-1t64:amd64 (1.11.1-1) ...
#10 8.722 Selecting previously unselected package libcurl4t64:amd64.
#10 8.724 Preparing to unpack .../30-libcurl4t64_8.14.1-2+deb13u2_amd64.deb ...
#10 8.727 Unpacking libcurl4t64:amd64 (8.14.1-2+deb13u2) ...
#10 8.789 Selecting previously unselected package curl.
#10 8.791 Preparing to unpack .../31-curl_8.14.1-2+deb13u2_amd64.deb ...
#10 8.794 Unpacking curl (8.14.1-2+deb13u2) ...
#10 8.848 Selecting previously unselected package libgpg-error0:amd64.
#10 8.850 Preparing to unpack .../32-libgpg-error0_1.51-4_amd64.deb ...
#10 8.853 Unpacking libgpg-error0:amd64 (1.51-4) ...
#10 8.902 Selecting previously unselected package libgcrypt20:amd64.
#10 8.903 Preparing to unpack .../33-libgcrypt20_1.11.0-7_amd64.deb ...
#10 8.906 Unpacking libgcrypt20:amd64 (1.11.0-7) ...
#10 8.987 Selecting previously unselected package libwrap0:amd64.
#10 8.989 Preparing to unpack .../34-libwrap0_7.6.q-36_amd64.deb ...
#10 8.992 Unpacking libwrap0:amd64 (7.6.q-36) ...
#10 9.038 Selecting previously unselected package libxml2:amd64.
#10 9.040 Preparing to unpack .../35-libxml2_2.12.7+dfsg+really2.9.14-2.1+deb13u2_amd64.deb ...
#10 9.046 Unpacking libxml2:amd64 (2.12.7+dfsg+really2.9.14-2.1+deb13u2) ...
#10 9.130 Selecting previously unselected package libxslt1.1:amd64.
#10 9.133 Preparing to unpack .../36-libxslt1.1_1.1.35-1.2+deb13u2_amd64.deb ...
#10 9.136 Unpacking libxslt1.1:amd64 (1.1.35-1.2+deb13u2) ...
#10 9.198 Selecting previously unselected package libxmlsec1t64:amd64.
#10 9.199 Preparing to unpack .../37-libxmlsec1t64_1.2.41-1+b1_amd64.deb ...
#10 9.206 Unpacking libxmlsec1t64:amd64 (1.2.41-1+b1) ...
#10 9.251 Selecting previously unselected package libxmlsec1t64-openssl:amd64.
#10 9.253 Preparing to unpack .../38-libxmlsec1t64-openssl_1.2.41-1+b1_amd64.deb ...
#10 9.256 Unpacking libxmlsec1t64-openssl:amd64 (1.2.41-1+b1) ...
#10 9.294 Selecting previously unselected package net-tools.
#10 9.295 Preparing to unpack .../39-net-tools_2.10-1.3_amd64.deb ...
#10 9.299 Unpacking net-tools (2.10-1.3) ...
#10 9.349 Selecting previously unselected package netcat-openbsd.
#10 9.351 Preparing to unpack .../40-netcat-openbsd_1.229-1_amd64.deb ...
#10 9.357 Unpacking netcat-openbsd (1.229-1) ...
#10 9.392 Selecting previously unselected package socat.
#10 9.394 Preparing to unpack .../41-socat_1.8.0.3-1_amd64.deb ...
#10 9.400 Unpacking socat (1.8.0.3-1) ...
#10 9.476 Setting up net-tools (2.10-1.3) ...
#10 9.495 Setting up libkeyutils1:amd64 (1.6.3-6) ...
#10 9.511 Setting up libgpg-error0:amd64 (1.51-4) ...
#10 9.525 Setting up libtirpc-common (1.3.6+ds-1) ...
#10 9.539 Setting up libbrotli1:amd64 (1.1.0-2+b7) ...
#10 9.547 Setting up netcat-openbsd (1.229-1) ...
#10 9.558 update-alternatives: using /bin/nc.openbsd to provide /bin/nc (nc) in auto mode
#10 9.558 update-alternatives: warning: skip creation of /usr/share/man/man1/nc.1.gz because associated file /usr/share/man/man1/nc_openbsd.1.gz (of link group nc) doesn't exist
#10 9.558 update-alternatives: warning: skip creation of /usr/share/man/man1/netcat.1.gz because associated file /usr/share/man/man1/nc_openbsd.1.gz (of link group nc) doesn't exist
#10 9.564 Setting up libnghttp2-14:amd64 (1.64.0-1.1) ...
#10 9.572 Setting up libgcrypt20:amd64 (1.11.0-7) ...
#10 9.582 Setting up libcom-err2:amd64 (1.47.2-3+b10) ...
#10 9.593 Setting up libelf1t64:amd64 (0.192-4) ...
#10 9.606 Setting up libkrb5support0:amd64 (1.21.3-5) ...
#10 9.623 Setting up libsasl2-modules-db:amd64 (2.1.28+dfsg1-9) ...
#10 9.639 Setting up libcap2-bin (1:2.75-10+b8) ...
#10 9.648 Setting up libwrap0:amd64 (7.6.q-36) ...
#10 9.667 Setting up socat (1.8.0.3-1) ...
#10 9.681 Setting up libp11-kit0:amd64 (0.25.5-3) ...
#10 9.694 Setting up libproc2-0:amd64 (2:4.0.4-9) ...
#10 9.705 Setting up libunistring5:amd64 (1.3-2) ...
#10 9.724 Setting up libmnl0:amd64 (1.0.5-3) ...
#10 9.741 Setting up libk5crypto3:amd64 (1.21.3-5) ...
#10 9.758 Setting up libxtables12:amd64 (1.8.11-2) ...
#10 9.775 Setting up libsasl2-2:amd64 (2.1.28+dfsg1-9) ...
#10 9.787 Setting up libnghttp3-9:amd64 (1.8.0-1) ...
#10 9.804 Setting up procps (2:4.0.4-9) ...
#10 9.845 Setting up libtasn1-6:amd64 (4.20.0-2) ...
#10 9.855 Setting up libkrb5-3:amd64 (1.21.3-5) ...
#10 9.871 Setting up libssh2-1t64:amd64 (1.11.1-1) ...
#10 9.884 Setting up libxml2:amd64 (2.12.7+dfsg+really2.9.14-2.1+deb13u2) ...
#10 9.897 Setting up libldap2:amd64 (2.6.10+dfsg-1) ...
#10 9.912 Setting up libbpf1:amd64 (1:1.5.0-3) ...
#10 9.925 Setting up libidn2-0:amd64 (2.3.8-2) ...
#10 9.934 Setting up libgssapi-krb5-2:amd64 (1.21.3-5) ...
#10 9.952 Setting up libxslt1.1:amd64 (1.1.35-1.2+deb13u2) ...
#10 9.965 Setting up libgnutls30t64:amd64 (3.8.9-3+deb13u2) ...
#10 9.986 Setting up libtirpc3t64:amd64 (1.3.6+ds-1) ...
#10 9.996 Setting up iproute2 (6.15.0-1) ...
#10 10.11 debconf: unable to initialize frontend: Dialog
#10 10.11 debconf: (TERM is not set, so the dialog frontend is not usable.)
#10 10.11 debconf: falling back to frontend: Readline
#10 10.11 debconf: unable to initialize frontend: Readline
#10 10.11 debconf: (Can't locate Term/ReadLine.pm in @INC (you may need to install the Term::ReadLine module) (@INC entries checked: /etc/perl /usr/local/lib/x86_64-linux-gnu/perl/5.40.1 /usr/local/share/perl/5.40.1 /usr/lib/x86_64-linux-gnu/perl5/5.40 /usr/share/perl5 /usr/lib/x86_64-linux-gnu/perl-base /usr/lib/x86_64-linux-gnu/perl/5.40 /usr/share/perl/5.40 /usr/local/lib/site_perl) at /usr/share/perl5/Debconf/FrontEnd/Readline.pm line 8.)
#10 10.11 debconf: falling back to frontend: Teletype
#10 10.12 debconf: unable to initialize frontend: Teletype
#10 10.12 debconf: (This frontend requires a controlling tty.)
#10 10.12 debconf: falling back to frontend: Noninteractive
#10 ...

#11 [builder  4/10] RUN apt-get update && apt-get install -y --no-install-recommends     gcc     libxml2-dev     libxmlsec1-dev     libxmlsec1-openssl     libxslt1-dev     pkg-config     zlib1g-dev     && rm -rf /var/lib/apt/lists/*
#11 0.172 Hit:1 http://deb.debian.org/debian trixie InRelease
#11 0.172 Get:2 http://deb.debian.org/debian trixie-updates InRelease [47.3 kB]
#11 0.178 Get:3 http://deb.debian.org/debian-security trixie-security InRelease [43.4 kB]
#11 0.210 Get:4 http://deb.debian.org/debian trixie/main amd64 Packages [9671 kB]
#11 0.376 Get:5 http://deb.debian.org/debian trixie-updates/main amd64 Packages [5412 B]
#11 0.382 Get:6 http://deb.debian.org/debian-security trixie-security/main amd64 Packages [156 kB]
#11 1.559 Fetched 9923 kB in 1s (7037 kB/s)
#11 1.559 Reading package lists...
#11 2.464 Reading package lists...
#11 3.330 Building dependency tree...
#11 3.493 Reading state information...
#11 3.707 The following additional packages will be installed:
#11 3.707   binutils binutils-common binutils-x86-64-linux-gnu cpp cpp-14
#11 3.707   cpp-14-x86-64-linux-gnu cpp-x86-64-linux-gnu gcc-14 gcc-14-x86-64-linux-gnu
#11 3.707   gcc-x86-64-linux-gnu libasan8 libatomic1 libbinutils libc-dev-bin libc6-dev
#11 3.707   libcc1-0 libcrypt-dev libctf-nobfd0 libctf0 libevent-2.1-7t64 libgcc-14-dev
#11 3.707   libgcrypt20 libgcrypt20-dev libgmp-dev libgmpxx4ldbl libgnutls-dane0t64
#11 3.707   libgnutls-openssl27t64 libgnutls28-dev libgnutls30t64 libgomp1
#11 3.707   libgpg-error-dev libgpg-error0 libgprofng0 libhwasan0 libidn2-0 libidn2-dev
#11 3.707   libisl23 libitm1 libjansson4 liblsan0 libmpc3 libmpfr6 libnspr4 libnspr4-dev
#11 3.708   libnss3 libnss3-dev libp11-kit-dev libp11-kit0 libpkgconf3 libquadmath0
#11 3.708   libsframe1 libssl-dev libtasn1-6 libtasn1-6-dev libtsan2 libubsan1
#11 3.708   libunbound8 libunistring5 libxml2 libxmlsec1t64 libxmlsec1t64-gcrypt
#11 3.708   libxmlsec1t64-gnutls libxmlsec1t64-nss libxslt1.1 linux-libc-dev nettle-dev
#11 3.708   pkgconf pkgconf-bin rpcsvc-proto
#11 3.709 Suggested packages:
#11 3.709   binutils-doc gprofng-gui binutils-gold cpp-doc gcc-14-locales cpp-14-doc
#11 3.709   gcc-multilib make manpages-dev autoconf automake libtool flex bison gdb
#11 3.709   gcc-doc gcc-14-multilib gcc-14-doc gdb-x86-64-linux-gnu libc-devtools
#11 3.709   glibc-doc rng-tools libgcrypt-bin libgcrypt20-doc gmp-doc libgmp10-doc
#11 3.709   libmpfr-dev dns-root-data gnutls-bin gnutls-doc p11-kit-doc libssl-doc
#11 3.709 Recommended packages:
#11 3.709   manpages manpages-dev libgpg-error-l10n libtasn1-doc
#11 4.219 The following NEW packages will be installed:
#11 4.219   binutils binutils-common binutils-x86-64-linux-gnu cpp cpp-14
#11 4.219   cpp-14-x86-64-linux-gnu cpp-x86-64-linux-gnu gcc gcc-14
#11 4.220   gcc-14-x86-64-linux-gnu gcc-x86-64-linux-gnu libasan8 libatomic1 libbinutils
#11 4.220   libc-dev-bin libc6-dev libcc1-0 libcrypt-dev libctf-nobfd0 libctf0
#11 4.220   libevent-2.1-7t64 libgcc-14-dev libgcrypt20 libgcrypt20-dev libgmp-dev
#11 4.220   libgmpxx4ldbl libgnutls-dane0t64 libgnutls-openssl27t64 libgnutls28-dev
#11 4.220   libgnutls30t64 libgomp1 libgpg-error-dev libgpg-error0 libgprofng0
#11 4.220   libhwasan0 libidn2-0 libidn2-dev libisl23 libitm1 libjansson4 liblsan0
#11 4.220   libmpc3 libmpfr6 libnspr4 libnspr4-dev libnss3 libnss3-dev libp11-kit-dev
#11 4.220   libp11-kit0 libpkgconf3 libquadmath0 libsframe1 libssl-dev libtasn1-6
#11 4.220   libtasn1-6-dev libtsan2 libubsan1 libunbound8 libunistring5 libxml2
#11 4.220   libxml2-dev libxmlsec1-dev libxmlsec1t64 libxmlsec1t64-gcrypt
#11 4.220   libxmlsec1t64-gnutls libxmlsec1t64-nss libxmlsec1t64-openssl libxslt1-dev
#11 4.221   libxslt1.1 linux-libc-dev nettle-dev pkg-config pkgconf pkgconf-bin
#11 4.221   rpcsvc-proto zlib1g-dev
#11 4.259 0 upgraded, 76 newly installed, 0 to remove and 0 not upgraded.
#11 4.259 Need to get 76.1 MB of archives.
#11 4.259 After this operation, 284 MB of additional disk space will be used.
#11 4.259 Get:1 http://deb.debian.org/debian trixie/main amd64 libsframe1 amd64 2.44-3 [78.4 kB]
#11 4.261 Get:2 http://deb.debian.org/debian trixie/main amd64 binutils-common amd64 2.44-3 [2509 kB]
#11 4.285 Get:3 http://deb.debian.org/debian trixie/main amd64 libbinutils amd64 2.44-3 [534 kB]
#11 4.290 Get:4 http://deb.debian.org/debian trixie/main amd64 libgprofng0 amd64 2.44-3 [808 kB]
#11 4.296 Get:5 http://deb.debian.org/debian trixie/main amd64 libctf-nobfd0 amd64 2.44-3 [156 kB]
#11 4.297 Get:6 http://deb.debian.org/debian trixie/main amd64 libctf0 amd64 2.44-3 [88.6 kB]
#11 4.298 Get:7 http://deb.debian.org/debian trixie/main amd64 libjansson4 amd64 2.14-2+b3 [39.8 kB]
#11 4.298 Get:8 http://deb.debian.org/debian trixie/main amd64 binutils-x86-64-linux-gnu amd64 2.44-3 [1014 kB]
#11 4.308 Get:9 http://deb.debian.org/debian trixie/main amd64 binutils amd64 2.44-3 [265 kB]
#11 4.310 Get:10 http://deb.debian.org/debian trixie/main amd64 libisl23 amd64 0.27-1 [659 kB]
#11 4.315 Get:11 http://deb.debian.org/debian trixie/main amd64 libmpfr6 amd64 4.2.2-1 [729 kB]
#11 4.322 Get:12 http://deb.debian.org/debian trixie/main amd64 libmpc3 amd64 1.3.1-1+b3 [52.2 kB]
#11 4.323 Get:13 http://deb.debian.org/debian trixie/main amd64 cpp-14-x86-64-linux-gnu amd64 14.2.0-19 [11.0 MB]
#11 4.512 Get:14 http://deb.debian.org/debian trixie/main amd64 cpp-14 amd64 14.2.0-19 [1280 B]
#11 4.512 Get:15 http://deb.debian.org/debian trixie/main amd64 cpp-x86-64-linux-gnu amd64 4:14.2.0-1 [4840 B]
#11 4.513 Get:16 http://deb.debian.org/debian trixie/main amd64 cpp amd64 4:14.2.0-1 [1568 B]
#11 4.513 Get:17 http://deb.debian.org/debian trixie/main amd64 libcc1-0 amd64 14.2.0-19 [42.8 kB]
#11 4.513 Get:18 http://deb.debian.org/debian trixie/main amd64 libgomp1 amd64 14.2.0-19 [137 kB]
#11 4.514 Get:19 http://deb.debian.org/debian trixie/main amd64 libitm1 amd64 14.2.0-19 [26.0 kB]
#11 4.515 Get:20 http://deb.debian.org/debian trixie/main amd64 libatomic1 amd64 14.2.0-19 [9308 B]
#11 4.515 Get:21 http://deb.debian.org/debian trixie/main amd64 libasan8 amd64 14.2.0-19 [2725 kB]
#11 4.536 Get:22 http://deb.debian.org/debian trixie/main amd64 liblsan0 amd64 14.2.0-19 [1204 kB]
#11 4.548 Get:23 http://deb.debian.org/debian trixie/main amd64 libtsan2 amd64 14.2.0-19 [2460 kB]
#11 4.569 Get:24 http://deb.debian.org/debian trixie/main amd64 libubsan1 amd64 14.2.0-19 [1074 kB]
#11 4.580 Get:25 http://deb.debian.org/debian trixie/main amd64 libhwasan0 amd64 14.2.0-19 [1488 kB]
#11 4.593 Get:26 http://deb.debian.org/debian trixie/main amd64 libquadmath0 amd64 14.2.0-19 [145 kB]
#11 4.594 Get:27 http://deb.debian.org/debian trixie/main amd64 libgcc-14-dev amd64 14.2.0-19 [2672 kB]
#11 4.617 Get:28 http://deb.debian.org/debian trixie/main amd64 gcc-14-x86-64-linux-gnu amd64 14.2.0-19 [21.4 MB]
#11 4.834 Get:29 http://deb.debian.org/debian trixie/main amd64 gcc-14 amd64 14.2.0-19 [540 kB]
#11 4.839 Get:30 http://deb.debian.org/debian trixie/main amd64 gcc-x86-64-linux-gnu amd64 4:14.2.0-1 [1436 B]
#11 4.839 Get:31 http://deb.debian.org/debian trixie/main amd64 gcc amd64 4:14.2.0-1 [5136 B]
#11 4.839 Get:32 http://deb.debian.org/debian trixie/main amd64 libc-dev-bin amd64 2.41-12+deb13u2 [59.4 kB]
#11 4.840 Get:33 http://deb.debian.org/debian-security trixie-security/main amd64 linux-libc-dev all 6.12.86-1 [2807 kB]
#11 4.859 Get:34 http://deb.debian.org/debian trixie/main amd64 libcrypt-dev amd64 1:4.4.38-1 [119 kB]
#11 4.860 Get:35 http://deb.debian.org/debian trixie/main amd64 rpcsvc-proto amd64 1.4.3-1 [63.3 kB]
#11 4.860 Get:36 http://deb.debian.org/debian trixie/main amd64 libc6-dev amd64 2.41-12+deb13u2 [1996 kB]
#11 4.902 Get:37 http://deb.debian.org/debian trixie/main amd64 libevent-2.1-7t64 amd64 2.1.12-stable-10+b1 [182 kB]
#11 4.910 Get:38 http://deb.debian.org/debian trixie/main amd64 libgpg-error0 amd64 1.51-4 [82.1 kB]
#11 4.912 Get:39 http://deb.debian.org/debian trixie/main amd64 libgcrypt20 amd64 1.11.0-7 [843 kB]
#11 4.938 Get:40 http://deb.debian.org/debian trixie/main amd64 libgpg-error-dev amd64 1.51-4 [140 kB]
#11 4.999 Get:41 http://deb.debian.org/debian trixie/main amd64 libgcrypt20-dev amd64 1.11.0-7 [891 kB]
#11 5.038 Get:42 http://deb.debian.org/debian trixie/main amd64 libgmpxx4ldbl amd64 2:6.3.0+dfsg-3 [329 kB]
#11 5.086 Get:43 http://deb.debian.org/debian trixie/main amd64 libgmp-dev amd64 2:6.3.0+dfsg-3 [642 kB]
#11 5.097 Get:44 http://deb.debian.org/debian trixie/main amd64 libunistring5 amd64 1.3-2 [477 kB]
#11 5.102 Get:45 http://deb.debian.org/debian trixie/main amd64 libidn2-0 amd64 2.3.8-2 [109 kB]
#11 5.103 Get:46 http://deb.debian.org/debian trixie/main amd64 libp11-kit0 amd64 0.25.5-3 [425 kB]
#11 5.109 Get:47 http://deb.debian.org/debian trixie/main amd64 libtasn1-6 amd64 4.20.0-2 [49.9 kB]
#11 5.109 Get:48 http://deb.debian.org/debian trixie/main amd64 libgnutls30t64 amd64 3.8.9-3+deb13u2 [1468 kB]
#11 5.150 Get:49 http://deb.debian.org/debian trixie/main amd64 libunbound8 amd64 1.22.0-2+deb13u1 [598 kB]
#11 5.190 Get:50 http://deb.debian.org/debian trixie/main amd64 libgnutls-dane0t64 amd64 3.8.9-3+deb13u2 [455 kB]
#11 5.229 Get:51 http://deb.debian.org/debian trixie/main amd64 libgnutls-openssl27t64 amd64 3.8.9-3+deb13u2 [455 kB]
#11 5.250 Get:52 http://deb.debian.org/debian trixie/main amd64 libidn2-dev amd64 2.3.8-2 [103 kB]
#11 5.272 Get:53 http://deb.debian.org/debian trixie/main amd64 libp11-kit-dev amd64 0.25.5-3 [208 kB]
#11 5.288 Get:54 http://deb.debian.org/debian trixie/main amd64 libtasn1-6-dev amd64 4.20.0-2 [99.2 kB]
#11 5.367 Get:55 http://deb.debian.org/debian trixie/main amd64 nettle-dev amd64 3.10.1-1 [1318 kB]
#11 5.460 Get:56 http://deb.debian.org/debian trixie/main amd64 libgnutls28-dev amd64 3.8.9-3+deb13u2 [1409 kB]
#11 5.497 Get:57 http://deb.debian.org/debian trixie/main amd64 libnspr4 amd64 2:4.36-1 [110 kB]
#11 5.518 Get:58 http://deb.debian.org/debian trixie/main amd64 libnspr4-dev amd64 2:4.36-1 [207 kB]
#11 5.598 Get:59 http://deb.debian.org/debian trixie/main amd64 libnss3 amd64 2:3.110-1+deb13u1 [1395 kB]
#11 5.642 Get:60 http://deb.debian.org/debian trixie/main amd64 libnss3-dev amd64 2:3.110-1+deb13u1 [251 kB]
#11 5.648 Get:61 http://deb.debian.org/debian trixie/main amd64 libpkgconf3 amd64 1.8.1-4 [36.4 kB]
#11 5.819 Get:62 http://deb.debian.org/debian-security trixie-security/main amd64 libssl-dev amd64 3.5.5-1~deb13u2 [2954 kB]
#11 5.854 Get:63 http://deb.debian.org/debian trixie/main amd64 libxml2 amd64 2.12.7+dfsg+really2.9.14-2.1+deb13u2 [698 kB]
#11 5.884 Get:64 http://deb.debian.org/debian trixie/main amd64 libxml2-dev amd64 2.12.7+dfsg+really2.9.14-2.1+deb13u2 [794 kB]
#11 5.900 Get:65 http://deb.debian.org/debian trixie/main amd64 libxslt1.1 amd64 1.1.35-1.2+deb13u2 [233 kB]
#11 5.903 Get:66 http://deb.debian.org/debian trixie/main amd64 libxmlsec1t64 amd64 1.2.41-1+b1 [155 kB]
#11 5.909 Get:67 http://deb.debian.org/debian trixie/main amd64 libxmlsec1t64-gcrypt amd64 1.2.41-1+b1 [45.4 kB]
#11 5.921 Get:68 http://deb.debian.org/debian trixie/main amd64 libxmlsec1t64-gnutls amd64 1.2.41-1+b1 [38.3 kB]
#11 5.933 Get:69 http://deb.debian.org/debian trixie/main amd64 libxmlsec1t64-nss amd64 1.2.41-1+b1 [66.0 kB]
#11 5.937 Get:70 http://deb.debian.org/debian trixie/main amd64 libxmlsec1t64-openssl amd64 1.2.41-1+b1 [87.2 kB]
#11 5.953 Get:71 http://deb.debian.org/debian trixie/main amd64 libxslt1-dev amd64 1.1.35-1.2+deb13u2 [346 kB]
#11 5.981 Get:72 http://deb.debian.org/debian trixie/main amd64 libxmlsec1-dev amd64 1.2.41-1+b1 [417 kB]
#11 5.988 Get:73 http://deb.debian.org/debian trixie/main amd64 pkgconf-bin amd64 1.8.1-4 [30.2 kB]
#11 5.989 Get:74 http://deb.debian.org/debian trixie/main amd64 pkgconf amd64 1.8.1-4 [26.2 kB]
#11 5.990 Get:75 http://deb.debian.org/debian trixie/main amd64 pkg-config amd64 1.8.1-4 [14.0 kB]
#11 6.023 Get:76 http://deb.debian.org/debian trixie/main amd64 zlib1g-dev amd64 1:1.3.dfsg+really1.3.1-1+b1 [920 kB]
#11 6.251 debconf: unable to initialize frontend: Dialog
#11 6.251 debconf: (TERM is not set, so the dialog frontend is not usable.)
#11 6.251 debconf: falling back to frontend: Readline
#11 6.251 debconf: unable to initialize frontend: Readline
#11 6.251 debconf: (Can't locate Term/ReadLine.pm in @INC (you may need to install the Term::ReadLine module) (@INC entries checked: /etc/perl /usr/local/lib/x86_64-linux-gnu/perl/5.40.1 /usr/local/share/perl/5.40.1 /usr/lib/x86_64-linux-gnu/perl5/5.40 /usr/share/perl5 /usr/lib/x86_64-linux-gnu/perl-base /usr/lib/x86_64-linux-gnu/perl/5.40 /usr/share/perl/5.40 /usr/local/lib/site_perl) at /usr/share/perl5/Debconf/FrontEnd/Readline.pm line 8, <STDIN> line 76.)
#11 6.251 debconf: falling back to frontend: Teletype
#11 6.259 debconf: unable to initialize frontend: Teletype
#11 6.259 debconf: (This frontend requires a controlling tty.)
#11 6.259 debconf: falling back to frontend: Noninteractive
#11 8.924 Fetched 76.1 MB in 2s (42.3 MB/s)
#11 8.961 Selecting previously unselected package libsframe1:amd64.
#11 8.961 (Reading database ... (Reading database ... 5%(Reading database ... 10%(Reading database ... 15%(Reading database ... 20%(Reading database ... 25%(Reading database ... 30%(Reading database ... 35%(Reading database ... 40%(Reading database ... 45%(Reading database ... 50%(Reading database ... 55%(Reading database ... 60%(Reading database ... 65%(Reading database ... 70%(Reading database ... 75%(Reading database ... 80%(Reading database ... 85%(Reading database ... 90%(Reading database ... 95%(Reading database ... 100%(Reading database ... 5645 files and directories currently installed.)
#11 8.970 Preparing to unpack .../00-libsframe1_2.44-3_amd64.deb ...
#11 8.979 Unpacking libsframe1:amd64 (2.44-3) ...
#11 9.025 Selecting previously unselected package binutils-common:amd64.
#11 9.027 Preparing to unpack .../01-binutils-common_2.44-3_amd64.deb ...
#11 9.029 Unpacking binutils-common:amd64 (2.44-3) ...
#11 9.233 Selecting previously unselected package libbinutils:amd64.
#11 9.234 Preparing to unpack .../02-libbinutils_2.44-3_amd64.deb ...
#11 9.238 Unpacking libbinutils:amd64 (2.44-3) ...
#11 9.328 Selecting previously unselected package libgprofng0:amd64.
#11 9.330 Preparing to unpack .../03-libgprofng0_2.44-3_amd64.deb ...
#11 9.335 Unpacking libgprofng0:amd64 (2.44-3) ...
#11 9.443 Selecting previously unselected package libctf-nobfd0:amd64.
#11 9.444 Preparing to unpack .../04-libctf-nobfd0_2.44-3_amd64.deb ...
#11 9.452 Unpacking libctf-nobfd0:amd64 (2.44-3) ...
#11 9.502 Selecting previously unselected package libctf0:amd64.
#11 9.503 Preparing to unpack .../05-libctf0_2.44-3_amd64.deb ...
#11 9.509 Unpacking libctf0:amd64 (2.44-3) ...
#11 9.576 Selecting previously unselected package libjansson4:amd64.
#11 9.577 Preparing to unpack .../06-libjansson4_2.14-2+b3_amd64.deb ...
#11 9.585 Unpacking libjansson4:amd64 (2.14-2+b3) ...
#11 9.634 Selecting previously unselected package binutils-x86-64-linux-gnu.
#11 9.636 Preparing to unpack .../07-binutils-x86-64-linux-gnu_2.44-3_amd64.deb ...
#11 9.639 Unpacking binutils-x86-64-linux-gnu (2.44-3) ...
#11 9.796 Selecting previously unselected package binutils.
#11 9.798 Preparing to unpack .../08-binutils_2.44-3_amd64.deb ...
#11 9.803 Unpacking binutils (2.44-3) ...
#11 9.863 Selecting previously unselected package libisl23:amd64.
#11 9.864 Preparing to unpack .../09-libisl23_0.27-1_amd64.deb ...
#11 9.871 Unpacking libisl23:amd64 (0.27-1) ...
#11 9.948 Selecting previously unselected package libmpfr6:amd64.
#11 9.950 Preparing to unpack .../10-libmpfr6_4.2.2-1_amd64.deb ...
#11 9.953 Unpacking libmpfr6:amd64 (4.2.2-1) ...
#11 10.02 Selecting previously unselected package libmpc3:amd64.
#11 10.02 Preparing to unpack .../11-libmpc3_1.3.1-1+b3_amd64.deb ...
#11 10.03 Unpacking libmpc3:amd64 (1.3.1-1+b3) ...
#11 10.07 Selecting previously unselected package cpp-14-x86-64-linux-gnu.
#11 10.07 Preparing to unpack .../12-cpp-14-x86-64-linux-gnu_14.2.0-19_amd64.deb ...
#11 10.08 Unpacking cpp-14-x86-64-linux-gnu (14.2.0-19) ...
#11 ...

#10 [stage-1  3/14] RUN apt-get update && apt-get install -y --no-install-recommends     curl iproute2 netcat-openbsd procps net-tools socat     libxml2     libxmlsec1     libxmlsec1-openssl     libxslt1.1     && rm -rf /var/lib/apt/lists/*
#10 10.21 Setting up libpsl5t64:amd64 (0.21.2-1.1+b1) ...
#10 10.22 Setting up libxmlsec1t64:amd64 (1.2.41-1+b1) ...
#10 10.24 Setting up libxmlsec1t64-openssl:amd64 (1.2.41-1+b1) ...
#10 10.25 Setting up librtmp1:amd64 (2.4+20151223.gitfa8646d.1-2+b5) ...
#10 10.26 Setting up libcurl4t64:amd64 (8.14.1-2+deb13u2) ...
#10 10.27 Setting up curl (8.14.1-2+deb13u2) ...
#10 10.29 Processing triggers for libc-bin (2.41-12+deb13u2) ...
#10 DONE 10.6s

#11 [builder  4/10] RUN apt-get update && apt-get install -y --no-install-recommends     gcc     libxml2-dev     libxmlsec1-dev     libxmlsec1-openssl     libxslt1-dev     pkg-config     zlib1g-dev     && rm -rf /var/lib/apt/lists/*
#11 ...

#12 [stage-1  4/14] WORKDIR /app
#12 DONE 0.1s

#11 [builder  4/10] RUN apt-get update && apt-get install -y --no-install-recommends     gcc     libxml2-dev     libxmlsec1-dev     libxmlsec1-openssl     libxslt1-dev     pkg-config     zlib1g-dev     && rm -rf /var/lib/apt/lists/*
#11 10.71 Selecting previously unselected package cpp-14.
#11 10.71 Preparing to unpack .../13-cpp-14_14.2.0-19_amd64.deb ...
#11 10.72 Unpacking cpp-14 (14.2.0-19) ...
#11 10.75 Selecting previously unselected package cpp-x86-64-linux-gnu.
#11 10.75 Preparing to unpack .../14-cpp-x86-64-linux-gnu_4%3a14.2.0-1_amd64.deb ...
#11 10.76 Unpacking cpp-x86-64-linux-gnu (4:14.2.0-1) ...
#11 10.80 Selecting previously unselected package cpp.
#11 10.80 Preparing to unpack .../15-cpp_4%3a14.2.0-1_amd64.deb ...
#11 10.81 Unpacking cpp (4:14.2.0-1) ...
#11 10.84 Selecting previously unselected package libcc1-0:amd64.
#11 10.85 Preparing to unpack .../16-libcc1-0_14.2.0-19_amd64.deb ...
#11 10.85 Unpacking libcc1-0:amd64 (14.2.0-19) ...
#11 10.89 Selecting previously unselected package libgomp1:amd64.
#11 10.89 Preparing to unpack .../17-libgomp1_14.2.0-19_amd64.deb ...
#11 10.89 Unpacking libgomp1:amd64 (14.2.0-19) ...
#11 10.94 Selecting previously unselected package libitm1:amd64.
#11 10.94 Preparing to unpack .../18-libitm1_14.2.0-19_amd64.deb ...
#11 10.95 Unpacking libitm1:amd64 (14.2.0-19) ...
#11 10.99 Selecting previously unselected package libatomic1:amd64.
#11 10.99 Preparing to unpack .../19-libatomic1_14.2.0-19_amd64.deb ...
#11 10.99 Unpacking libatomic1:amd64 (14.2.0-19) ...
#11 11.03 Selecting previously unselected package libasan8:amd64.
#11 11.04 Preparing to unpack .../20-libasan8_14.2.0-19_amd64.deb ...
#11 11.04 Unpacking libasan8:amd64 (14.2.0-19) ...
#11 11.28 Selecting previously unselected package liblsan0:amd64.
#11 11.28 Preparing to unpack .../21-liblsan0_14.2.0-19_amd64.deb ...
#11 11.29 Unpacking liblsan0:amd64 (14.2.0-19) ...
#11 11.41 Selecting previously unselected package libtsan2:amd64.
#11 11.41 Preparing to unpack .../22-libtsan2_14.2.0-19_amd64.deb ...
#11 11.41 Unpacking libtsan2:amd64 (14.2.0-19) ...
#11 11.63 Selecting previously unselected package libubsan1:amd64.
#11 11.63 Preparing to unpack .../23-libubsan1_14.2.0-19_amd64.deb ...
#11 11.64 Unpacking libubsan1:amd64 (14.2.0-19) ...
#11 11.75 Selecting previously unselected package libhwasan0:amd64.
#11 11.75 Preparing to unpack .../24-libhwasan0_14.2.0-19_amd64.deb ...
#11 11.76 Unpacking libhwasan0:amd64 (14.2.0-19) ...
#11 11.90 Selecting previously unselected package libquadmath0:amd64.
#11 11.90 Preparing to unpack .../25-libquadmath0_14.2.0-19_amd64.deb ...
#11 11.90 Unpacking libquadmath0:amd64 (14.2.0-19) ...
#11 11.94 Selecting previously unselected package libgcc-14-dev:amd64.
#11 11.94 Preparing to unpack .../26-libgcc-14-dev_14.2.0-19_amd64.deb ...
#11 11.95 Unpacking libgcc-14-dev:amd64 (14.2.0-19) ...
#11 12.15 Selecting previously unselected package gcc-14-x86-64-linux-gnu.
#11 12.16 Preparing to unpack .../27-gcc-14-x86-64-linux-gnu_14.2.0-19_amd64.deb ...
#11 12.16 Unpacking gcc-14-x86-64-linux-gnu (14.2.0-19) ...
#11 12.89 Selecting previously unselected package gcc-14.
#11 12.90 Preparing to unpack .../28-gcc-14_14.2.0-19_amd64.deb ...
#11 12.90 Unpacking gcc-14 (14.2.0-19) ...
#11 12.94 Selecting previously unselected package gcc-x86-64-linux-gnu.
#11 12.94 Preparing to unpack .../29-gcc-x86-64-linux-gnu_4%3a14.2.0-1_amd64.deb ...
#11 12.95 Unpacking gcc-x86-64-linux-gnu (4:14.2.0-1) ...
#11 12.98 Selecting previously unselected package gcc.
#11 12.98 Preparing to unpack .../30-gcc_4%3a14.2.0-1_amd64.deb ...
#11 12.99 Unpacking gcc (4:14.2.0-1) ...
#11 13.02 Selecting previously unselected package libc-dev-bin.
#11 13.02 Preparing to unpack .../31-libc-dev-bin_2.41-12+deb13u2_amd64.deb ...
#11 13.02 Unpacking libc-dev-bin (2.41-12+deb13u2) ...
#11 13.06 Selecting previously unselected package linux-libc-dev.
#11 13.06 Preparing to unpack .../32-linux-libc-dev_6.12.86-1_all.deb ...
#11 13.06 Unpacking linux-libc-dev (6.12.86-1) ...
#11 13.47 Selecting previously unselected package libcrypt-dev:amd64.
#11 13.47 Preparing to unpack .../33-libcrypt-dev_1%3a4.4.38-1_amd64.deb ...
#11 13.49 Unpacking libcrypt-dev:amd64 (1:4.4.38-1) ...
#11 13.52 Selecting previously unselected package rpcsvc-proto.
#11 13.53 Preparing to unpack .../34-rpcsvc-proto_1.4.3-1_amd64.deb ...
#11 13.53 Unpacking rpcsvc-proto (1.4.3-1) ...
#11 13.57 Selecting previously unselected package libc6-dev:amd64.
#11 13.57 Preparing to unpack .../35-libc6-dev_2.41-12+deb13u2_amd64.deb ...
#11 13.57 Unpacking libc6-dev:amd64 (2.41-12+deb13u2) ...
#11 13.77 Selecting previously unselected package libevent-2.1-7t64:amd64.
#11 13.77 Preparing to unpack .../36-libevent-2.1-7t64_2.1.12-stable-10+b1_amd64.deb ...
#11 13.78 Unpacking libevent-2.1-7t64:amd64 (2.1.12-stable-10+b1) ...
#11 13.83 Selecting previously unselected package libgpg-error0:amd64.
#11 13.83 Preparing to unpack .../37-libgpg-error0_1.51-4_amd64.deb ...
#11 13.83 Unpacking libgpg-error0:amd64 (1.51-4) ...
#11 13.87 Selecting previously unselected package libgcrypt20:amd64.
#11 13.88 Preparing to unpack .../38-libgcrypt20_1.11.0-7_amd64.deb ...
#11 13.88 Unpacking libgcrypt20:amd64 (1.11.0-7) ...
#11 13.95 Selecting previously unselected package libgpg-error-dev:amd64.
#11 13.95 Preparing to unpack .../39-libgpg-error-dev_1.51-4_amd64.deb ...
#11 13.96 Unpacking libgpg-error-dev:amd64 (1.51-4) ...
#11 14.01 Selecting previously unselected package libgcrypt20-dev:amd64.
#11 14.01 Preparing to unpack .../40-libgcrypt20-dev_1.11.0-7_amd64.deb ...
#11 14.01 Unpacking libgcrypt20-dev:amd64 (1.11.0-7) ...
#11 14.10 Selecting previously unselected package libgmpxx4ldbl:amd64.
#11 14.10 Preparing to unpack .../41-libgmpxx4ldbl_2%3a6.3.0+dfsg-3_amd64.deb ...
#11 14.11 Unpacking libgmpxx4ldbl:amd64 (2:6.3.0+dfsg-3) ...
#11 14.14 Selecting previously unselected package libgmp-dev:amd64.
#11 14.15 Preparing to unpack .../42-libgmp-dev_2%3a6.3.0+dfsg-3_amd64.deb ...
#11 14.15 Unpacking libgmp-dev:amd64 (2:6.3.0+dfsg-3) ...
#11 14.22 Selecting previously unselected package libunistring5:amd64.
#11 14.22 Preparing to unpack .../43-libunistring5_1.3-2_amd64.deb ...
#11 14.22 Unpacking libunistring5:amd64 (1.3-2) ...
#11 14.29 Selecting previously unselected package libidn2-0:amd64.
#11 14.30 Preparing to unpack .../44-libidn2-0_2.3.8-2_amd64.deb ...
#11 14.30 Unpacking libidn2-0:amd64 (2.3.8-2) ...
#11 14.35 Selecting previously unselected package libp11-kit0:amd64.
#11 14.35 Preparing to unpack .../45-libp11-kit0_0.25.5-3_amd64.deb ...
#11 14.36 Unpacking libp11-kit0:amd64 (0.25.5-3) ...
#11 14.42 Selecting previously unselected package libtasn1-6:amd64.
#11 14.42 Preparing to unpack .../46-libtasn1-6_4.20.0-2_amd64.deb ...
#11 14.43 Unpacking libtasn1-6:amd64 (4.20.0-2) ...
#11 14.47 Selecting previously unselected package libgnutls30t64:amd64.
#11 14.48 Preparing to unpack .../47-libgnutls30t64_3.8.9-3+deb13u2_amd64.deb ...
#11 14.48 Unpacking libgnutls30t64:amd64 (3.8.9-3+deb13u2) ...
#11 14.58 Selecting previously unselected package libunbound8:amd64.
#11 14.58 Preparing to unpack .../48-libunbound8_1.22.0-2+deb13u1_amd64.deb ...
#11 14.59 Unpacking libunbound8:amd64 (1.22.0-2+deb13u1) ...
#11 14.65 Selecting previously unselected package libgnutls-dane0t64:amd64.
#11 14.66 Preparing to unpack .../49-libgnutls-dane0t64_3.8.9-3+deb13u2_amd64.deb ...
#11 14.66 Unpacking libgnutls-dane0t64:amd64 (3.8.9-3+deb13u2) ...
#11 14.70 Selecting previously unselected package libgnutls-openssl27t64:amd64.
#11 14.70 Preparing to unpack .../50-libgnutls-openssl27t64_3.8.9-3+deb13u2_amd64.deb ...
#11 14.71 Unpacking libgnutls-openssl27t64:amd64 (3.8.9-3+deb13u2) ...
#11 14.75 Selecting previously unselected package libidn2-dev:amd64.
#11 14.75 Preparing to unpack .../51-libidn2-dev_2.3.8-2_amd64.deb ...
#11 14.75 Unpacking libidn2-dev:amd64 (2.3.8-2) ...
#11 14.79 Selecting previously unselected package libp11-kit-dev:amd64.
#11 14.80 Preparing to unpack .../52-libp11-kit-dev_0.25.5-3_amd64.deb ...
#11 14.80 Unpacking libp11-kit-dev:amd64 (0.25.5-3) ...
#11 14.85 Selecting previously unselected package libtasn1-6-dev:amd64.
#11 14.85 Preparing to unpack .../53-libtasn1-6-dev_4.20.0-2_amd64.deb ...
#11 14.85 Unpacking libtasn1-6-dev:amd64 (4.20.0-2) ...
#11 14.89 Selecting previously unselected package nettle-dev:amd64.
#11 14.89 Preparing to unpack .../54-nettle-dev_3.10.1-1_amd64.deb ...
#11 14.89 Unpacking nettle-dev:amd64 (3.10.1-1) ...
#11 14.98 Selecting previously unselected package libgnutls28-dev:amd64.
#11 14.98 Preparing to unpack .../55-libgnutls28-dev_3.8.9-3+deb13u2_amd64.deb ...
#11 14.98 Unpacking libgnutls28-dev:amd64 (3.8.9-3+deb13u2) ...
#11 15.10 Selecting previously unselected package libnspr4:amd64.
#11 15.10 Preparing to unpack .../56-libnspr4_2%3a4.36-1_amd64.deb ...
#11 15.11 Unpacking libnspr4:amd64 (2:4.36-1) ...
#11 15.15 Selecting previously unselected package libnspr4-dev.
#11 15.15 Preparing to unpack .../57-libnspr4-dev_2%3a4.36-1_amd64.deb ...
#11 15.16 Unpacking libnspr4-dev (2:4.36-1) ...
#11 15.22 Selecting previously unselected package libnss3:amd64.
#11 15.22 Preparing to unpack .../58-libnss3_2%3a3.110-1+deb13u1_amd64.deb ...
#11 15.22 Unpacking libnss3:amd64 (2:3.110-1+deb13u1) ...
#11 15.34 Selecting previously unselected package libnss3-dev:amd64.
#11 15.34 Preparing to unpack .../59-libnss3-dev_2%3a3.110-1+deb13u1_amd64.deb ...
#11 15.35 Unpacking libnss3-dev:amd64 (2:3.110-1+deb13u1) ...
#11 15.41 Selecting previously unselected package libpkgconf3:amd64.
#11 15.41 Preparing to unpack .../60-libpkgconf3_1.8.1-4_amd64.deb ...
#11 15.42 Unpacking libpkgconf3:amd64 (1.8.1-4) ...
#11 15.45 Selecting previously unselected package libssl-dev:amd64.
#11 15.45 Preparing to unpack .../61-libssl-dev_3.5.5-1~deb13u2_amd64.deb ...
#11 15.46 Unpacking libssl-dev:amd64 (3.5.5-1~deb13u2) ...
#11 15.67 Selecting previously unselected package libxml2:amd64.
#11 15.68 Preparing to unpack .../62-libxml2_2.12.7+dfsg+really2.9.14-2.1+deb13u2_amd64.deb ...
#11 15.68 Unpacking libxml2:amd64 (2.12.7+dfsg+really2.9.14-2.1+deb13u2) ...
#11 15.75 Selecting previously unselected package libxml2-dev:amd64.
#11 15.76 Preparing to unpack .../63-libxml2-dev_2.12.7+dfsg+really2.9.14-2.1+deb13u2_amd64.deb ...
#11 15.76 Unpacking libxml2-dev:amd64 (2.12.7+dfsg+really2.9.14-2.1+deb13u2) ...
#11 15.86 Selecting previously unselected package libxslt1.1:amd64.
#11 15.86 Preparing to unpack .../64-libxslt1.1_1.1.35-1.2+deb13u2_amd64.deb ...
#11 15.86 Unpacking libxslt1.1:amd64 (1.1.35-1.2+deb13u2) ...
#11 15.91 Selecting previously unselected package libxmlsec1t64:amd64.
#11 15.92 Preparing to unpack .../65-libxmlsec1t64_1.2.41-1+b1_amd64.deb ...
#11 15.92 Unpacking libxmlsec1t64:amd64 (1.2.41-1+b1) ...
#11 15.98 Selecting previously unselected package libxmlsec1t64-gcrypt:amd64.
#11 15.98 Preparing to unpack .../66-libxmlsec1t64-gcrypt_1.2.41-1+b1_amd64.deb ...
#11 15.99 Unpacking libxmlsec1t64-gcrypt:amd64 (1.2.41-1+b1) ...
#11 16.03 Selecting previously unselected package libxmlsec1t64-gnutls:amd64.
#11 16.03 Preparing to unpack .../67-libxmlsec1t64-gnutls_1.2.41-1+b1_amd64.deb ...
#11 16.03 Unpacking libxmlsec1t64-gnutls:amd64 (1.2.41-1+b1) ...
#11 16.07 Selecting previously unselected package libxmlsec1t64-nss:amd64.
#11 16.07 Preparing to unpack .../68-libxmlsec1t64-nss_1.2.41-1+b1_amd64.deb ...
#11 16.08 Unpacking libxmlsec1t64-nss:amd64 (1.2.41-1+b1) ...
#11 16.13 Selecting previously unselected package libxmlsec1t64-openssl:amd64.
#11 16.13 Preparing to unpack .../69-libxmlsec1t64-openssl_1.2.41-1+b1_amd64.deb ...
#11 16.13 Unpacking libxmlsec1t64-openssl:amd64 (1.2.41-1+b1) ...
#11 16.17 Selecting previously unselected package libxslt1-dev:amd64.
#11 16.17 Preparing to unpack .../70-libxslt1-dev_1.1.35-1.2+deb13u2_amd64.deb ...
#11 16.18 Unpacking libxslt1-dev:amd64 (1.1.35-1.2+deb13u2) ...
#11 16.23 Selecting previously unselected package libxmlsec1-dev.
#11 16.24 Preparing to unpack .../71-libxmlsec1-dev_1.2.41-1+b1_amd64.deb ...
#11 16.24 Unpacking libxmlsec1-dev (1.2.41-1+b1) ...
#11 16.31 Selecting previously unselected package pkgconf-bin.
#11 16.31 Preparing to unpack .../72-pkgconf-bin_1.8.1-4_amd64.deb ...
#11 16.32 Unpacking pkgconf-bin (1.8.1-4) ...
#11 16.36 Selecting previously unselected package pkgconf:amd64.
#11 16.36 Preparing to unpack .../73-pkgconf_1.8.1-4_amd64.deb ...
#11 16.37 Unpacking pkgconf:amd64 (1.8.1-4) ...
#11 16.41 Selecting previously unselected package pkg-config:amd64.
#11 16.41 Preparing to unpack .../74-pkg-config_1.8.1-4_amd64.deb ...
#11 16.42 Unpacking pkg-config:amd64 (1.8.1-4) ...
#11 16.45 Selecting previously unselected package zlib1g-dev:amd64.
#11 16.45 Preparing to unpack .../75-zlib1g-dev_1%3a1.3.dfsg+really1.3.1-1+b1_amd64.deb ...
#11 16.45 Unpacking zlib1g-dev:amd64 (1:1.3.dfsg+really1.3.1-1+b1) ...
#11 16.53 Setting up libgpg-error0:amd64 (1.51-4) ...
#11 16.54 Setting up binutils-common:amd64 (2.44-3) ...
#11 16.55 Setting up linux-libc-dev (6.12.86-1) ...
#11 16.56 Setting up libctf-nobfd0:amd64 (2.44-3) ...
#11 16.57 Setting up libevent-2.1-7t64:amd64 (2.1.12-stable-10+b1) ...
#11 16.59 Setting up libgcrypt20:amd64 (1.11.0-7) ...
#11 16.60 Setting up libgomp1:amd64 (14.2.0-19) ...
#11 16.61 Setting up libsframe1:amd64 (2.44-3) ...
#11 16.62 Setting up libjansson4:amd64 (2.14-2+b3) ...
#11 16.63 Setting up libunbound8:amd64 (1.22.0-2+deb13u1) ...
#11 16.64 Setting up libpkgconf3:amd64 (1.8.1-4) ...
#11 16.66 Setting up libgmpxx4ldbl:amd64 (2:6.3.0+dfsg-3) ...
#11 16.67 Setting up rpcsvc-proto (1.4.3-1) ...
#11 16.67 Setting up libgpg-error-dev:amd64 (1.51-4) ...
#11 16.68 Setting up libmpfr6:amd64 (4.2.2-1) ...
#11 16.69 Setting up libnspr4:amd64 (2:4.36-1) ...
#11 16.70 Setting up libquadmath0:amd64 (14.2.0-19) ...
#11 16.71 Setting up libp11-kit0:amd64 (0.25.5-3) ...
#11 16.73 Setting up libunistring5:amd64 (1.3-2) ...
#11 16.74 Setting up libssl-dev:amd64 (3.5.5-1~deb13u2) ...
#11 16.75 Setting up libmpc3:amd64 (1.3.1-1+b3) ...
#11 16.76 Setting up libatomic1:amd64 (14.2.0-19) ...
#11 16.77 Setting up pkgconf-bin (1.8.1-4) ...
#11 16.78 Setting up libubsan1:amd64 (14.2.0-19) ...
#11 16.80 Setting up libhwasan0:amd64 (14.2.0-19) ...
#11 16.81 Setting up libcrypt-dev:amd64 (1:4.4.38-1) ...
#11 16.82 Setting up libasan8:amd64 (14.2.0-19) ...
#11 16.84 Setting up libtasn1-6:amd64 (4.20.0-2) ...
#11 16.85 Setting up libtsan2:amd64 (14.2.0-19) ...
#11 16.86 Setting up libbinutils:amd64 (2.44-3) ...
#11 16.87 Setting up libisl23:amd64 (0.27-1) ...
#11 16.88 Setting up libc-dev-bin (2.41-12+deb13u2) ...
#11 16.89 Setting up libtasn1-6-dev:amd64 (4.20.0-2) ...
#11 16.91 Setting up libxml2:amd64 (2.12.7+dfsg+really2.9.14-2.1+deb13u2) ...
#11 16.91 Setting up libcc1-0:amd64 (14.2.0-19) ...
#11 16.92 Setting up liblsan0:amd64 (14.2.0-19) ...
#11 16.93 Setting up libp11-kit-dev:amd64 (0.25.5-3) ...
#11 16.95 Setting up libitm1:amd64 (14.2.0-19) ...
#11 16.95 Setting up libctf0:amd64 (2.44-3) ...
#11 16.96 Setting up libnspr4-dev (2:4.36-1) ...
#11 16.97 Setting up libgmp-dev:amd64 (2:6.3.0+dfsg-3) ...
#11 16.99 Setting up nettle-dev:amd64 (3.10.1-1) ...
#11 17.00 Setting up libidn2-0:amd64 (2.3.8-2) ...
#11 17.00 Setting up libnss3:amd64 (2:3.110-1+deb13u1) ...
#11 17.01 Setting up pkgconf:amd64 (1.8.1-4) ...
#11 17.02 Setting up libxml2-dev:amd64 (2.12.7+dfsg+really2.9.14-2.1+deb13u2) ...
#11 17.03 Setting up libgprofng0:amd64 (2.44-3) ...
#11 17.04 Setting up pkg-config:amd64 (1.8.1-4) ...
#11 17.05 Setting up cpp-14-x86-64-linux-gnu (14.2.0-19) ...
#11 17.06 Setting up libidn2-dev:amd64 (2.3.8-2) ...
#11 17.07 Setting up cpp-14 (14.2.0-19) ...
#11 17.08 Setting up libnss3-dev:amd64 (2:3.110-1+deb13u1) ...
#11 17.09 Setting up libxslt1.1:amd64 (1.1.35-1.2+deb13u2) ...
#11 17.10 Setting up libc6-dev:amd64 (2.41-12+deb13u2) ...
#11 17.11 Setting up libgcc-14-dev:amd64 (14.2.0-19) ...
#11 17.12 Setting up binutils-x86-64-linux-gnu (2.44-3) ...
#11 17.13 Setting up cpp-x86-64-linux-gnu (4:14.2.0-1) ...
#11 17.14 Setting up libgnutls30t64:amd64 (3.8.9-3+deb13u2) ...
#11 17.16 Setting up libgnutls-openssl27t64:amd64 (3.8.9-3+deb13u2) ...
#11 17.16 Setting up libxslt1-dev:amd64 (1.1.35-1.2+deb13u2) ...
#11 17.18 Setting up binutils (2.44-3) ...
#11 17.19 Setting up libxmlsec1t64:amd64 (1.2.41-1+b1) ...
#11 17.20 Setting up libxmlsec1t64-nss:amd64 (1.2.41-1+b1) ...
#11 17.21 Setting up libgcrypt20-dev:amd64 (1.11.0-7) ...
#11 17.22 Setting up libgnutls-dane0t64:amd64 (3.8.9-3+deb13u2) ...
#11 17.23 Setting up libxmlsec1t64-openssl:amd64 (1.2.41-1+b1) ...
#11 17.24 Setting up zlib1g-dev:amd64 (1:1.3.dfsg+really1.3.1-1+b1) ...
#11 17.25 Setting up cpp (4:14.2.0-1) ...
#11 17.27 Setting up gcc-14-x86-64-linux-gnu (14.2.0-19) ...
#11 17.28 Setting up libxmlsec1t64-gcrypt:amd64 (1.2.41-1+b1) ...
#11 17.29 Setting up libgnutls28-dev:amd64 (3.8.9-3+deb13u2) ...
#11 17.30 Setting up gcc-x86-64-linux-gnu (4:14.2.0-1) ...
#11 17.31 Setting up libxmlsec1t64-gnutls:amd64 (1.2.41-1+b1) ...
#11 17.32 Setting up gcc-14 (14.2.0-19) ...
#11 17.33 Setting up libxmlsec1-dev (1.2.41-1+b1) ...
#11 17.34 Setting up gcc (4:14.2.0-1) ...
#11 17.36 Processing triggers for libc-bin (2.41-12+deb13u2) ...
#11 DONE 18.0s

#13 [builder  5/10] RUN --mount=type=secret,id=pip_conf,target=/etc/pip.conf     PIP_NO_BINARY=lxml,xmlsec pip install --no-cache-dir       --extra-index-url https://pypi.cloud-dog.net/simple       --trusted-host pypi.cloud-dog.net       --trusted-host files.pythonhosted.org       cloud-dog-config       cloud-dog-logging       cloud-dog-api-kit==0.12.2       cloud-dog-idam       cloud-dog-db       cloud-dog-jobs       cloud-dog-storage       cloud-dog-llm       cloud-dog-vdb>=0.5.4
#13 27.42 WARNING: Running pip as the 'root' user can result in broken permissions and conflicting behaviour with the system package manager, possibly rendering your system unusable. It is recommended to use a virtual environment instead: https://pip.pypa.io/warnings/venv. Use the --root-user-action option if you know what you are doing and want to suppress this warning.
#13 27.79
#13 27.79 [notice] A new release of pip is available: 25.0.1 -> 26.1.1
#13 27.79 [notice] To update, run: pip install --upgrade pip
#13 DONE 28.4s

#14 [builder  6/10] COPY REQUIREMENTS.txt pyproject.toml README.md ./
#14 DONE 0.1s

#15 [builder  7/10] COPY src/ ./src/
#15 DONE 0.1s

#16 [builder  8/10] COPY ui/ ./ui/
#16 DONE 0.1s

#17 [builder  9/10] RUN --mount=type=secret,id=pip_conf,target=/etc/pip.conf     PIP_NO_BINARY=lxml,xmlsec pip install --no-cache-dir       --trusted-host pypi.cloud-dog.net       --trusted-host files.pythonhosted.org       -r REQUIREMENTS.txt
#17 0.724 Looking in indexes: https://pypi.org/simple, https://admin:****@pypi.cloud-dog.net/simple/
#17 0.730 Requirement already satisfied: pydantic<3.0,>=2.7 in /usr/local/lib/python3.12/site-packages (from -r REQUIREMENTS.txt (line 2)) (2.13.4)
#17 0.909 Collecting pydantic-settings<3.0,>=2.2 (from -r REQUIREMENTS.txt (line 3))
#17 0.931   Downloading pydantic_settings-2.14.1-py3-none-any.whl.metadata (3.4 kB)
#17 1.055 Collecting python-dotenv<2.0,>=1.0 (from -r REQUIREMENTS.txt (line 4))
#17 1.063   Downloading python_dotenv-1.2.2-py3-none-any.whl.metadata (27 kB)
#17 1.072 Requirement already satisfied: PyYAML<7.0,>=6.0.1 in /usr/local/lib/python3.12/site-packages (from -r REQUIREMENTS.txt (line 5)) (6.0.3)
#17 1.535 Collecting ruamel.yaml<1.0,>=0.18.6 (from -r REQUIREMENTS.txt (line 6))
#17 1.542   Downloading ruamel_yaml-0.19.1-py3-none-any.whl.metadata (16 kB)
#17 1.548 Requirement already satisfied: typing-extensions<5.0,>=4.10 in /usr/local/lib/python3.12/site-packages (from -r REQUIREMENTS.txt (line 7)) (4.15.0)
#17 1.549 Requirement already satisfied: fastapi<1.0,>=0.112 in /usr/local/lib/python3.12/site-packages (from -r REQUIREMENTS.txt (line 10)) (0.136.1)
#17 1.711 Collecting uvicorn<1.0,>=0.30 (from uvicorn[standard]<1.0,>=0.30->-r REQUIREMENTS.txt (line 11))
#17 1.718   Downloading uvicorn-0.46.0-py3-none-any.whl.metadata (6.7 kB)
#17 1.725 Requirement already satisfied: httpx<1.0,>=0.27 in /usr/local/lib/python3.12/site-packages (from -r REQUIREMENTS.txt (line 12)) (0.28.1)
#17 1.837 Collecting python-multipart<1.0,>=0.0.9 (from -r REQUIREMENTS.txt (line 13))
#17 1.844   Downloading python_multipart-0.0.27-py3-none-any.whl.metadata (2.1 kB)
#17 1.972 Collecting sse-starlette<3.0,>=2.1 (from -r REQUIREMENTS.txt (line 14))
#17 1.979   Downloading sse_starlette-2.4.1-py3-none-any.whl.metadata (10 kB)
#17 2.277 Collecting websockets<13.0,>=12.0 (from -r REQUIREMENTS.txt (line 15))
#17 2.284   Downloading websockets-12.0-cp312-cp312-manylinux_2_5_x86_64.manylinux1_x86_64.manylinux_2_17_x86_64.manylinux2014_x86_64.whl.metadata (6.6 kB)
#17 2.397 Collecting python-jose<4.0,>=3.3 (from python-jose[cryptography]<4.0,>=3.3->-r REQUIREMENTS.txt (line 18))
#17 2.404   Downloading python_jose-3.5.0-py2.py3-none-any.whl.metadata (5.5 kB)
#17 2.509 Collecting passlib<2.0,>=1.7.4 (from passlib[bcrypt]<2.0,>=1.7.4->-r REQUIREMENTS.txt (line 19))
#17 2.515   Downloading passlib-1.7.4-py2.py3-none-any.whl.metadata (1.7 kB)
#17 2.671 Collecting casbin<2.0,>=1.35 (from -r REQUIREMENTS.txt (line 20))
#17 2.678   Downloading casbin-1.43.0-py3-none-any.whl.metadata (19 kB)
#17 2.823 Collecting authlib<2.0,>=1.3 (from -r REQUIREMENTS.txt (line 21))
#17 2.830   Downloading authlib-1.7.2-py2.py3-none-any.whl.metadata (10 kB)
#17 2.955 Collecting ldap3<3.0,>=2.9 (from -r REQUIREMENTS.txt (line 22))
#17 2.963   Downloading ldap3-2.9.1-py2.py3-none-any.whl.metadata (5.4 kB)
#17 3.159 Collecting python3-saml<2.0,>=1.16 (from -r REQUIREMENTS.txt (line 23))
#17 3.166   Downloading python3_saml-1.16.0-py3-none-any.whl.metadata (1.3 kB)
#17 3.374 Collecting xmlsec<1.4,>=1.3.14 (from -r REQUIREMENTS.txt (line 24))
#17 3.381   Downloading xmlsec-1.3.17.tar.gz (115 kB)
#17 3.447   Installing build dependencies: started
#17 143.9   Installing build dependencies: still running...
#17 219.6   Installing build dependencies: still running...
#17 231.8   Installing build dependencies: finished with status 'done'
#17 231.8   Getting requirements to build wheel: started
#17 232.1   Getting requirements to build wheel: finished with status 'done'
#17 232.1   Preparing metadata (pyproject.toml): started
#17 232.5   Preparing metadata (pyproject.toml): finished with status 'done'
#17 232.7 Collecting structlog<25.0,>=24.2 (from -r REQUIREMENTS.txt (line 27))
#17 232.7   Downloading structlog-24.4.0-py3-none-any.whl.metadata (7.3 kB)
#17 232.9 Collecting rich<14.0,>=13.7 (from -r REQUIREMENTS.txt (line 28))
#17 232.9   Downloading rich-13.9.4-py3-none-any.whl.metadata (18 kB)
#17 232.9 Requirement already satisfied: SQLAlchemy<3.0,>=2.0.30 in /usr/local/lib/python3.12/site-packages (from -r REQUIREMENTS.txt (line 31)) (2.0.49)
#17 232.9 Requirement already satisfied: alembic<2.0,>=1.13 in /usr/local/lib/python3.12/site-packages (from -r REQUIREMENTS.txt (line 32)) (1.18.4)
#17 233.1 Collecting asyncpg<1.0,>=0.29 (from -r REQUIREMENTS.txt (line 33))
#17 233.1   Downloading asyncpg-0.31.0-cp312-cp312-manylinux_2_28_x86_64.whl.metadata (4.4 kB)
#17 233.2 Collecting aiosqlite<1.0,>=0.20 (from -r REQUIREMENTS.txt (line 34))
#17 233.2   Downloading aiosqlite-0.22.1-py3-none-any.whl.metadata (4.3 kB)
#17 233.4 Collecting filelock<4.0,>=3.15 (from -r REQUIREMENTS.txt (line 35))
#17 233.4   Downloading filelock-3.29.0-py3-none-any.whl.metadata (2.0 kB)
#17 233.5 Collecting tenacity<9.0,>=8.2 (from -r REQUIREMENTS.txt (line 38))
#17 233.5   Downloading tenacity-8.5.0-py3-none-any.whl.metadata (1.2 kB)
#17 233.7 Collecting redis<6.0,>=5.0 (from -r REQUIREMENTS.txt (line 39))
#17 233.7   Downloading redis-5.3.1-py3-none-any.whl.metadata (9.2 kB)
#17 233.9 Collecting llama-index-core<0.12,>=0.11 (from -r REQUIREMENTS.txt (line 42))
#17 233.9   Downloading llama_index_core-0.11.23-py3-none-any.whl.metadata (2.5 kB)
#17 234.1 Collecting llama-index-readers-file<0.3,>=0.2 (from -r REQUIREMENTS.txt (line 43))
#17 234.1   Downloading llama_index_readers_file-0.2.2-py3-none-any.whl.metadata (5.4 kB)
#17 234.3 Collecting llama-index-embeddings-openai<0.3,>=0.2 (from -r REQUIREMENTS.txt (line 44))
#17 234.3   Downloading llama_index_embeddings_openai-0.2.5-py3-none-any.whl.metadata (686 bytes)
#17 234.6 Collecting llama-index-llms-openai<0.3,>=0.2 (from -r REQUIREMENTS.txt (line 45))
#17 234.6   Downloading llama_index_llms_openai-0.2.16-py3-none-any.whl.metadata (3.3 kB)
#17 234.9 Collecting langchain<0.4,>=0.2 (from -r REQUIREMENTS.txt (line 50))
#17 234.9   Downloading langchain-0.3.30-py3-none-any.whl.metadata (6.4 kB)
#17 235.1 Collecting langchain-community<0.4,>=0.2 (from -r REQUIREMENTS.txt (line 51))
#17 235.1   Downloading langchain_community-0.3.31-py3-none-any.whl.metadata (3.0 kB)
#17 235.3 Collecting chromadb<2.0,>=1.0 (from -r REQUIREMENTS.txt (line 54))
#17 235.3   Downloading chromadb-1.5.9-cp39-abi3-manylinux_2_17_x86_64.manylinux2014_x86_64.whl.metadata (5.0 kB)
#17 235.6 Collecting qdrant-client<2.0,>=1.9 (from -r REQUIREMENTS.txt (line 55))
#17 235.6   Downloading qdrant_client-1.17.1-py3-none-any.whl.metadata (11 kB)
#17 235.9 Collecting weaviate-client<5.0,>=4.6 (from -r REQUIREMENTS.txt (line 56))
#17 235.9   Downloading weaviate_client-4.21.0-py3-none-any.whl.metadata (3.5 kB)
#17 236.1 Collecting opensearch-py<3.0,>=2.6 (from -r REQUIREMENTS.txt (line 57))
#17 236.1   Downloading opensearch_py-2.8.0-py3-none-any.whl.metadata (6.9 kB)
#17 236.2 Collecting psycopg<4.0,>=3.2 (from psycopg[binary]<4.0,>=3.2->-r REQUIREMENTS.txt (line 58))
#17 236.2   Downloading psycopg-3.3.4-py3-none-any.whl.metadata (4.3 kB)
#17 236.5 Collecting pgvector<0.3,>=0.2.5 (from -r REQUIREMENTS.txt (line 59))
#17 236.5   Downloading pgvector-0.2.5-py2.py3-none-any.whl.metadata (9.9 kB)
#17 236.6 Collecting pypandoc<2.0,>=1.13 (from -r REQUIREMENTS.txt (line 62))
#17 236.6   Downloading pypandoc-1.17-py3-none-any.whl.metadata (18 kB)
#17 236.7 Collecting pdfminer.six>=20231228 (from -r REQUIREMENTS.txt (line 63))
#17 236.7   Downloading pdfminer_six-20260107-py3-none-any.whl.metadata (4.3 kB)
#17 236.8 Collecting python-docx<2.0,>=1.1 (from -r REQUIREMENTS.txt (line 64))
#17 236.8   Downloading python_docx-1.2.0-py3-none-any.whl.metadata (2.0 kB)
#17 237.0 Collecting openpyxl<4.0,>=3.1 (from -r REQUIREMENTS.txt (line 65))
#17 237.0   Downloading openpyxl-3.1.5-py2.py3-none-any.whl.metadata (2.5 kB)
#17 237.1 Collecting beautifulsoup4<5.0,>=4.12 (from -r REQUIREMENTS.txt (line 66))
#17 237.1   Downloading beautifulsoup4-4.14.3-py3-none-any.whl.metadata (3.8 kB)
#17 237.6 Collecting lxml==5.2.2 (from -r REQUIREMENTS.txt (line 67))
#17 237.6   Downloading lxml-5.2.2.tar.gz (3.7 MB)
#17 237.9      ━━━━━━━━━━━━━━━━━━━━━━━━━━━━━━━━━━━━━━━━ 3.7/3.7 MB 17.4 MB/s eta 0:00:00
#17 238.4   Installing build dependencies: started
#17 243.1   Installing build dependencies: finished with status 'done'
#17 243.1   Getting requirements to build wheel: started
#17 243.7   Getting requirements to build wheel: finished with status 'done'
#17 243.7   Preparing metadata (pyproject.toml): started
#17 244.4   Preparing metadata (pyproject.toml): finished with status 'done'
#17 244.5 Collecting markdown-it-py<4.0,>=3.0 (from -r REQUIREMENTS.txt (line 68))
#17 244.5   Downloading markdown_it_py-3.0.0-py3-none-any.whl.metadata (6.9 kB)
#17 244.6 Collecting chardet<6.0,>=5.2 (from -r REQUIREMENTS.txt (line 69))
#17 244.7   Downloading chardet-5.2.0-py3-none-any.whl.metadata (3.4 kB)
#17 244.8 Collecting python-magic<1.0,>=0.4.27 (from -r REQUIREMENTS.txt (line 70))
#17 244.8   Downloading python_magic-0.4.27-py2.py3-none-any.whl.metadata (5.8 kB)
#17 246.1 Collecting boto3<2.0,>=1.34 (from -r REQUIREMENTS.txt (line 73))
#17 246.1   Downloading boto3-1.43.6-py3-none-any.whl.metadata (6.5 kB)
#17 246.3 Collecting webdavclient3<4.0,>=3.14 (from -r REQUIREMENTS.txt (line 74))
#17 246.3   Downloading webdavclient3-3.14.7-py3-none-any.whl.metadata (10 kB)
#17 246.6 Collecting google-api-python-client<3.0,>=2.140 (from -r REQUIREMENTS.txt (line 75))
#17 246.6   Downloading google_api_python_client-2.196.0-py3-none-any.whl.metadata (7.0 kB)
#17 246.9 Collecting google-auth<3.0,>=2.33 (from -r REQUIREMENTS.txt (line 76))
#17 246.9   Downloading google_auth-2.52.0-py3-none-any.whl.metadata (5.5 kB)
#17 247.0 Collecting google-auth-oauthlib<2.0,>=1.2 (from -r REQUIREMENTS.txt (line 77))
#17 247.0   Downloading google_auth_oauthlib-1.4.0-py3-none-any.whl.metadata (2.6 kB)
#17 247.2 Collecting requests<3.0,>=2.32 (from -r REQUIREMENTS.txt (line 78))
#17 247.2   Downloading requests-2.33.1-py3-none-any.whl.metadata (4.8 kB)
#17 248.8 Collecting aiohttp<4.0,>=3.9 (from -r REQUIREMENTS.txt (line 79))
#17 248.8   Downloading aiohttp-3.13.5-cp312-cp312-manylinux2014_x86_64.manylinux_2_17_x86_64.manylinux_2_28_x86_64.whl.metadata (8.1 kB)
#17 249.1 Collecting xxhash<4.0,>=3.4 (from -r REQUIREMENTS.txt (line 82))
#17 249.1   Downloading xxhash-3.7.0-cp312-cp312-manylinux2014_x86_64.manylinux_2_17_x86_64.manylinux_2_28_x86_64.whl.metadata (13 kB)
#17 249.3 Collecting pytest<9.0,>=8.2 (from -r REQUIREMENTS.txt (line 85))
#17 249.3   Downloading pytest-8.4.2-py3-none-any.whl.metadata (7.7 kB)
#17 249.4 Collecting pytest-cov<6.0,>=5.0 (from -r REQUIREMENTS.txt (line 86))
#17 249.4   Downloading pytest_cov-5.0.0-py3-none-any.whl.metadata (27 kB)
#17 250.6 Collecting ruff<1.0,>=0.5 (from -r REQUIREMENTS.txt (line 87))
#17 250.6   Downloading ruff-0.15.12-py3-none-manylinux_2_17_x86_64.manylinux2014_x86_64.whl.metadata (26 kB)
#17 250.9 Collecting mypy<2.0,>=1.10 (from -r REQUIREMENTS.txt (line 88))
#17 250.9   Downloading mypy-1.20.2-cp312-cp312-manylinux2014_x86_64.manylinux_2_17_x86_64.manylinux_2_28_x86_64.whl.metadata (2.4 kB)
#17 251.0 Requirement already satisfied: annotated-types>=0.6.0 in /usr/local/lib/python3.12/site-packages (from pydantic<3.0,>=2.7->-r REQUIREMENTS.txt (line 2)) (0.7.0)
#17 251.0 Requirement already satisfied: pydantic-core==2.46.4 in /usr/local/lib/python3.12/site-packages (from pydantic<3.0,>=2.7->-r REQUIREMENTS.txt (line 2)) (2.46.4)
#17 251.0 Requirement already satisfied: typing-inspection>=0.4.2 in /usr/local/lib/python3.12/site-packages (from pydantic<3.0,>=2.7->-r REQUIREMENTS.txt (line 2)) (0.4.2)
#17 251.0 Requirement already satisfied: starlette>=0.46.0 in /usr/local/lib/python3.12/site-packages (from fastapi<1.0,>=0.112->-r REQUIREMENTS.txt (line 10)) (1.0.0)
#17 251.0 Requirement already satisfied: annotated-doc>=0.0.2 in /usr/local/lib/python3.12/site-packages (from fastapi<1.0,>=0.112->-r REQUIREMENTS.txt (line 10)) (0.0.4)
#17 251.1 Collecting click>=7.0 (from uvicorn<1.0,>=0.30->uvicorn[standard]<1.0,>=0.30->-r REQUIREMENTS.txt (line 11))
#17 251.1   Downloading click-8.3.3-py3-none-any.whl.metadata (2.6 kB)
#17 251.1 Requirement already satisfied: h11>=0.8 in /usr/local/lib/python3.12/site-packages (from uvicorn<1.0,>=0.30->uvicorn[standard]<1.0,>=0.30->-r REQUIREMENTS.txt (line 11)) (0.16.0)
#17 251.1 Requirement already satisfied: anyio in /usr/local/lib/python3.12/site-packages (from httpx<1.0,>=0.27->-r REQUIREMENTS.txt (line 12)) (4.13.0)
#17 251.1 Requirement already satisfied: certifi in /usr/local/lib/python3.12/site-packages (from httpx<1.0,>=0.27->-r REQUIREMENTS.txt (line 12)) (2026.4.22)
#17 251.1 Requirement already satisfied: httpcore==1.* in /usr/local/lib/python3.12/site-packages (from httpx<1.0,>=0.27->-r REQUIREMENTS.txt (line 12)) (1.0.9)
#17 251.1 Requirement already satisfied: idna in /usr/local/lib/python3.12/site-packages (from httpx<1.0,>=0.27->-r REQUIREMENTS.txt (line 12)) (3.13)
#17 251.3 Collecting ecdsa!=0.15 (from python-jose<4.0,>=3.3->python-jose[cryptography]<4.0,>=3.3->-r REQUIREMENTS.txt (line 18))
#17 251.3   Downloading ecdsa-0.19.2-py2.py3-none-any.whl.metadata (29 kB)
#17 251.4 Collecting rsa!=4.1.1,!=4.4,<5.0,>=4.0 (from python-jose<4.0,>=3.3->python-jose[cryptography]<4.0,>=3.3->-r REQUIREMENTS.txt (line 18))
#17 251.4   Downloading rsa-4.9.1-py3-none-any.whl.metadata (5.6 kB)
#17 251.5 Collecting pyasn1>=0.5.0 (from python-jose<4.0,>=3.3->python-jose[cryptography]<4.0,>=3.3->-r REQUIREMENTS.txt (line 18))
#17 251.5   Downloading pyasn1-0.6.3-py3-none-any.whl.metadata (8.4 kB)
#17 251.7 Collecting simpleeval>=0.9.11 (from casbin<2.0,>=1.35->-r REQUIREMENTS.txt (line 20))
#17 251.7   Downloading simpleeval-1.0.7-py3-none-any.whl.metadata (20 kB)
#17 251.7 Requirement already satisfied: cryptography in /usr/local/lib/python3.12/site-packages (from authlib<2.0,>=1.3->-r REQUIREMENTS.txt (line 21)) (48.0.0)
#17 251.8 Collecting joserfc>=1.6.0 (from authlib<2.0,>=1.3->-r REQUIREMENTS.txt (line 21))
#17 251.8   Downloading joserfc-1.6.5-py3-none-any.whl.metadata (3.2 kB)
#17 251.9 Collecting isodate>=0.6.1 (from python3-saml<2.0,>=1.16->-r REQUIREMENTS.txt (line 23))
#17 251.9   Downloading isodate-0.7.2-py3-none-any.whl.metadata (11 kB)
#17 252.1 Collecting pygments<3.0.0,>=2.13.0 (from rich<14.0,>=13.7->-r REQUIREMENTS.txt (line 28))
#17 252.1   Downloading pygments-2.20.0-py3-none-any.whl.metadata (2.5 kB)
#17 252.1 Requirement already satisfied: greenlet>=1 in /usr/local/lib/python3.12/site-packages (from SQLAlchemy<3.0,>=2.0.30->-r REQUIREMENTS.txt (line 31)) (3.5.0)
#17 252.1 Requirement already satisfied: Mako in /usr/local/lib/python3.12/site-packages (from alembic<2.0,>=1.13->-r REQUIREMENTS.txt (line 32)) (1.3.12)
#17 252.1 Requirement already satisfied: PyJWT>=2.9.0 in /usr/local/lib/python3.12/site-packages (from redis<6.0,>=5.0->-r REQUIREMENTS.txt (line 39)) (2.12.1)
#17 252.3 Collecting dataclasses-json (from llama-index-core<0.12,>=0.11->-r REQUIREMENTS.txt (line 42))
#17 252.3   Downloading dataclasses_json-0.6.7-py3-none-any.whl.metadata (25 kB)
#17 252.5 Collecting deprecated>=1.2.9.3 (from llama-index-core<0.12,>=0.11->-r REQUIREMENTS.txt (line 42))
#17 252.5   Downloading deprecated-1.3.1-py2.py3-none-any.whl.metadata (5.9 kB)
#17 252.7 Collecting dirtyjson<2.0.0,>=1.0.8 (from llama-index-core<0.12,>=0.11->-r REQUIREMENTS.txt (line 42))
#17 252.7   Downloading dirtyjson-1.0.8-py3-none-any.whl.metadata (11 kB)
#17 252.8 Collecting filetype<2.0.0,>=1.2.0 (from llama-index-core<0.12,>=0.11->-r REQUIREMENTS.txt (line 42))
#17 252.8   Downloading filetype-1.2.0-py2.py3-none-any.whl.metadata (6.5 kB)
#17 252.9 Collecting fsspec>=2023.5.0 (from llama-index-core<0.12,>=0.11->-r REQUIREMENTS.txt (line 42))
#17 252.9   Downloading fsspec-2026.4.0-py3-none-any.whl.metadata (10 kB)
#17 253.1 Collecting nest-asyncio<2.0.0,>=1.5.8 (from llama-index-core<0.12,>=0.11->-r REQUIREMENTS.txt (line 42))
#17 253.1   Downloading nest_asyncio-1.6.0-py3-none-any.whl.metadata (2.8 kB)
#17 253.2 Collecting networkx>=3.0 (from llama-index-core<0.12,>=0.11->-r REQUIREMENTS.txt (line 42))
#17 253.2   Downloading networkx-3.6.1-py3-none-any.whl.metadata (6.8 kB)
#17 253.4 Collecting nltk>3.8.1 (from llama-index-core<0.12,>=0.11->-r REQUIREMENTS.txt (line 42))
#17 253.4   Downloading nltk-3.9.4-py3-none-any.whl.metadata (3.2 kB)
#17 254.1 Collecting numpy<2.0.0 (from llama-index-core<0.12,>=0.11->-r REQUIREMENTS.txt (line 42))
#17 254.1   Downloading numpy-1.26.4-cp312-cp312-manylinux_2_17_x86_64.manylinux2014_x86_64.whl.metadata (61 kB)
#17 254.6 Collecting pillow>=9.0.0 (from llama-index-core<0.12,>=0.11->-r REQUIREMENTS.txt (line 42))
#17 254.6   Downloading pillow-12.2.0-cp312-cp312-manylinux_2_27_x86_64.manylinux_2_28_x86_64.whl.metadata (8.8 kB)
#17 254.9 Collecting tiktoken>=0.3.3 (from llama-index-core<0.12,>=0.11->-r REQUIREMENTS.txt (line 42))
#17 254.9   Downloading tiktoken-0.12.0-cp312-cp312-manylinux_2_28_x86_64.whl.metadata (6.7 kB)
#17 255.0 Collecting tqdm<5.0.0,>=4.66.1 (from llama-index-core<0.12,>=0.11->-r REQUIREMENTS.txt (line 42))
#17 255.0   Downloading tqdm-4.67.3-py3-none-any.whl.metadata (57 kB)
#17 255.1 Collecting typing-inspect>=0.8.0 (from llama-index-core<0.12,>=0.11->-r REQUIREMENTS.txt (line 42))
#17 255.2   Downloading typing_inspect-0.9.0-py3-none-any.whl.metadata (1.5 kB)
#17 255.9 Collecting wrapt (from llama-index-core<0.12,>=0.11->-r REQUIREMENTS.txt (line 42))
#17 255.9   Downloading wrapt-2.1.2-cp312-cp312-manylinux1_x86_64.manylinux_2_28_x86_64.manylinux_2_5_x86_64.whl.metadata (7.4 kB)
#17 256.3 Collecting pandas (from llama-index-readers-file<0.3,>=0.2->-r REQUIREMENTS.txt (line 43))
#17 256.3   Downloading pandas-3.0.2-cp312-cp312-manylinux_2_24_x86_64.manylinux_2_28_x86_64.whl.metadata (79 kB)
#17 256.5 Collecting pypdf<5.0.0,>=4.0.1 (from llama-index-readers-file<0.3,>=0.2->-r REQUIREMENTS.txt (line 43))
#17 256.5   Downloading pypdf-4.3.1-py3-none-any.whl.metadata (7.4 kB)
#17 256.6 Collecting striprtf<0.0.27,>=0.0.26 (from llama-index-readers-file<0.3,>=0.2->-r REQUIREMENTS.txt (line 43))
#17 256.6   Downloading striprtf-0.0.26-py3-none-any.whl.metadata (2.1 kB)
#17 256.9 Collecting openai>=1.1.0 (from llama-index-embeddings-openai<0.3,>=0.2->-r REQUIREMENTS.txt (line 44))
#17 256.9   Downloading openai-2.36.0-py3-none-any.whl.metadata (31 kB)
#17 257.1   Downloading openai-1.109.1-py3-none-any.whl.metadata (29 kB)
#17 257.4 Collecting langchain-core<1.0.0,>=0.3.85 (from langchain<0.4,>=0.2->-r REQUIREMENTS.txt (line 50))
#17 257.4   Downloading langchain_core-0.3.86-py3-none-any.whl.metadata (3.2 kB)
#17 257.5 Collecting langchain-text-splitters<1.0.0,>=0.3.9 (from langchain<0.4,>=0.2->-r REQUIREMENTS.txt (line 50))
#17 257.5   Downloading langchain_text_splitters-0.3.11-py3-none-any.whl.metadata (1.8 kB)
#17 257.9 Collecting langsmith<1.0.0,>=0.1.17 (from langchain<0.4,>=0.2->-r REQUIREMENTS.txt (line 50))
#17 257.9   Downloading langsmith-0.8.3-py3-none-any.whl.metadata (15 kB)
#17 258.5 Collecting httpx-sse<1.0.0,>=0.4.0 (from langchain-community<0.4,>=0.2->-r REQUIREMENTS.txt (line 51))
#17 258.5   Downloading httpx_sse-0.4.3-py3-none-any.whl.metadata (9.7 kB)
#17 258.6 Collecting build>=1.0.3 (from chromadb<2.0,>=1.0->-r REQUIREMENTS.txt (line 54))
#17 258.7   Downloading build-1.5.0-py3-none-any.whl.metadata (5.7 kB)
#17 259.1 Collecting pybase64>=1.4.1 (from chromadb<2.0,>=1.0->-r REQUIREMENTS.txt (line 54))
#17 259.1   Downloading pybase64-1.4.3-cp312-cp312-manylinux1_x86_64.manylinux2014_x86_64.manylinux_2_17_x86_64.manylinux_2_5_x86_64.whl.metadata (8.7 kB)
#17 259.4 Collecting onnxruntime>=1.14.1 (from chromadb<2.0,>=1.0->-r REQUIREMENTS.txt (line 54))
#17 259.4   Downloading onnxruntime-1.26.0-cp312-cp312-manylinux_2_27_x86_64.manylinux_2_28_x86_64.whl.metadata (5.3 kB)
#17 259.6 Collecting opentelemetry-api>=1.2.0 (from chromadb<2.0,>=1.0->-r REQUIREMENTS.txt (line 54))
#17 259.6   Downloading opentelemetry_api-1.41.1-py3-none-any.whl.metadata (1.5 kB)
#17 259.7 Collecting opentelemetry-exporter-otlp-proto-grpc>=1.2.0 (from chromadb<2.0,>=1.0->-r REQUIREMENTS.txt (line 54))
#17 259.7   Downloading opentelemetry_exporter_otlp_proto_grpc-1.41.1-py3-none-any.whl.metadata (2.6 kB)
#17 259.9 Collecting opentelemetry-sdk>=1.2.0 (from chromadb<2.0,>=1.0->-r REQUIREMENTS.txt (line 54))
#17 259.9   Downloading opentelemetry_sdk-1.41.1-py3-none-any.whl.metadata (1.7 kB)
#17 260.3 Collecting tokenizers>=0.13.2 (from chromadb<2.0,>=1.0->-r REQUIREMENTS.txt (line 54))
#17 260.3   Downloading tokenizers-0.23.1-cp310-abi3-manylinux_2_17_x86_64.manylinux2014_x86_64.whl.metadata (9.8 kB)
#17 260.5 Collecting pypika>=0.48.9 (from chromadb<2.0,>=1.0->-r REQUIREMENTS.txt (line 54))
#17 260.5   Downloading pypika-0.51.1-py2.py3-none-any.whl.metadata (51 kB)
#17 260.6 Collecting overrides>=7.3.1 (from chromadb<2.0,>=1.0->-r REQUIREMENTS.txt (line 54))
#17 260.7   Downloading overrides-7.7.0-py3-none-any.whl.metadata (5.8 kB)
#17 260.8 Collecting importlib-resources (from chromadb<2.0,>=1.0->-r REQUIREMENTS.txt (line 54))
#17 260.8   Downloading importlib_resources-7.1.0-py3-none-any.whl.metadata (4.0 kB)
#17 262.3 Collecting grpcio>=1.58.0 (from chromadb<2.0,>=1.0->-r REQUIREMENTS.txt (line 54))
#17 262.3   Downloading grpcio-1.80.0-cp312-cp312-manylinux2014_x86_64.manylinux_2_17_x86_64.whl.metadata (3.8 kB)
#17 262.5 Collecting bcrypt>=4.0.1 (from chromadb<2.0,>=1.0->-r REQUIREMENTS.txt (line 54))
#17 262.5   Downloading bcrypt-5.0.0-cp39-abi3-manylinux_2_34_x86_64.whl.metadata (10 kB)
#17 262.6 Collecting typer>=0.9.0 (from chromadb<2.0,>=1.0->-r REQUIREMENTS.txt (line 54))
#17 262.7   Downloading typer-0.25.1-py3-none-any.whl.metadata (15 kB)
#17 262.8 Collecting kubernetes>=28.1.0 (from chromadb<2.0,>=1.0->-r REQUIREMENTS.txt (line 54))
#17 262.8   Downloading kubernetes-35.0.0-py2.py3-none-any.whl.metadata (1.7 kB)
#17 263.0 Collecting mmh3>=4.0.1 (from chromadb<2.0,>=1.0->-r REQUIREMENTS.txt (line 54))
#17 263.0   Downloading mmh3-5.2.1-cp312-cp312-manylinux1_x86_64.manylinux_2_28_x86_64.manylinux_2_5_x86_64.whl.metadata (14 kB)
#17 263.8 Collecting orjson>=3.9.12 (from chromadb<2.0,>=1.0->-r REQUIREMENTS.txt (line 54))
#17 263.8   Downloading orjson-3.11.9-cp312-cp312-manylinux_2_17_x86_64.manylinux2014_x86_64.whl.metadata (41 kB)
#17 264.0 Collecting jsonschema>=4.19.0 (from chromadb<2.0,>=1.0->-r REQUIREMENTS.txt (line 54))
#17 264.0   Downloading jsonschema-4.26.0-py3-none-any.whl.metadata (7.6 kB)
#17 264.2 Collecting portalocker<4.0,>=2.7.0 (from qdrant-client<2.0,>=1.9->-r REQUIREMENTS.txt (line 55))
#17 264.2   Downloading portalocker-3.2.0-py3-none-any.whl.metadata (8.7 kB)
#17 264.9 Collecting protobuf>=3.20.0 (from qdrant-client<2.0,>=1.9->-r REQUIREMENTS.txt (line 55))
#17 264.9   Downloading protobuf-7.34.1-cp310-abi3-manylinux2014_x86_64.whl.metadata (595 bytes)
#17 265.0 Collecting urllib3<3,>=1.26.14 (from qdrant-client<2.0,>=1.9->-r REQUIREMENTS.txt (line 55))
#17 265.0   Downloading urllib3-2.7.0-py3-none-any.whl.metadata (6.9 kB)
#17 265.1 Collecting validators<1.0.0,>=0.34.0 (from weaviate-client<5.0,>=4.6->-r REQUIREMENTS.txt (line 56))
#17 265.2   Downloading validators-0.35.0-py3-none-any.whl.metadata (3.9 kB)
#17 265.2 Collecting grpcio>=1.58.0 (from chromadb<2.0,>=1.0->-r REQUIREMENTS.txt (line 54))
#17 265.2   Downloading grpcio-1.78.0-cp312-cp312-manylinux2014_x86_64.manylinux_2_17_x86_64.whl.metadata (3.8 kB)
#17 265.3 Collecting protobuf>=3.20.0 (from qdrant-client<2.0,>=1.9->-r REQUIREMENTS.txt (line 55))
#17 265.3   Downloading protobuf-6.33.6-cp39-abi3-manylinux2014_x86_64.whl.metadata (593 bytes)
#17 265.5 Collecting python-dateutil (from opensearch-py<3.0,>=2.6->-r REQUIREMENTS.txt (line 57))
#17 265.5   Downloading python_dateutil-2.9.0.post0-py2.py3-none-any.whl.metadata (8.4 kB)
#17 265.6 Collecting Events (from opensearch-py<3.0,>=2.6->-r REQUIREMENTS.txt (line 57))
#17 265.6   Downloading Events-0.5-py3-none-any.whl.metadata (3.9 kB)
#17 265.9 Collecting charset-normalizer>=2.0.0 (from pdfminer.six>=20231228->-r REQUIREMENTS.txt (line 63))
#17 265.9   Downloading charset_normalizer-3.4.7-cp312-cp312-manylinux2014_x86_64.manylinux_2_17_x86_64.manylinux_2_28_x86_64.whl.metadata (40 kB)
#17 266.0 Collecting et-xmlfile (from openpyxl<4.0,>=3.1->-r REQUIREMENTS.txt (line 65))
#17 266.1   Downloading et_xmlfile-2.0.0-py3-none-any.whl.metadata (2.7 kB)
#17 266.2 Collecting soupsieve>=1.6.1 (from beautifulsoup4<5.0,>=4.12->-r REQUIREMENTS.txt (line 66))
#17 266.2   Downloading soupsieve-2.8.3-py3-none-any.whl.metadata (4.6 kB)
#17 266.3 Collecting mdurl~=0.1 (from markdown-it-py<4.0,>=3.0->-r REQUIREMENTS.txt (line 68))
#17 266.3   Downloading mdurl-0.1.2-py3-none-any.whl.metadata (1.6 kB)
#17 267.8 Collecting botocore<1.44.0,>=1.43.6 (from boto3<2.0,>=1.34->-r REQUIREMENTS.txt (line 73))
#17 267.8   Downloading botocore-1.43.6-py3-none-any.whl.metadata (5.5 kB)
#17 267.9 Collecting jmespath<2.0.0,>=0.7.1 (from boto3<2.0,>=1.34->-r REQUIREMENTS.txt (line 73))
#17 267.9   Downloading jmespath-1.1.0-py3-none-any.whl.metadata (7.6 kB)
#17 268.0 Collecting s3transfer<0.18.0,>=0.17.0 (from boto3<2.0,>=1.34->-r REQUIREMENTS.txt (line 73))
#17 268.0   Downloading s3transfer-0.17.0-py3-none-any.whl.metadata (1.7 kB)
#17 268.2 Collecting httplib2<1.0.0,>=0.19.0 (from google-api-python-client<3.0,>=2.140->-r REQUIREMENTS.txt (line 75))
#17 268.2   Downloading httplib2-0.31.2-py3-none-any.whl.metadata (2.2 kB)
#17 268.3 Collecting google-auth-httplib2<1.0.0,>=0.2.0 (from google-api-python-client<3.0,>=2.140->-r REQUIREMENTS.txt (line 75))
#17 268.3   Downloading google_auth_httplib2-0.4.0-py3-none-any.whl.metadata (3.0 kB)
#17 268.6 Collecting google-api-core!=2.0.*,!=2.1.*,!=2.2.*,!=2.3.0,<3.0.0,>=1.31.5 (from google-api-python-client<3.0,>=2.140->-r REQUIREMENTS.txt (line 75))
#17 268.6   Downloading google_api_core-2.30.3-py3-none-any.whl.metadata (3.1 kB)
#17 268.7 Collecting uritemplate<5,>=3.0.1 (from google-api-python-client<3.0,>=2.140->-r REQUIREMENTS.txt (line 75))
#17 268.7   Downloading uritemplate-4.2.0-py3-none-any.whl.metadata (2.6 kB)
#17 268.8 Collecting pyasn1-modules>=0.2.1 (from google-auth<3.0,>=2.33->-r REQUIREMENTS.txt (line 76))
#17 268.8   Downloading pyasn1_modules-0.4.2-py3-none-any.whl.metadata (3.5 kB)
#17 269.0 Collecting requests-oauthlib>=0.7.0 (from google-auth-oauthlib<2.0,>=1.2->-r REQUIREMENTS.txt (line 77))
#17 269.0   Downloading requests_oauthlib-2.0.0-py2.py3-none-any.whl.metadata (11 kB)
#17 269.2 Collecting aiohappyeyeballs>=2.5.0 (from aiohttp<4.0,>=3.9->-r REQUIREMENTS.txt (line 79))
#17 269.2   Downloading aiohappyeyeballs-2.6.1-py3-none-any.whl.metadata (5.9 kB)
#17 269.3 Collecting aiosignal>=1.4.0 (from aiohttp<4.0,>=3.9->-r REQUIREMENTS.txt (line 79))
#17 269.3   Downloading aiosignal-1.4.0-py3-none-any.whl.metadata (3.7 kB)
#17 269.4 Collecting attrs>=17.3.0 (from aiohttp<4.0,>=3.9->-r REQUIREMENTS.txt (line 79))
#17 269.4   Downloading attrs-26.1.0-py3-none-any.whl.metadata (8.8 kB)
#17 269.7 Collecting frozenlist>=1.1.1 (from aiohttp<4.0,>=3.9->-r REQUIREMENTS.txt (line 79))
#17 269.7   Downloading frozenlist-1.8.0-cp312-cp312-manylinux1_x86_64.manylinux_2_28_x86_64.manylinux_2_5_x86_64.whl.metadata (20 kB)
#17 270.4 Collecting multidict<7.0,>=4.5 (from aiohttp<4.0,>=3.9->-r REQUIREMENTS.txt (line 79))
#17 270.4   Downloading multidict-6.7.1-cp312-cp312-manylinux2014_x86_64.manylinux_2_17_x86_64.manylinux_2_28_x86_64.whl.metadata (5.3 kB)
#17 270.6 Collecting propcache>=0.2.0 (from aiohttp<4.0,>=3.9->-r REQUIREMENTS.txt (line 79))
#17 270.6   Downloading propcache-0.5.2-cp312-cp312-manylinux2014_x86_64.manylinux_2_17_x86_64.manylinux_2_28_x86_64.whl.metadata (16 kB)
#17 271.4 Collecting yarl<2.0,>=1.17.0 (from aiohttp<4.0,>=3.9->-r REQUIREMENTS.txt (line 79))
#17 271.4   Downloading yarl-1.23.0-cp312-cp312-manylinux2014_x86_64.manylinux_2_17_x86_64.manylinux_2_28_x86_64.whl.metadata (79 kB)
#17 271.6 Collecting iniconfig>=1 (from pytest<9.0,>=8.2->-r REQUIREMENTS.txt (line 85))
#17 271.6   Downloading iniconfig-2.3.0-py3-none-any.whl.metadata (2.5 kB)
#17 271.7 Collecting packaging>=20 (from pytest<9.0,>=8.2->-r REQUIREMENTS.txt (line 85))
#17 271.7   Downloading packaging-26.2-py3-none-any.whl.metadata (3.5 kB)
#17 271.8 Collecting pluggy<2,>=1.5 (from pytest<9.0,>=8.2->-r REQUIREMENTS.txt (line 85))
#17 271.8   Downloading pluggy-1.6.0-py3-none-any.whl.metadata (4.8 kB)
#17 273.2 Collecting coverage>=5.2.1 (from coverage[toml]>=5.2.1->pytest-cov<6.0,>=5.0->-r REQUIREMENTS.txt (line 86))
#17 273.2   Downloading coverage-7.13.5-cp312-cp312-manylinux1_x86_64.manylinux_2_28_x86_64.manylinux_2_5_x86_64.whl.metadata (8.5 kB)
#17 273.3 Collecting mypy_extensions>=1.0.0 (from mypy<2.0,>=1.10->-r REQUIREMENTS.txt (line 88))
#17 273.3   Downloading mypy_extensions-1.1.0-py3-none-any.whl.metadata (1.1 kB)
#17 273.4 Collecting pathspec>=1.0.0 (from mypy<2.0,>=1.10->-r REQUIREMENTS.txt (line 88))
#17 273.4   Downloading pathspec-1.1.1-py3-none-any.whl.metadata (14 kB)
#17 273.8 Collecting librt>=0.8.0 (from mypy<2.0,>=1.10->-r REQUIREMENTS.txt (line 88))
#17 273.8   Downloading librt-0.10.0-cp312-cp312-manylinux2014_x86_64.manylinux_2_17_x86_64.manylinux_2_28_x86_64.whl.metadata (1.3 kB)
#17 274.3 Collecting psycopg-binary==3.3.4 (from psycopg[binary]<4.0,>=3.2->-r REQUIREMENTS.txt (line 58))
#17 274.3   Downloading psycopg_binary-3.3.4-cp312-cp312-manylinux2014_x86_64.manylinux_2_17_x86_64.whl.metadata (2.7 kB)
#17 274.5 Collecting httptools>=0.6.3 (from uvicorn[standard]<1.0,>=0.30->-r REQUIREMENTS.txt (line 11))
#17 274.5   Downloading httptools-0.7.1-cp312-cp312-manylinux1_x86_64.manylinux_2_28_x86_64.manylinux_2_5_x86_64.whl.metadata (3.5 kB)
#17 274.7 Collecting uvloop>=0.15.1 (from uvicorn[standard]<1.0,>=0.30->-r REQUIREMENTS.txt (line 11))
#17 274.7   Downloading uvloop-0.22.1-cp312-cp312-manylinux2014_x86_64.manylinux_2_17_x86_64.manylinux_2_28_x86_64.whl.metadata (4.9 kB)
#17 274.9 Collecting watchfiles>=0.20 (from uvicorn[standard]<1.0,>=0.30->-r REQUIREMENTS.txt (line 11))
#17 274.9   Downloading watchfiles-1.1.1-cp312-cp312-manylinux_2_17_x86_64.manylinux2014_x86_64.whl.metadata (4.9 kB)
#17 275.2 Collecting pyproject_hooks (from build>=1.0.3->chromadb<2.0,>=1.0->-r REQUIREMENTS.txt (line 54))
#17 275.2   Downloading pyproject_hooks-1.2.0-py3-none-any.whl.metadata (1.3 kB)
#17 275.2 Requirement already satisfied: cffi>=2.0.0 in /usr/local/lib/python3.12/site-packages (from cryptography->authlib<2.0,>=1.3->-r REQUIREMENTS.txt (line 21)) (2.0.0)
#17 275.4 Collecting marshmallow<4.0.0,>=3.18.0 (from dataclasses-json->llama-index-core<0.12,>=0.11->-r REQUIREMENTS.txt (line 42))
#17 275.4   Downloading marshmallow-3.26.2-py3-none-any.whl.metadata (7.3 kB)
#17 275.6 Collecting six>=1.9.0 (from ecdsa!=0.15->python-jose<4.0,>=3.3->python-jose[cryptography]<4.0,>=3.3->-r REQUIREMENTS.txt (line 18))
#17 275.6   Downloading six-1.17.0-py2.py3-none-any.whl.metadata (1.7 kB)
#17 275.7 Collecting googleapis-common-protos<2.0.0,>=1.63.2 (from google-api-core!=2.0.*,!=2.1.*,!=2.2.*,!=2.3.0,<3.0.0,>=1.31.5->google-api-python-client<3.0,>=2.140->-r REQUIREMENTS.txt (line 75))
#17 275.7   Downloading googleapis_common_protos-1.75.0-py3-none-any.whl.metadata (8.6 kB)
#17 276.0 Collecting proto-plus<2.0.0,>=1.22.3 (from google-api-core!=2.0.*,!=2.1.*,!=2.2.*,!=2.3.0,<3.0.0,>=1.31.5->google-api-python-client<3.0,>=2.140->-r REQUIREMENTS.txt (line 75))
#17 276.0   Downloading proto_plus-1.28.0-py3-none-any.whl.metadata (2.2 kB)
#17 276.2 Collecting pyparsing<4,>=3.1 (from httplib2<1.0.0,>=0.19.0->google-api-python-client<3.0,>=2.140->-r REQUIREMENTS.txt (line 75))
#17 276.2   Downloading pyparsing-3.3.2-py3-none-any.whl.metadata (5.8 kB)
#17 276.5 Collecting h2<5,>=3 (from httpx[http2]>=0.20.0->qdrant-client<2.0,>=1.9->-r REQUIREMENTS.txt (line 55))
#17 276.5   Downloading h2-4.3.0-py3-none-any.whl.metadata (5.1 kB)
#17 276.6 Collecting jsonschema-specifications>=2023.03.6 (from jsonschema>=4.19.0->chromadb<2.0,>=1.0->-r REQUIREMENTS.txt (line 54))
#17 276.6   Downloading jsonschema_specifications-2025.9.1-py3-none-any.whl.metadata (2.9 kB)
#17 276.8 Collecting referencing>=0.28.4 (from jsonschema>=4.19.0->chromadb<2.0,>=1.0->-r REQUIREMENTS.txt (line 54))
#17 276.8   Downloading referencing-0.37.0-py3-none-any.whl.metadata (2.8 kB)
#17 277.8 Collecting rpds-py>=0.25.0 (from jsonschema>=4.19.0->chromadb<2.0,>=1.0->-r REQUIREMENTS.txt (line 54))
#17 277.8   Downloading rpds_py-0.30.0-cp312-cp312-manylinux_2_17_x86_64.manylinux2014_x86_64.whl.metadata (4.1 kB)
#17 278.0 Collecting websocket-client!=0.40.0,!=0.41.*,!=0.42.*,>=0.32.0 (from kubernetes>=28.1.0->chromadb<2.0,>=1.0->-r REQUIREMENTS.txt (line 54))
#17 278.0   Downloading websocket_client-1.9.0-py3-none-any.whl.metadata (8.3 kB)
#17 278.1 Collecting durationpy>=0.7 (from kubernetes>=28.1.0->chromadb<2.0,>=1.0->-r REQUIREMENTS.txt (line 54))
#17 278.1   Downloading durationpy-0.10-py3-none-any.whl.metadata (340 bytes)
#17 278.4 Collecting jsonpatch<2.0.0,>=1.33.0 (from langchain-core<1.0.0,>=0.3.85->langchain<0.4,>=0.2->-r REQUIREMENTS.txt (line 50))
#17 278.4   Downloading jsonpatch-1.33-py2.py3-none-any.whl.metadata (3.0 kB)
#17 278.4 Collecting packaging>=20 (from pytest<9.0,>=8.2->-r REQUIREMENTS.txt (line 85))
#17 278.4   Downloading packaging-25.0-py3-none-any.whl.metadata (3.3 kB)
#17 278.7 Collecting uuid-utils<1.0,>=0.12.0 (from langchain-core<1.0.0,>=0.3.85->langchain<0.4,>=0.2->-r REQUIREMENTS.txt (line 50))
#17 278.7   Downloading uuid_utils-0.14.1-cp39-abi3-manylinux_2_17_x86_64.manylinux2014_x86_64.whl.metadata (4.8 kB)
#17 278.9 Collecting requests-toolbelt>=1.0.0 (from langsmith<1.0.0,>=0.1.17->langchain<0.4,>=0.2->-r REQUIREMENTS.txt (line 50))
#17 278.9   Downloading requests_toolbelt-1.0.0-py2.py3-none-any.whl.metadata (14 kB)
#17 279.2 Collecting zstandard>=0.23.0 (from langsmith<1.0.0,>=0.1.17->langchain<0.4,>=0.2->-r REQUIREMENTS.txt (line 50))
#17 279.2   Downloading zstandard-0.25.0-cp312-cp312-manylinux2014_x86_64.manylinux_2_17_x86_64.whl.metadata (3.3 kB)
#17 279.4 Collecting joblib (from nltk>3.8.1->llama-index-core<0.12,>=0.11->-r REQUIREMENTS.txt (line 42))
#17 279.4   Downloading joblib-1.5.3-py3-none-any.whl.metadata (5.5 kB)
#17 280.4 Collecting regex>=2021.8.3 (from nltk>3.8.1->llama-index-core<0.12,>=0.11->-r REQUIREMENTS.txt (line 42))
#17 280.4   Downloading regex-2026.4.4-cp312-cp312-manylinux2014_x86_64.manylinux_2_17_x86_64.manylinux_2_28_x86_64.whl.metadata (40 kB)
#17 280.6 Collecting flatbuffers (from onnxruntime>=1.14.1->chromadb<2.0,>=1.0->-r REQUIREMENTS.txt (line 54))
#17 280.6   Downloading flatbuffers-25.12.19-py2.py3-none-any.whl.metadata (1.0 kB)
#17 280.7 Collecting distro<2,>=1.7.0 (from openai>=1.1.0->llama-index-embeddings-openai<0.3,>=0.2->-r REQUIREMENTS.txt (line 44))
#17 280.7   Downloading distro-1.9.0-py3-none-any.whl.metadata (6.8 kB)
#17 281.0 Collecting jiter<1,>=0.4.0 (from openai>=1.1.0->llama-index-embeddings-openai<0.3,>=0.2->-r REQUIREMENTS.txt (line 44))
#17 281.0   Downloading jiter-0.14.0-cp312-cp312-manylinux_2_17_x86_64.manylinux2014_x86_64.whl.metadata (5.2 kB)
#17 281.1 Collecting sniffio (from openai>=1.1.0->llama-index-embeddings-openai<0.3,>=0.2->-r REQUIREMENTS.txt (line 44))
#17 281.1   Downloading sniffio-1.3.1-py3-none-any.whl.metadata (3.9 kB)
#17 281.3 Collecting importlib-metadata<8.8.0,>=6.0 (from opentelemetry-api>=1.2.0->chromadb<2.0,>=1.0->-r REQUIREMENTS.txt (line 54))
#17 281.3   Downloading importlib_metadata-8.7.1-py3-none-any.whl.metadata (4.7 kB)
#17 281.6 Collecting opentelemetry-exporter-otlp-proto-common==1.41.1 (from opentelemetry-exporter-otlp-proto-grpc>=1.2.0->chromadb<2.0,>=1.0->-r REQUIREMENTS.txt (line 54))
#17 281.6   Downloading opentelemetry_exporter_otlp_proto_common-1.41.1-py3-none-any.whl.metadata (1.9 kB)
#17 281.7 Collecting opentelemetry-proto==1.41.1 (from opentelemetry-exporter-otlp-proto-grpc>=1.2.0->chromadb<2.0,>=1.0->-r REQUIREMENTS.txt (line 54))
#17 281.7   Downloading opentelemetry_proto-1.41.1-py3-none-any.whl.metadata (2.4 kB)
#17 282.0 Collecting opentelemetry-semantic-conventions==0.62b1 (from opentelemetry-sdk>=1.2.0->chromadb<2.0,>=1.0->-r REQUIREMENTS.txt (line 54))
#17 282.0   Downloading opentelemetry_semantic_conventions-0.62b1-py3-none-any.whl.metadata (2.5 kB)
#17 282.3 Collecting oauthlib>=3.0.0 (from requests-oauthlib>=0.7.0->google-auth-oauthlib<2.0,>=1.2->-r REQUIREMENTS.txt (line 77))
#17 282.3   Downloading oauthlib-3.3.1-py3-none-any.whl.metadata (7.9 kB)
#17 283.5 Collecting huggingface-hub<2.0,>=0.16.4 (from tokenizers>=0.13.2->chromadb<2.0,>=1.0->-r REQUIREMENTS.txt (line 54))
#17 283.5   Downloading huggingface_hub-1.14.0-py3-none-any.whl.metadata (14 kB)
#17 283.7 Collecting shellingham>=1.3.0 (from typer>=0.9.0->chromadb<2.0,>=1.0->-r REQUIREMENTS.txt (line 54))
#17 283.7   Downloading shellingham-1.5.4-py2.py3-none-any.whl.metadata (3.5 kB)
#17 283.8 Requirement already satisfied: MarkupSafe>=0.9.2 in /usr/local/lib/python3.12/site-packages (from Mako->alembic<2.0,>=1.13->-r REQUIREMENTS.txt (line 32)) (3.0.3)
#17 283.9 Requirement already satisfied: pycparser in /usr/local/lib/python3.12/site-packages (from cffi>=2.0.0->cryptography->authlib<2.0,>=1.3->-r REQUIREMENTS.txt (line 21)) (3.0)
#17 284.0 Collecting hyperframe<7,>=6.1 (from h2<5,>=3->httpx[http2]>=0.20.0->qdrant-client<2.0,>=1.9->-r REQUIREMENTS.txt (line 55))
#17 284.0   Downloading hyperframe-6.1.0-py3-none-any.whl.metadata (4.3 kB)
#17 284.1 Collecting hpack<5,>=4.1 (from h2<5,>=3->httpx[http2]>=0.20.0->qdrant-client<2.0,>=1.9->-r REQUIREMENTS.txt (line 55))
#17 284.1   Downloading hpack-4.1.0-py3-none-any.whl.metadata (4.6 kB)
#17 284.3 Collecting hf-xet<2.0.0,>=1.4.3 (from huggingface-hub<2.0,>=0.16.4->tokenizers>=0.13.2->chromadb<2.0,>=1.0->-r REQUIREMENTS.txt (line 54))
#17 284.3   Downloading hf_xet-1.5.0-cp37-abi3-manylinux2014_x86_64.manylinux_2_17_x86_64.whl.metadata (4.9 kB)
#17 284.8 Collecting zipp>=3.20 (from importlib-metadata<8.8.0,>=6.0->opentelemetry-api>=1.2.0->chromadb<2.0,>=1.0->-r REQUIREMENTS.txt (line 54))
#17 284.8   Downloading zipp-3.23.1-py3-none-any.whl.metadata (3.6 kB)
#17 284.9 Collecting jsonpointer>=1.9 (from jsonpatch<2.0.0,>=1.33.0->langchain-core<1.0.0,>=0.3.85->langchain<0.4,>=0.2->-r REQUIREMENTS.txt (line 50))
#17 284.9   Downloading jsonpointer-3.1.1-py3-none-any.whl.metadata (2.4 kB)
#17 285.2 Downloading pydantic_settings-2.14.1-py3-none-any.whl (60 kB)
#17 285.2 Downloading python_dotenv-1.2.2-py3-none-any.whl (22 kB)
#17 285.2 Downloading ruamel_yaml-0.19.1-py3-none-any.whl (118 kB)
#17 285.2 Downloading uvicorn-0.46.0-py3-none-any.whl (70 kB)
#17 285.2 Downloading python_multipart-0.0.27-py3-none-any.whl (29 kB)
#17 285.2 Downloading sse_starlette-2.4.1-py3-none-any.whl (10 kB)
#17 285.3 Downloading websockets-12.0-cp312-cp312-manylinux_2_5_x86_64.manylinux1_x86_64.manylinux_2_17_x86_64.manylinux2014_x86_64.whl (131 kB)
#17 285.3 Downloading python_jose-3.5.0-py2.py3-none-any.whl (34 kB)
#17 285.3 Downloading passlib-1.7.4-py2.py3-none-any.whl (525 kB)
#17 285.3    ━━━━━━━━━━━━━━━━━━━━━━━━━━━━━━━━━━━━━━━━ 525.6/525.6 kB 94.8 MB/s eta 0:00:00
#17 285.3 Downloading casbin-1.43.0-py3-none-any.whl (475 kB)
#17 285.3 Downloading authlib-1.7.2-py2.py3-none-any.whl (259 kB)
#17 285.3 Downloading ldap3-2.9.1-py2.py3-none-any.whl (432 kB)
#17 285.3 Downloading python3_saml-1.16.0-py3-none-any.whl (76 kB)
#17 285.3 Downloading structlog-24.4.0-py3-none-any.whl (67 kB)
#17 285.3 Downloading rich-13.9.4-py3-none-any.whl (242 kB)
#17 285.3 Downloading asyncpg-0.31.0-cp312-cp312-manylinux_2_28_x86_64.whl (3.5 MB)
#17 285.4    ━━━━━━━━━━━━━━━━━━━━━━━━━━━━━━━━━━━━━━━━ 3.5/3.5 MB 84.4 MB/s eta 0:00:00
#17 285.4 Downloading aiosqlite-0.22.1-py3-none-any.whl (17 kB)
#17 285.4 Downloading filelock-3.29.0-py3-none-any.whl (39 kB)
#17 285.4 Downloading tenacity-8.5.0-py3-none-any.whl (28 kB)
#17 285.4 Downloading redis-5.3.1-py3-none-any.whl (272 kB)
#17 285.4 Downloading llama_index_core-0.11.23-py3-none-any.whl (1.6 MB)
#17 285.4    ━━━━━━━━━━━━━━━━━━━━━━━━━━━━━━━━━━━━━━━━ 1.6/1.6 MB 75.2 MB/s eta 0:00:00
#17 285.5 Downloading llama_index_readers_file-0.2.2-py3-none-any.whl (38 kB)
#17 285.5 Downloading llama_index_embeddings_openai-0.2.5-py3-none-any.whl (6.1 kB)
#17 285.5 Downloading llama_index_llms_openai-0.2.16-py3-none-any.whl (13 kB)
#17 285.5 Downloading langchain-0.3.30-py3-none-any.whl (1.0 MB)
#17 285.5    ━━━━━━━━━━━━━━━━━━━━━━━━━━━━━━━━━━━━━━━━ 1.0/1.0 MB 88.0 MB/s eta 0:00:00
#17 285.5 Downloading langchain_community-0.3.31-py3-none-any.whl (2.5 MB)
#17 285.5    ━━━━━━━━━━━━━━━━━━━━━━━━━━━━━━━━━━━━━━━━ 2.5/2.5 MB 89.3 MB/s eta 0:00:00
#17 285.5 Downloading chromadb-1.5.9-cp39-abi3-manylinux_2_17_x86_64.manylinux2014_x86_64.whl (23.3 MB)
#17 286.1    ━━━━━━━━━━━━━━━━━━━━━━━━━━━━━━━━━━━━━━━━ 23.3/23.3 MB 39.7 MB/s eta 0:00:00
#17 286.1 Downloading qdrant_client-1.17.1-py3-none-any.whl (389 kB)
#17 286.1 Downloading weaviate_client-4.21.0-py3-none-any.whl (639 kB)
#17 286.2    ━━━━━━━━━━━━━━━━━━━━━━━━━━━━━━━━━━━━━━━━ 639.0/639.0 kB 92.7 MB/s eta 0:00:00
#17 286.2 Downloading opensearch_py-2.8.0-py3-none-any.whl (353 kB)
#17 286.2 Downloading psycopg-3.3.4-py3-none-any.whl (213 kB)
#17 286.2 Downloading pgvector-0.2.5-py2.py3-none-any.whl (9.6 kB)
#17 286.2 Downloading pypandoc-1.17-py3-none-any.whl (23 kB)
#17 286.2 Downloading pdfminer_six-20260107-py3-none-any.whl (6.6 MB)
#17 286.3    ━━━━━━━━━━━━━━━━━━━━━━━━━━━━━━━━━━━━━━━━ 6.6/6.6 MB 86.6 MB/s eta 0:00:00
#17 286.3 Downloading python_docx-1.2.0-py3-none-any.whl (252 kB)
#17 286.3 Downloading openpyxl-3.1.5-py2.py3-none-any.whl (250 kB)
#17 286.3 Downloading beautifulsoup4-4.14.3-py3-none-any.whl (107 kB)
#17 286.3 Downloading markdown_it_py-3.0.0-py3-none-any.whl (87 kB)
#17 286.3 Downloading chardet-5.2.0-py3-none-any.whl (199 kB)
#17 286.3 Downloading python_magic-0.4.27-py2.py3-none-any.whl (13 kB)
#17 286.3 Downloading boto3-1.43.6-py3-none-any.whl (140 kB)
#17 286.3 Downloading webdavclient3-3.14.7-py3-none-any.whl (22 kB)
#17 286.3 Downloading google_api_python_client-2.196.0-py3-none-any.whl (15.2 MB)
#17 286.5    ━━━━━━━━━━━━━━━━━━━━━━━━━━━━━━━━━━━━━━━━ 15.2/15.2 MB 88.2 MB/s eta 0:00:00
#17 286.5 Downloading google_auth-2.52.0-py3-none-any.whl (245 kB)
#17 286.5 Downloading google_auth_oauthlib-1.4.0-py3-none-any.whl (19 kB)
#17 286.5 Downloading requests-2.33.1-py3-none-any.whl (64 kB)
#17 286.5 Downloading aiohttp-3.13.5-cp312-cp312-manylinux2014_x86_64.manylinux_2_17_x86_64.manylinux_2_28_x86_64.whl (1.8 MB)
#17 286.6    ━━━━━━━━━━━━━━━━━━━━━━━━━━━━━━━━━━━━━━━━ 1.8/1.8 MB 86.2 MB/s eta 0:00:00
#17 286.6 Downloading xxhash-3.7.0-cp312-cp312-manylinux2014_x86_64.manylinux_2_17_x86_64.manylinux_2_28_x86_64.whl (193 kB)
#17 286.6 Downloading pytest-8.4.2-py3-none-any.whl (365 kB)
#17 286.6 Downloading pytest_cov-5.0.0-py3-none-any.whl (21 kB)
#17 286.6 Downloading ruff-0.15.12-py3-none-manylinux_2_17_x86_64.manylinux2014_x86_64.whl (11.3 MB)
#17 286.7    ━━━━━━━━━━━━━━━━━━━━━━━━━━━━━━━━━━━━━━━━ 11.3/11.3 MB 88.7 MB/s eta 0:00:00
#17 286.7 Downloading mypy-1.20.2-cp312-cp312-manylinux2014_x86_64.manylinux_2_17_x86_64.manylinux_2_28_x86_64.whl (14.7 MB)
#17 287.1    ━━━━━━━━━━━━━━━━━━━━━━━━━━━━━━━━━━━━━━━━ 14.7/14.7 MB 38.6 MB/s eta 0:00:00
#17 287.1 Downloading psycopg_binary-3.3.4-cp312-cp312-manylinux2014_x86_64.manylinux_2_17_x86_64.whl (5.2 MB)
#17 287.2    ━━━━━━━━━━━━━━━━━━━━━━━━━━━━━━━━━━━━━━━━ 5.2/5.2 MB 87.2 MB/s eta 0:00:00
#17 287.2 Downloading aiohappyeyeballs-2.6.1-py3-none-any.whl (15 kB)
#17 287.2 Downloading aiosignal-1.4.0-py3-none-any.whl (7.5 kB)
#17 287.2 Downloading attrs-26.1.0-py3-none-any.whl (67 kB)
#17 287.2 Downloading bcrypt-5.0.0-cp39-abi3-manylinux_2_34_x86_64.whl (278 kB)
#17 287.2 Downloading botocore-1.43.6-py3-none-any.whl (15.0 MB)
#17 287.4    ━━━━━━━━━━━━━━━━━━━━━━━━━━━━━━━━━━━━━━━━ 15.0/15.0 MB 82.7 MB/s eta 0:00:00
#17 287.4 Downloading build-1.5.0-py3-none-any.whl (26 kB)
#17 287.4 Downloading charset_normalizer-3.4.7-cp312-cp312-manylinux2014_x86_64.manylinux_2_17_x86_64.manylinux_2_28_x86_64.whl (216 kB)
#17 287.4 Downloading click-8.3.3-py3-none-any.whl (110 kB)
#17 287.4 Downloading coverage-7.13.5-cp312-cp312-manylinux1_x86_64.manylinux_2_28_x86_64.manylinux_2_5_x86_64.whl (254 kB)
#17 287.4 Downloading dataclasses_json-0.6.7-py3-none-any.whl (28 kB)
#17 287.5 Downloading deprecated-1.3.1-py2.py3-none-any.whl (11 kB)
#17 287.5 Downloading dirtyjson-1.0.8-py3-none-any.whl (25 kB)
#17 287.5 Downloading ecdsa-0.19.2-py2.py3-none-any.whl (150 kB)
#17 287.5 Downloading filetype-1.2.0-py2.py3-none-any.whl (19 kB)
#17 287.5 Downloading frozenlist-1.8.0-cp312-cp312-manylinux1_x86_64.manylinux_2_28_x86_64.manylinux_2_5_x86_64.whl (242 kB)
#17 287.5 Downloading fsspec-2026.4.0-py3-none-any.whl (203 kB)
#17 287.5 Downloading google_api_core-2.30.3-py3-none-any.whl (173 kB)
#17 287.5 Downloading google_auth_httplib2-0.4.0-py3-none-any.whl (9.5 kB)
#17 287.5 Downloading grpcio-1.78.0-cp312-cp312-manylinux2014_x86_64.manylinux_2_17_x86_64.whl (6.7 MB)
#17 287.6    ━━━━━━━━━━━━━━━━━━━━━━━━━━━━━━━━━━━━━━━━ 6.7/6.7 MB 76.5 MB/s eta 0:00:00
#17 287.6 Downloading httplib2-0.31.2-py3-none-any.whl (91 kB)
#17 287.6 Downloading httptools-0.7.1-cp312-cp312-manylinux1_x86_64.manylinux_2_28_x86_64.manylinux_2_5_x86_64.whl (517 kB)
#17 287.6 Downloading httpx_sse-0.4.3-py3-none-any.whl (9.0 kB)
#17 287.6 Downloading iniconfig-2.3.0-py3-none-any.whl (7.5 kB)
#17 287.6 Downloading isodate-0.7.2-py3-none-any.whl (22 kB)
#17 287.7 Downloading jmespath-1.1.0-py3-none-any.whl (20 kB)
#17 287.7 Downloading joserfc-1.6.5-py3-none-any.whl (70 kB)
#17 287.7 Downloading jsonschema-4.26.0-py3-none-any.whl (90 kB)
#17 287.7 Downloading kubernetes-35.0.0-py2.py3-none-any.whl (2.0 MB)
#17 287.7    ━━━━━━━━━━━━━━━━━━━━━━━━━━━━━━━━━━━━━━━━ 2.0/2.0 MB 69.7 MB/s eta 0:00:00
#17 287.7 Downloading langchain_core-0.3.86-py3-none-any.whl (461 kB)
#17 287.7 Downloading langchain_text_splitters-0.3.11-py3-none-any.whl (33 kB)
#17 287.7 Downloading langsmith-0.8.3-py3-none-any.whl (399 kB)
#17 287.7 Downloading librt-0.10.0-cp312-cp312-manylinux2014_x86_64.manylinux_2_17_x86_64.manylinux_2_28_x86_64.whl (263 kB)
#17 287.8 Downloading mdurl-0.1.2-py3-none-any.whl (10.0 kB)
#17 287.8 Downloading mmh3-5.2.1-cp312-cp312-manylinux1_x86_64.manylinux_2_28_x86_64.manylinux_2_5_x86_64.whl (103 kB)
#17 287.8 Downloading multidict-6.7.1-cp312-cp312-manylinux2014_x86_64.manylinux_2_17_x86_64.manylinux_2_28_x86_64.whl (256 kB)
#17 287.8 Downloading mypy_extensions-1.1.0-py3-none-any.whl (5.0 kB)
#17 287.8 Downloading nest_asyncio-1.6.0-py3-none-any.whl (5.2 kB)
#17 287.8 Downloading networkx-3.6.1-py3-none-any.whl (2.1 MB)
#17 287.8    ━━━━━━━━━━━━━━━━━━━━━━━━━━━━━━━━━━━━━━━━ 2.1/2.1 MB 85.3 MB/s eta 0:00:00
#17 287.8 Downloading nltk-3.9.4-py3-none-any.whl (1.6 MB)
#17 287.8    ━━━━━━━━━━━━━━━━━━━━━━━━━━━━━━━━━━━━━━━━ 1.6/1.6 MB 88.7 MB/s eta 0:00:00
#17 287.9 Downloading numpy-1.26.4-cp312-cp312-manylinux_2_17_x86_64.manylinux2014_x86_64.whl (18.0 MB)
#17 288.1    ━━━━━━━━━━━━━━━━━━━━━━━━━━━━━━━━━━━━━━━━ 18.0/18.0 MB 87.0 MB/s eta 0:00:00
#17 288.1 Downloading onnxruntime-1.26.0-cp312-cp312-manylinux_2_27_x86_64.manylinux_2_28_x86_64.whl (18.2 MB)
#17 288.3    ━━━━━━━━━━━━━━━━━━━━━━━━━━━━━━━━━━━━━━━━ 18.2/18.2 MB 85.6 MB/s eta 0:00:00
#17 288.3 Downloading openai-1.109.1-py3-none-any.whl (948 kB)
#17 288.3    ━━━━━━━━━━━━━━━━━━━━━━━━━━━━━━━━━━━━━━━━ 948.6/948.6 kB 90.3 MB/s eta 0:00:00
#17 288.3 Downloading opentelemetry_api-1.41.1-py3-none-any.whl (69 kB)
#17 288.3 Downloading opentelemetry_exporter_otlp_proto_grpc-1.41.1-py3-none-any.whl (20 kB)
#17 288.3 Downloading opentelemetry_exporter_otlp_proto_common-1.41.1-py3-none-any.whl (18 kB)
#17 288.3 Downloading opentelemetry_proto-1.41.1-py3-none-any.whl (72 kB)
#17 288.3 Downloading opentelemetry_sdk-1.41.1-py3-none-any.whl (180 kB)
#17 288.3 Downloading opentelemetry_semantic_conventions-0.62b1-py3-none-any.whl (231 kB)
#17 288.4 Downloading orjson-3.11.9-cp312-cp312-manylinux_2_17_x86_64.manylinux2014_x86_64.whl (134 kB)
#17 288.4 Downloading overrides-7.7.0-py3-none-any.whl (17 kB)
#17 288.4 Downloading packaging-25.0-py3-none-any.whl (66 kB)
#17 288.4 Downloading pathspec-1.1.1-py3-none-any.whl (57 kB)
#17 288.4 Downloading pillow-12.2.0-cp312-cp312-manylinux_2_27_x86_64.manylinux_2_28_x86_64.whl (7.1 MB)
#17 288.5    ━━━━━━━━━━━━━━━━━━━━━━━━━━━━━━━━━━━━━━━━ 7.1/7.1 MB 86.1 MB/s eta 0:00:00
#17 288.5 Downloading pluggy-1.6.0-py3-none-any.whl (20 kB)
#17 288.5 Downloading portalocker-3.2.0-py3-none-any.whl (22 kB)
#17 288.5 Downloading propcache-0.5.2-cp312-cp312-manylinux2014_x86_64.manylinux_2_17_x86_64.manylinux_2_28_x86_64.whl (61 kB)
#17 288.5 Downloading protobuf-6.33.6-cp39-abi3-manylinux2014_x86_64.whl (323 kB)
#17 288.5 Downloading pyasn1-0.6.3-py3-none-any.whl (83 kB)
#17 288.5 Downloading pyasn1_modules-0.4.2-py3-none-any.whl (181 kB)
#17 288.5 Downloading pybase64-1.4.3-cp312-cp312-manylinux1_x86_64.manylinux2014_x86_64.manylinux_2_17_x86_64.manylinux_2_5_x86_64.whl (71 kB)
#17 288.5 Downloading pygments-2.20.0-py3-none-any.whl (1.2 MB)
#17 288.5    ━━━━━━━━━━━━━━━━━━━━━━━━━━━━━━━━━━━━━━━━ 1.2/1.2 MB 73.9 MB/s eta 0:00:00
#17 288.6 Downloading pypdf-4.3.1-py3-none-any.whl (295 kB)
#17 288.6 Downloading pypika-0.51.1-py2.py3-none-any.whl (60 kB)
#17 288.6 Downloading python_dateutil-2.9.0.post0-py2.py3-none-any.whl (229 kB)
#17 288.6 Downloading requests_oauthlib-2.0.0-py2.py3-none-any.whl (24 kB)
#17 288.6 Downloading rsa-4.9.1-py3-none-any.whl (34 kB)
#17 288.6 Downloading s3transfer-0.17.0-py3-none-any.whl (86 kB)
#17 288.6 Downloading simpleeval-1.0.7-py3-none-any.whl (18 kB)
#17 288.6 Downloading soupsieve-2.8.3-py3-none-any.whl (37 kB)
#17 288.6 Downloading striprtf-0.0.26-py3-none-any.whl (6.9 kB)
#17 288.6 Downloading tiktoken-0.12.0-cp312-cp312-manylinux_2_28_x86_64.whl (1.2 MB)
#17 288.6    ━━━━━━━━━━━━━━━━━━━━━━━━━━━━━━━━━━━━━━━━ 1.2/1.2 MB 88.9 MB/s eta 0:00:00
#17 288.6 Downloading tokenizers-0.23.1-cp310-abi3-manylinux_2_17_x86_64.manylinux2014_x86_64.whl (3.3 MB)
#17 288.7    ━━━━━━━━━━━━━━━━━━━━━━━━━━━━━━━━━━━━━━━━ 3.3/3.3 MB 97.6 MB/s eta 0:00:00
#17 288.7 Downloading tqdm-4.67.3-py3-none-any.whl (78 kB)
#17 288.7 Downloading typer-0.25.1-py3-none-any.whl (58 kB)
#17 288.7 Downloading typing_inspect-0.9.0-py3-none-any.whl (8.8 kB)
#17 288.7 Downloading uritemplate-4.2.0-py3-none-any.whl (11 kB)
#17 288.7 Downloading urllib3-2.7.0-py3-none-any.whl (131 kB)
#17 288.7 Downloading uvloop-0.22.1-cp312-cp312-manylinux2014_x86_64.manylinux_2_17_x86_64.manylinux_2_28_x86_64.whl (4.4 MB)
#17 288.8    ━━━━━━━━━━━━━━━━━━━━━━━━━━━━━━━━━━━━━━━━ 4.4/4.4 MB 88.1 MB/s eta 0:00:00
#17 288.8 Downloading validators-0.35.0-py3-none-any.whl (44 kB)
#17 288.8 Downloading watchfiles-1.1.1-cp312-cp312-manylinux_2_17_x86_64.manylinux2014_x86_64.whl (456 kB)
#17 288.8 Downloading wrapt-2.1.2-cp312-cp312-manylinux1_x86_64.manylinux_2_28_x86_64.manylinux_2_5_x86_64.whl (121 kB)
#17 288.8 Downloading yarl-1.23.0-cp312-cp312-manylinux2014_x86_64.manylinux_2_17_x86_64.manylinux_2_28_x86_64.whl (100 kB)
#17 288.8 Downloading et_xmlfile-2.0.0-py3-none-any.whl (18 kB)
#17 288.8 Downloading Events-0.5-py3-none-any.whl (6.8 kB)
#17 288.8 Downloading importlib_resources-7.1.0-py3-none-any.whl (37 kB)
#17 288.8 Downloading pandas-3.0.2-cp312-cp312-manylinux_2_24_x86_64.manylinux_2_28_x86_64.whl (10.9 MB)
#17 289.0    ━━━━━━━━━━━━━━━━━━━━━━━━━━━━━━━━━━━━━━━━ 10.9/10.9 MB 89.7 MB/s eta 0:00:00
#17 289.0 Downloading distro-1.9.0-py3-none-any.whl (20 kB)
#17 289.0 Downloading durationpy-0.10-py3-none-any.whl (3.9 kB)
#17 289.0 Downloading googleapis_common_protos-1.75.0-py3-none-any.whl (300 kB)
#17 289.0 Downloading h2-4.3.0-py3-none-any.whl (61 kB)
#17 289.0 Downloading huggingface_hub-1.14.0-py3-none-any.whl (661 kB)
#17 289.0    ━━━━━━━━━━━━━━━━━━━━━━━━━━━━━━━━━━━━━━━ 661.5/661.5 kB 272.6 MB/s eta 0:00:00
#17 289.0 Downloading importlib_metadata-8.7.1-py3-none-any.whl (27 kB)
#17 289.0 Downloading jiter-0.14.0-cp312-cp312-manylinux_2_17_x86_64.manylinux2014_x86_64.whl (353 kB)
#17 289.0 Downloading jsonpatch-1.33-py2.py3-none-any.whl (12 kB)
#17 289.0 Downloading jsonschema_specifications-2025.9.1-py3-none-any.whl (18 kB)
#17 289.0 Downloading marshmallow-3.26.2-py3-none-any.whl (50 kB)
#17 289.1 Downloading oauthlib-3.3.1-py3-none-any.whl (160 kB)
#17 289.1 Downloading proto_plus-1.28.0-py3-none-any.whl (50 kB)
#17 289.1 Downloading pyparsing-3.3.2-py3-none-any.whl (122 kB)
#17 289.1 Downloading referencing-0.37.0-py3-none-any.whl (26 kB)
#17 289.1 Downloading regex-2026.4.4-cp312-cp312-manylinux2014_x86_64.manylinux_2_17_x86_64.manylinux_2_28_x86_64.whl (801 kB)
#17 289.1    ━━━━━━━━━━━━━━━━━━━━━━━━━━━━━━━━━━━━━━━━ 801.1/801.1 kB 60.3 MB/s eta 0:00:00
#17 289.1 Downloading requests_toolbelt-1.0.0-py2.py3-none-any.whl (54 kB)
#17 289.1 Downloading rpds_py-0.30.0-cp312-cp312-manylinux_2_17_x86_64.manylinux2014_x86_64.whl (394 kB)
#17 289.1 Downloading shellingham-1.5.4-py2.py3-none-any.whl (9.8 kB)
#17 289.1 Downloading six-1.17.0-py2.py3-none-any.whl (11 kB)
#17 289.1 Downloading uuid_utils-0.14.1-cp39-abi3-manylinux_2_17_x86_64.manylinux2014_x86_64.whl (345 kB)
#17 289.1 Downloading websocket_client-1.9.0-py3-none-any.whl (82 kB)
#17 289.1 Downloading zstandard-0.25.0-cp312-cp312-manylinux2014_x86_64.manylinux_2_17_x86_64.whl (5.5 MB)
#17 289.2    ━━━━━━━━━━━━━━━━━━━━━━━━━━━━━━━━━━━━━━━━ 5.5/5.5 MB 84.7 MB/s eta 0:00:00
#17 289.2 Downloading flatbuffers-25.12.19-py2.py3-none-any.whl (26 kB)
#17 289.2 Downloading joblib-1.5.3-py3-none-any.whl (309 kB)
#17 289.2 Downloading pyproject_hooks-1.2.0-py3-none-any.whl (10 kB)
#17 289.2 Downloading sniffio-1.3.1-py3-none-any.whl (10 kB)
#17 289.3 Downloading hf_xet-1.5.0-cp37-abi3-manylinux2014_x86_64.manylinux_2_17_x86_64.whl (4.5 MB)
#17 289.3    ━━━━━━━━━━━━━━━━━━━━━━━━━━━━━━━━━━━━━━━━ 4.5/4.5 MB 89.5 MB/s eta 0:00:00
#17 289.3 Downloading hpack-4.1.0-py3-none-any.whl (34 kB)
#17 289.3 Downloading hyperframe-6.1.0-py3-none-any.whl (13 kB)
#17 289.3 Downloading jsonpointer-3.1.1-py3-none-any.whl (7.7 kB)
#17 289.3 Downloading zipp-3.23.1-py3-none-any.whl (10 kB)
#17 290.4 Building wheels for collected packages: lxml, xmlsec
#17 290.4   Building wheel for lxml (pyproject.toml): started
#17 439.5   Building wheel for lxml (pyproject.toml): still running...
#17 506.9   Building wheel for lxml (pyproject.toml): still running...
#17 509.0   Building wheel for lxml (pyproject.toml): finished with status 'done'
#17 509.0   Created wheel for lxml: filename=lxml-5.2.2-cp312-cp312-linux_x86_64.whl size=9059866 sha256=7521da461aa67995d1593a475dfbd17b96ed5fe0c8d1afd8fd9e617eef754c2f
#17 509.0   Stored in directory: /tmp/pip-ephem-wheel-cache-myim3kuq/wheels/27/f3/a0/adb4bbcfc97f541c155dcab669b42193b16e91773c957b36d4
#17 509.0   Building wheel for xmlsec (pyproject.toml): started
#17 513.4   Building wheel for xmlsec (pyproject.toml): finished with status 'done'
#17 513.4   Created wheel for xmlsec: filename=xmlsec-1.3.17-cp312-cp312-linux_x86_64.whl size=166271 sha256=f82ca9401f191dbfa1ac88ffefd66a7c439836e8aa1c6db133dcdd58512865f1
#17 513.4   Stored in directory: /tmp/pip-ephem-wheel-cache-myim3kuq/wheels/c3/ee/f3/c15a7cb212ed70cc8359a4d3aec695940053df2011f8df3939
#17 513.4 Successfully built lxml xmlsec
#17 514.0 Installing collected packages: striprtf, pypika, passlib, flatbuffers, filetype, Events, durationpy, dirtyjson, zstandard, zipp, xxhash, wrapt, websockets, websocket-client, validators, uvloop, uuid-utils, urllib3, uritemplate, tqdm, tenacity, structlog, soupsieve, sniffio, six, simpleeval, shellingham, ruff, ruamel.yaml, rpds-py, regex, redis, python-multipart, python-magic, python-dotenv, pyproject_hooks, pypdf, pyparsing, pypandoc, pygments, pybase64, pyasn1, psycopg-binary, psycopg, protobuf, propcache, portalocker, pluggy, pillow, pathspec, packaging, overrides, orjson, oauthlib, numpy, networkx, nest-asyncio, mypy_extensions, multidict, mmh3, mdurl, lxml, librt, jsonpointer, joblib, jmespath, jiter, isodate, iniconfig, importlib-resources, hyperframe, httpx-sse, httptools, hpack, hf-xet, grpcio, fsspec, frozenlist, filelock, et-xmlfile, distro, coverage, click, charset-normalizer, chardet, bcrypt, attrs, asyncpg, aiosqlite, aiohappyeyeballs, yarl, xmlsec, watchfiles, uvicorn, typing-inspect, sse-starlette, rsa, requests, referencing, python-docx, python-dateutil, pytest, pyasn1-modules, proto-plus, pgvector, opentelemetry-proto, openpyxl, onnxruntime, nltk, mypy, marshmallow, markdown-it-py, ldap3, jsonpatch, importlib-metadata, httplib2, h2, googleapis-common-protos, ecdsa, deprecated, casbin, build, beautifulsoup4, aiosignal, webdavclient3, tiktoken, rich, requests-toolbelt, requests-oauthlib, python3-saml, python-jose, pytest-cov, pydantic-settings, pdfminer.six, pandas, opentelemetry-exporter-otlp-proto-common, opentelemetry-api, opensearch-py, openai, jsonschema-specifications, joserfc, google-auth, dataclasses-json, botocore, aiohttp, typer, s3transfer, qdrant-client, opentelemetry-semantic-conventions, llama-index-core, langsmith, kubernetes, jsonschema, google-auth-oauthlib, google-auth-httplib2, google-api-core, authlib, weaviate-client, opentelemetry-sdk, llama-index-readers-file, llama-index-llms-openai, llama-index-embeddings-openai, langchain-core, huggingface-hub, google-api-python-client, boto3, tokenizers, opentelemetry-exporter-otlp-proto-grpc, langchain-text-splitters, langchain, chromadb, langchain-community
#17 516.4   Attempting uninstall: redis
#17 516.4     Found existing installation: redis 7.4.0
#17 516.5     Uninstalling redis-7.4.0:
#17 516.6       Successfully uninstalled redis-7.4.0
#17 517.0   Attempting uninstall: pypdf
#17 517.0     Found existing installation: pypdf 6.11.0
#17 517.0     Uninstalling pypdf-6.11.0:
#17 517.1       Successfully uninstalled pypdf-6.11.0
#17 562.7 Successfully installed Events-0.5 aiohappyeyeballs-2.6.1 aiohttp-3.13.5 aiosignal-1.4.0 aiosqlite-0.22.1 asyncpg-0.31.0 attrs-26.1.0 authlib-1.7.2 bcrypt-5.0.0 beautifulsoup4-4.14.3 boto3-1.43.6 botocore-1.43.6 build-1.5.0 casbin-1.43.0 chardet-5.2.0 charset-normalizer-3.4.7 chromadb-1.5.9 click-8.3.3 coverage-7.13.5 dataclasses-json-0.6.7 deprecated-1.3.1 dirtyjson-1.0.8 distro-1.9.0 durationpy-0.10 ecdsa-0.19.2 et-xmlfile-2.0.0 filelock-3.29.0 filetype-1.2.0 flatbuffers-25.12.19 frozenlist-1.8.0 fsspec-2026.4.0 google-api-core-2.30.3 google-api-python-client-2.196.0 google-auth-2.52.0 google-auth-httplib2-0.4.0 google-auth-oauthlib-1.4.0 googleapis-common-protos-1.75.0 grpcio-1.78.0 h2-4.3.0 hf-xet-1.5.0 hpack-4.1.0 httplib2-0.31.2 httptools-0.7.1 httpx-sse-0.4.3 huggingface-hub-1.14.0 hyperframe-6.1.0 importlib-metadata-8.7.1 importlib-resources-7.1.0 iniconfig-2.3.0 isodate-0.7.2 jiter-0.14.0 jmespath-1.1.0 joblib-1.5.3 joserfc-1.6.5 jsonpatch-1.33 jsonpointer-3.1.1 jsonschema-4.26.0 jsonschema-specifications-2025.9.1 kubernetes-35.0.0 langchain-0.3.30 langchain-community-0.3.31 langchain-core-0.3.86 langchain-text-splitters-0.3.11 langsmith-0.8.3 ldap3-2.9.1 librt-0.10.0 llama-index-core-0.11.23 llama-index-embeddings-openai-0.2.5 llama-index-llms-openai-0.2.16 llama-index-readers-file-0.2.2 lxml-5.2.2 markdown-it-py-3.0.0 marshmallow-3.26.2 mdurl-0.1.2 mmh3-5.2.1 multidict-6.7.1 mypy-1.20.2 mypy_extensions-1.1.0 nest-asyncio-1.6.0 networkx-3.6.1 nltk-3.9.4 numpy-1.26.4 oauthlib-3.3.1 onnxruntime-1.26.0 openai-1.109.1 openpyxl-3.1.5 opensearch-py-2.8.0 opentelemetry-api-1.41.1 opentelemetry-exporter-otlp-proto-common-1.41.1 opentelemetry-exporter-otlp-proto-grpc-1.41.1 opentelemetry-proto-1.41.1 opentelemetry-sdk-1.41.1 opentelemetry-semantic-conventions-0.62b1 orjson-3.11.9 overrides-7.7.0 packaging-25.0 pandas-3.0.2 passlib-1.7.4 pathspec-1.1.1 pdfminer.six-20260107 pgvector-0.2.5 pillow-12.2.0 pluggy-1.6.0 portalocker-3.2.0 propcache-0.5.2 proto-plus-1.28.0 protobuf-6.33.6 psycopg-3.3.4 psycopg-binary-3.3.4 pyasn1-0.6.3 pyasn1-modules-0.4.2 pybase64-1.4.3 pydantic-settings-2.14.1 pygments-2.20.0 pypandoc-1.17 pyparsing-3.3.2 pypdf-4.3.1 pypika-0.51.1 pyproject_hooks-1.2.0 pytest-8.4.2 pytest-cov-5.0.0 python-dateutil-2.9.0.post0 python-docx-1.2.0 python-dotenv-1.2.2 python-jose-3.5.0 python-magic-0.4.27 python-multipart-0.0.27 python3-saml-1.16.0 qdrant-client-1.17.1 redis-5.3.1 referencing-0.37.0 regex-2026.4.4 requests-2.33.1 requests-oauthlib-2.0.0 requests-toolbelt-1.0.0 rich-13.9.4 rpds-py-0.30.0 rsa-4.9.1 ruamel.yaml-0.19.1 ruff-0.15.12 s3transfer-0.17.0 shellingham-1.5.4 simpleeval-1.0.7 six-1.17.0 sniffio-1.3.1 soupsieve-2.8.3 sse-starlette-2.4.1 striprtf-0.0.26 structlog-24.4.0 tenacity-8.5.0 tiktoken-0.12.0 tokenizers-0.23.1 tqdm-4.67.3 typer-0.25.1 typing-inspect-0.9.0 uritemplate-4.2.0 urllib3-2.7.0 uuid-utils-0.14.1 uvicorn-0.46.0 uvloop-0.22.1 validators-0.35.0 watchfiles-1.1.1 weaviate-client-4.21.0 webdavclient3-3.14.7 websocket-client-1.9.0 websockets-12.0 wrapt-2.1.2 xmlsec-1.3.17 xxhash-3.7.0 yarl-1.23.0 zipp-3.23.1 zstandard-0.25.0
#17 562.7 WARNING: Running pip as the 'root' user can result in broken permissions and conflicting behaviour with the system package manager, possibly rendering your system unusable. It is recommended to use a virtual environment instead: https://pip.pypa.io/warnings/venv. Use the --root-user-action option if you know what you are doing and want to suppress this warning.
#17 562.9
#17 562.9 [notice] A new release of pip is available: 25.0.1 -> 26.1.1
#17 562.9 [notice] To update, run: pip install --upgrade pip
#17 DONE 566.4s

#18 [builder 10/10] RUN --mount=type=secret,id=pip_conf,target=/etc/pip.conf     pip install --no-cache-dir       --no-deps       --trusted-host pypi.cloud-dog.net       --trusted-host files.pythonhosted.org       .
#18 0.782 Looking in indexes: https://pypi.org/simple, https://admin:****@pypi.cloud-dog.net/simple/
#18 0.783 Processing /app
#18 0.787   Installing build dependencies: started
#18 3.265   Installing build dependencies: finished with status 'done'
#18 3.267   Getting requirements to build wheel: started
#18 3.429   Getting requirements to build wheel: finished with status 'done'
#18 3.431   Preparing metadata (pyproject.toml): started
#18 3.685   Preparing metadata (pyproject.toml): finished with status 'done'
#18 3.705 Building wheels for collected packages: index-retriever-mcp-server
#18 3.706   Building wheel for index-retriever-mcp-server (pyproject.toml): started
#18 3.761   Building wheel for index-retriever-mcp-server (pyproject.toml): finished with status 'done'
#18 3.763   Created wheel for index-retriever-mcp-server: filename=index_retriever_mcp_server-0.1.3rc1-py3-none-any.whl size=141643 sha256=6d04efb263ef54b1cfad6c3730f6499e3eb0ccd63e19f873cad4ee10e83d44ca
#18 3.763   Stored in directory: /tmp/pip-ephem-wheel-cache-xxhv7nzx/wheels/54/1b/b7/aa63e25c8f14f4f2ae7b04e6097bdecb770e455c5c1ee0a600
#18 3.769 Successfully built index-retriever-mcp-server
#18 3.769 Installing collected packages: index-retriever-mcp-server
#18 4.011 Successfully installed index-retriever-mcp-server-0.1.3rc1
#18 4.011 WARNING: Running pip as the 'root' user can result in broken permissions and conflicting behaviour with the system package manager, possibly rendering your system unusable. It is recommended to use a virtual environment instead: https://pip.pypa.io/warnings/venv. Use the --root-user-action option if you know what you are doing and want to suppress this warning.
#18 4.261
#18 4.261 [notice] A new release of pip is available: 25.0.1 -> 26.1.1
#18 4.261 [notice] To update, run: pip install --upgrade pip
#18 DONE 4.4s

#19 [stage-1  5/14] COPY --from=builder /usr/local/lib/python3.12/site-packages /usr/local/lib/python3.12/site-packages
#19 DONE 10.2s

#20 [stage-1  6/14] COPY --from=builder /usr/local/bin /usr/local/bin
#20 DONE 0.2s

#21 [stage-1  7/14] COPY REQUIREMENTS.txt pyproject.toml README.md ./
#21 DONE 0.1s

#22 [stage-1  8/14] COPY src/ ./src/
#22 DONE 0.1s

#23 [stage-1  9/14] COPY ui/ ./ui/
#23 DONE 0.1s

#24 [stage-1 10/14] COPY database/ ./database/
#24 DONE 0.1s

#25 [stage-1 11/14] COPY defaults.yaml server_control.sh docker-entrypoint.sh healthcheck.sh ./
#25 DONE 0.1s

#26 [stage-1 12/14] COPY config/ ./config/
#26 DONE 0.1s

#27 [stage-1 13/14] RUN mkdir -p /app/logs /app/data /app/.pids /app/certs &&     chmod +x /app/docker-entrypoint.sh /app/healthcheck.sh /app/server_control.sh
#27 DONE 0.2s

#28 [stage-1 14/14] RUN useradd --system --create-home --uid 10001 appuser &&     chown -R appuser:appuser /app
#28 0.188 useradd warning: appuser's uid 10001 is greater than SYS_UID_MAX 999
#28 DONE 0.9s

#29 exporting to image
#29 exporting layers
#29 exporting layers 12.2s done
#29 writing image sha256:4f44a1e8649045dc80c38a64c2796bf276d0c2fd02c9aedad70128bb97b7fcf1 0.0s done
#29 naming to docker.io/cloud-dog/index-retriever-mcp-server:w28a-101a-python312 0.0s done
#29 DONE 12.3s
Build OK: cloud-dog/index-retriever-mcp-server:w28a-101a-python312
Tagged: registry.cloud-dog.net:443/cloud-dog/index-retriever-mcp-server:w28a-101a-python312
